	DRR041531	DRR041538	DRR041557	DRR041563	DRR041586	SRR10264719	SRR10264720	SRR10264721	SRR10264722	SRR10264489	SRR10264490	SRR10264491	SRR10264492	SRR8858261	SRR8858262	SRR8858263	SRR8858264	SRR8858265	SRR8858266	SRR8858267	SRR8858268	SRR1044425	SRR1044427	SRR1044429	SRR1044431	SRR1044433	SRR1044434	DRR041463	DRR041468	DRR041613	DRR041352	SRR10264389	SRR10264390	SRR10264391	SRR10264392	SRR10264369	SRR10264370	SRR10264371	SRR10264372	SRR10264628	SRR10264629	SRR10264630	SRR10264631	SRR10264129	SRR10264130	SRR10264131	SRR10264132	SRR10264237	SRR10264238	SRR10264239	SRR10264240	SRR10264269	SRR10264270	SRR10264271	SRR10264272	SRR10264980	SRR10264981	SRR10264982	SRR10264983	SRR10263632	SRR10263633	SRR10263634	SRR10263635	SRR10263548	SRR10263549	SRR10263550	SRR10263551	SRR10263656	SRR10263657	SRR10263658	SRR10263659	Elephant_Blood	Sample1_muscle	Sample1i_muscle	Tumat_Cartilage	Tumat_Liver	Tumat_Muscle	Wolf_Skin1	Wolf_Skin2	Thy_Muscle	Thy_Skin
Let-7-P1b	11.583271140009	12.0141980584617	12.6196539634402	11.8397748408369	12.0664183545812	9.80221735544028	9.76123742676278	9.8064328958293	9.67168786507362	12.4835892161366	12.4655457591915	12.5832637026903	12.5148221576445	13.8554894677901	12.7922661405821	13.1462377290899	13.0842005323967	13.7141651675767	13.2180424429075	13.8874735637532	14.3057530076028	9.65232552563481	9.84225726288262	7.79993468599502	8.22478352451166	9.54053891397665	10.5310360005077	11.6582943833919	12.0527359838764	12.1391670306616	11.6618225197895	11.6358057230145	11.6695521132635	11.3769297778875	11.5775008531677	10.1171883558959	10.0274120192202	10.1884546557783	9.82261318749585	11.5027608241373	11.5532391779786	11.433731182288	11.4415103005354	11.037973137136	11.1726325724541	11.0936821520732	11.1534821172841	10.8456047114318	10.7803606496643	10.7011776198848	10.7846038972397	10.693031446284	10.6245866207137	10.7090414757762	10.5369523210683	10.6553189635247	10.6566374571785	10.7170873499621	10.5842185199273	10.8856855864991	10.8722531544125	10.8034537280626	10.9275353076383	10.7362715634848	10.7990430191904	10.7406059861366	10.6502059752704	10.9382877228077	10.8348268498888	10.8680388533708	10.8086953628104	7.1767128667445	0	0	0	0	0	6.08943441674269	0	0	0
Let-7-P1c	12.3003228388371	11.4735216362733	10.0381600205157	12.2531897784472	11.1879744932596	11.9359799087395	11.8623625533287	11.9334972929093	11.909833555224	13.4902772958917	13.452671441054	13.5974287261252	13.5277967179888	14.5451861011024	13.4312274265033	13.7831494953895	13.5651132603263	14.4336403213257	13.1726694126024	14.2485962545998	14.752338233447	9.34319170984765	8.99985737811809	8.27149350102005	8.08421355022364	7.70151734489014	8.46876945405288	9.16800680485361	10.3173214383925	8.90359897937908	8.25108281709254	12.8173968239586	12.8777509559865	12.5209698317887	12.78752226108	13.0338527446903	12.7536215223425	12.9779758079308	12.7560626177031	14.0834327081186	14.1131617441578	13.9631187271345	13.9814339206889	12.7779045292083	12.7722104215254	12.6933508220598	12.7815176907519	9.01819798202102	9.12368561390837	9.04998368995575	8.98050504277177	11.3687198671798	11.414817669748	11.4424177940696	11.2111327164779	10.8881763322624	10.8464781670249	10.895462921035	10.9471191077634	11.0057490354527	11.1094882744705	10.8803871022356	10.9672827259425	10.5926723055744	10.381714353726	10.3943844222015	10.3214265774767	10.8254179493871	10.648471150656	10.8044642606163	10.775923917866	16.0164812957199	0	0	0	0	0	9.24040241032892	9.2324787240484	9.53414875124716	12.3599992658548
Let-7-P1d	6.35911676422781	16.3770743264831	15.961880477896	6.85795420240047	7.21085445350098	12.8785543477254	15.8125289882768	16.0499091301203	12.8333163482067	13.1540643049635	12.3833435062486	5.23708835907929	9.05171795862474	10.1186690858665	10.2497134652768	16.8339275672812	14.3734445238532	10.9541580543784	14.1267843055433	16.992594897248	19.4850941394369	14.948083901251	14.7444789640896	0	11.1319592600169	3.56553966480009	14.7020755468814	7.80830900939365	4.79910842918395	15.0438248852056	15.3186033205473	7.3160799184219	11.3816841958888	15.4030243784221	6.76301046590723	12.4268044440657	15.0790595955926	13.3479853950002	7.01572533154068	16.0712868456789	13.8420999744334	11.8824514925499	9.94200592238833	7.20886315772027	13.4774589877421	12.0053838811966	7.54587989226507	11.8122344772451	11.7897954459743	10.6857568971441	14.3925292420109	10.2027790016007	14.0473108565193	15.8549143670618	10.1999257030378	9.83109558540567	9.76409902715673	9.69402712779742	14.9925041114052	4.77808365757389	12.8921662490415	7.61107785394625	6.94347250794345	6.54894891380218	12.8772761588353	13.0412911574345	12.8396025581426	13.0618807296456	13.3180021518254	4.83612118201228	15.1103574509643	16.5653333028273	10.4820417716071	0	0	0	0	11.0687619817694	9.38424195761421	12.6479036104366	14.0422386290366
Let-7-P2a1	16.4175980790862	13.1993784752937	13.0954275665003	16.9074949451808	13.9966369898509	15.8797379033934	7.71092495485687	7.9155060416684	12.4964640430817	7.46292850272825	9.3409582010162	12.625008337151	16.0650157384899	15.6152150186036	16.4836743436867	18.4928785912443	13.2045188712652	19.0939708641733	16.3272619290777	18.8140827964729	17.3463852068589	13.398014058193	11.1416774331082	14.0688411385587	12.9137223968075	12.7131465940764	13.2434068481807	10.866134347245	15.7519268937839	9.87851830685949	11.8259632541207	11.2978776665345	12.8887386022978	5.72577402473533	11.2649407972174	15.2552932279666	13.1705995684052	7.71367496696585	15.2200769969543	10.4166306632838	16.1274444058131	13.7524038849296	16.0448034859227	15.9114022565975	6.55401247048568	13.3925472199626	15.9200204042433	7.57194683313296	6.61941449817686	14.1288752513514	6.70050256652791	13.6984229730421	15.7625505853837	6.92883395247445	8.36572919627182	13.0054009889097	10.8585556996869	15.4003409715808	9.89403836214539	13.2646422765364	6.84433574385768	14.6513408436845	12.8850781631648	5.5339109366115	15.0447469746354	7.47380177262122	14.9964070056956	15.0595592365817	8.06460179615627	13.3347065944535	12.926667289077	16.617686855059	11.4815373293292	12.0517355690813	0	0	0	11.3165834407903	9.15015763927684	12.4710551684342	14.2635828398759
Let-7-P2a2	13.1976374620198	11.9759006322145	9.52516872684055	13.1059129557919	15.9804764335742	12.5040954465608	13.5843560957442	13.0307060068767	15.8316793814009	15.985830314113	16.0260608451724	16.1537194986286	12.4726658832543	19.2459460795477	18.1015524223724	14.0027245489836	18.6144626067174	11.1931454324214	18.2842703805335	15.304780068684	14.122380720099	8.64040800243938	12.9337658645652	6.58152056164475	13.5179407564354	13.4432042415828	8.03307862752289	15.3088426644314	11.8517605365004	11.1426388633494	5.87875150837616	15.6128848926015	15.4357769409468	7.68895861444176	15.5607819659372	12.2880207913499	6.32732049672277	15.2701724195675	12.1703115503814	14.1095881514903	11.7538427734358	15.9411292009576	13.7747756955854	13.4770426182058	15.916460780816	15.756060388196	13.6036708203889	14.2683813823064	14.2047318313179	10.792794098204	7.08425811831349	15.9643903163646	10.1332445930447	14.2341300560374	16.0873874301733	15.0787811388056	15.3368031393593	7.60619577858608	13.2839873899575	14.6787719472672	14.7668903646871	12.7593343677157	14.7149686243987	15.3492506701295	6.84276626514734	14.975224612005	5.99797187215187	11.2232050224845	14.9735375091578	15.1099679938263	9.41322625217901	16.5491694732911	11.8033645145919	12.466688112483	0	0	0	11.1561853134597	9.64691649884006	12.1954742205747	14.1470750008781
Let-7-P2a3	14.9845261294171	12.343141898948	15.1701858043048	9.78328609592152	15.3545542727736	14.0323433076542	16.5914467321006	16.5743855469032	13.9562254324111	15.9509690176447	15.9221110134902	13.6459964959655	15.945618161694	19.1525801515546	18.8273867917902	17.5286449047209	17.285397559496	15.8502762391155	15.5779085458167	15.7899835007842	16.2939317800825	14.7821471507639	14.4705264503933	13.2904150071757	13.4202677376975	11.6936942042939	15.2148586571772	8.99792891491383	10.3173214383925	15.1772133768172	14.6403483876895	14.7440965763621	9.87741732207032	14.4685804656737	9.57859099696803	12.2323302625479	12.0703891024914	15.8239929713423	13.2322188215586	15.3799538729813	15.6902843413516	10.9417539659236	13.3322668992816	15.9580690908294	11.5354510833887	15.887201551836	15.6961444117619	7.96206228506065	12.1554513209839	9.81974455500668	12.0858039991817	15.4982865075864	15.4250471619371	13.7077081561004	15.6407829358225	10.3432701224084	10.3814338044724	10.35094333471	15.0714625652574	14.5917764965722	14.198227406742	10.1024921954809	14.1365670529822	15.0857190213873	10.6740044521354	15.0409983628581	13.0152805452583	15.1961080660817	15.12105028007	14.9185886234512	15.1574736852839	15.8365528188283	9.48305012733213	10.4674525353375	0	8.0562500135055	0	10.8237738588164	10.4534999800515	14.0766056060153	13.2000976684896
Let-7-P2b1	11.070963647773	15.0344389538505	9.29978750615243	15.0108969151928	10.1895111647084	16.4120310595661	9.54863835217825	13.3450187494083	16.3813023169184	12.8514501200412	12.8754544082207	15.9339975831264	12.9125818553036	17.2616782549466	12.4065674038248	18.988738385651	18.5537393057869	19.5459091201334	19.1371412015001	19.2239713803719	19.9011784864029	12.9935771818565	12.4125422522695	8.83121592521232	10.9461417220521	13.8057455364706	9.09690676365497	15.3369092317979	15.641243810605	11.7162490557309	10.8548015059905	8.46950309020676	14.7882196125543	7.9663907257593	14.6836758733883	15.7045631407733	15.5278126307076	8.87460752128713	15.3021475307236	13.2180608598457	8.42851584727134	15.4903050067604	15.1947878844455	9.73420521252912	15.9315606537935	9.63750509194595	13.6088224950089	12.1761290981016	5.00460477900888	11.6981848038664	3.9869954216934	13.3898390503858	13.1952845818707	15.4123881087502	9.49988178633067	15.0519457365431	15.0664425088184	15.0382752193142	7.4217919108436	8.91421484027692	12.670186878819	14.4299196262742	12.6622113074005	12.8284727158479	15.2774685388226	12.8566806640402	14.9574196769492	9.33943785519947	8.16309826852021	12.9943384212982	9.47169427387644	15.9211758891231	11.0666679970748	12.0517355690813	0	9.0535374503772	0	10.9268124566021	10.190671332114	13.9246117904793	13.3245323697316
Let-7-P2b2	13.4072847585631	13.6048897769718	12.6467352435405	14.0645295372174	13.3327939906284	12.9375268784988	12.9101144053683	13.0373230966178	12.9263690610988	13.392891193308	13.3773187592537	13.4926385828276	13.4153981302761	13.2734589644989	12.439645864788	12.4954997346345	12.3535373770977	13.288732714901	12.1342985877385	13.0870552178677	13.3863102606298	14.4159788258517	14.0942237802293	11.1341112697553	13.4518486971365	12.7070527871978	13.2603996735617	12.0890705824473	12.6763066540998	10.5076604367252	12.9067781950595	13.4042225478355	13.4731295419518	13.1209984595181	13.3766335213121	12.2142875812193	12.1006120774956	12.3822164298877	12.060876278736	14.1018593171367	14.0947548159706	13.9397361692262	13.9888526686032	12.8174702773783	12.7855686706138	12.7340087838827	12.8625130655482	9.65897915253417	9.52044643152197	9.51692632185219	9.58605507703362	13.550746995854	13.4882534040748	13.6285529348914	13.474604995071	12.7924835515619	12.7250269457719	12.7374383979396	12.7049379653645	12.9550388427356	12.9138736708879	12.7922860641942	12.8675097316913	12.3383483565982	12.3690566822386	12.3179661064336	12.2592831785248	12.5664512169697	12.4503157555203	12.5758569172695	12.4983186882442	16.7331678584975	12.6511820088294	13.0515656523238	10.9510273388458	0	0	13.4776075903933	12.7468637571515	11.9476043789408	14.5704947144719
Let-7-P2b3	11.4425242434027	11.3673379490449	11.4219770044114	11.6680482516971	10.89666383337	11.9044639544556	11.8292668136498	12.0175540661224	11.8771759526037	11.6396047685242	11.593765118091	11.7486807705825	11.6445750210125	12.2299720025901	11.6798890864733	11.8970487009878	11.8679375172626	11.9699801665834	12.0957410846608	12.523991076505	12.7750129852761	9.99616108756491	10.2238888448215	9.23861898506648	9.0021872811939	9.06865587527377	11.1775122818841	11.8640215469324	12.5512439014308	12.853463719998	11.7851684379039	12.1803133961944	12.1949836686936	11.8624728681109	12.0994032884382	10.6034768092461	10.5859598242979	10.8005225766034	10.5797122433753	10.4286307954973	10.4649861867347	10.3093049364077	10.2909051428682	12.291288463914	12.2942852217773	12.3063947185376	12.3580605170861	8.65685725025091	8.65219966869436	8.42707779055645	8.49791511996455	11.7112659653469	11.6241296440118	11.6899703406599	11.4088431334973	11.1147884908059	11.022591528152	11.1229814373616	11.0929964995695	11.5985919185237	11.6169352873183	11.4939970352921	11.5615372040344	10.9753531648977	10.8680037707189	10.8691685257291	10.7773222323928	11.9816076343286	11.904446458101	12.0417127886357	11.9008708840697	11.7323627536497	9.48305012733213	0	0	0	0	8.07345591069506	6.6594586548024	0	0
Let-7-P2c1	10.1937692249523	10.2768515887927	9.89940057819217	10.4383850135149	10.5585252185108	12.6732138531552	12.6607476407994	12.7649178940317	12.6886858815148	12.2851432657483	12.2138195261953	12.3290813092008	12.2893680881501	12.1087243055822	11.9929465423505	11.6653261853038	12.0126683915161	12.4247772905964	11.5760434252349	12.2547533352046	12.5231735306259	13.4497126870342	12.6117775316096	12.0424528731243	11.8348158244118	12.2595895858006	13.6454086554084	11.3318225980162	11.3167559724879	11.2542558393254	10.6493366781726	11.4619659209195	11.5104481956039	11.1382911908183	11.4420619743944	11.0480156184078	10.8747944104548	11.0819301721405	10.8819512358334	11.1614780678697	11.2334849322619	11.0082411064729	11.0828749322546	12.2005705973933	12.2404234722751	12.1219147173142	12.2278552330262	7.87060364780729	7.67715515657228	7.64125309026726	7.79996742492351	10.8840990743853	10.8423635413507	11.0219747303472	10.7259492837528	10.9374562846344	10.9019945641498	10.8822944807037	10.8695765386626	10.9711674039102	10.9219276521314	10.9054648877045	11.0180158387383	10.9162539320328	10.8767604298953	10.8055446840129	10.8456429838359	11.1137272515256	11.0196944789796	11.0274743475984	11.0593923469951	16.4300179537432	9.48305012733213	10.4674525353375	0	0	10.014428807869	7.66020256532945	8.52351078865592	11.1178134338015	11.8321889683115
Let-7-P2c2	13.6497284145133	14.4749727270602	13.4112032030662	13.7068964663365	15.0997330676657	12.3066048139695	12.262199346587	12.4268039095444	12.3219152178117	11.9931120657877	11.9133484411712	12.0283145390442	11.9710349365596	14.9594059081008	14.7433779187291	14.706548290116	15.0718493782078	15.2583161454289	15.0391133223253	15.4101662470907	15.9640913635739	14.6910700105873	14.7824092339005	13.8307057424846	13.2344213036216	12.7284614792379	13.8907453443541	13.253546831671	12.8401690709672	13.1921289605653	12.6158033644728	11.6806133756333	11.7388292975858	11.4306657498084	11.6349551875605	11.3620893188574	11.1115120219796	11.2923237027941	11.1001771894618	12.5624071367497	12.5371919207497	12.427838271683	12.4776596848008	13.9473623007576	13.9185675658578	13.8804106659693	13.9699004073586	10.1889446681487	10.0988264200107	10.05263514166	10.0223111588242	12.5355616633924	12.4093648361096	12.4947907624144	12.3314809333444	12.2647975536043	12.2512193403135	12.2975157019126	12.2478178861587	13.2044537405089	13.2050761833107	13.0841278388656	13.1487133357898	12.6188915243749	12.5959101164801	12.5974172742151	12.501334641914	13.0566076909385	12.9184284077097	13.0466120763977	12.970048865133	16.4126631511474	10.4820417716071	10.4674525353375	0	0	9.01582299546751	13.2077940193497	12.9058313794611	13.0766891050484	12.4281581020783
Let-7-P2c3	12.7439949137727	12.812766197617	12.6114879439811	12.8286549326875	12.8893291170196	14.0017267469166	13.9617346977714	14.0816087995287	13.9651549809754	14.2987491343696	14.2752940529682	14.4073864237999	14.2888627145868	13.7711367964273	13.4585466105415	13.4638054028458	13.3986865771854	14.0086057811134	13.067049194109	13.9426234848875	14.3969491850931	14.2302500532659	13.4551156137292	11.8215899340932	12.6835511168624	12.5952485561444	14.1581091519089	12.3185761751726	13.0058610439018	12.8903625439862	12.8958707218164	13.3226533607925	13.3428560389836	13.0127361027412	13.2467958500918	13.8266914446331	13.704843795147	13.835169984563	13.5956109516754	13.5256825324221	13.517992696601	13.3734533390643	13.4040186187966	13.9058044538967	13.9041179287809	13.8252095130935	13.8990803094821	10.4196362354195	10.2727063116946	10.2715852968397	10.2933360811717	13.4704816993665	13.4053281319041	13.5060325569898	13.319786877382	13.6255502318977	13.6273152271057	13.6440597429892	13.6207535366844	12.8260730314996	12.7687780708081	12.64715530944	12.7249187394458	13.5800614071935	13.5357809936147	13.518235859041	13.4896529578323	13.4280736596096	13.3609173712919	13.4618780810017	13.3862180153886	16.2727601610766	9.48305012733213	0	0	0	0	11.6832387844824	11.2505701356204	13.3396956784082	12.9755632296053
Mir-1-P1	0	2.91439094046863	1.82265302529723	1.6832459638687	1.31400097922241	14.3723812271478	10.577266901593	14.4214314576436	10.9874633578826	11.2673447646456	14.7637589770034	10.8767662655868	14.7620863365754	0	0	0	0	0	0	0	0	8.5163254821945	4.51817680031338	4.96136797036911	8.66885153099545	8.24461306881848	8.40621467060638	0	0	0	0	4.22290466825575	1.67133216927205	0	4.2429809676885	0	0	2.95219506569975	2.74562293223415	3.95700756737174	4.33208973668804	2.24739919023902	1.5336553038736	10.8068245871347	7.60260164571974	6.85400861735843	7.37130708912865	2.91923938864548	3.00415979702884	0	3.15759762394301	3.18329037307815	0	0	2.54503943613696	2.98774198735876	4.18576331850142	3.50901743874995	6.41570520693107	5.82421174610867	5.90602842375977	5.92482615061413	1.86945692385663	4.37219995486129	7.10370433503529	4.58831833162346	6.80758432369802	6.28451886653513	6.22447790387831	0	6.03244027246344	2.058225813613	16.4352453017753	17.0958001346782	0	0	0	10.4614311800647	0	17.1518201369446	0
Mir-1-P2	0	0	0	0	0	10.5201703530041	10.4264530764237	10.6691340580405	10.4218502747083	0	0	0	0	0	0	0	0	0	0	0	0	7.41993488636639	2.98555648442163	3.26537195911095	4.88708092479746	4.15878037102681	0	0	0	0	0	1.27134418850794	0	0	1.25072685083557	0	0	0	0	0	0	0	0	6.39466509187967	6.55401247048568	6.30878243156511	6.14365264094516	0	0	0	0	0	0	0	0	0	0	0	0	0	0	0	0	0	0	0	0	0	0	0	0	8.40241987936815	14.9405102109705	15.7883868015097	9.36752163008088	0	0	12.4606635592316	0	15.4230053553463	7.41401268773809
Mir-1-P3	0	0	1.82265302529723	0	0	9.04387627356618	14.2474802365725	9.17024188816334	14.2375047701323	14.7014579339177	9.58534463644479	14.843650600957	10.4617751092995	0	0	0	0	0	0	0	0	4.69294523385254	7.63102255527409	9.02261172694116	5.69060454485889	0.680050647660377	2.67108583026443	0	0	0	0	0	4.55944399190653	3.96204999297435	1.25072685083557	0	2.7811588339805	0	0	0	1.59210096033023	4.30314539924	4.51062158609165	5.83463554388374	10.7674531691406	10.6772617796678	10.7222148802768	0	0	3.30016369946288	0	0	1.78657782372909	3.17886491324099	0	6.5368793378225	6.49878106617272	6.23693820329011	2.62426091899581	2.71497423499928	2.66911242541594	2.60529408029441	6.2091341278469	7.13888944107745	1.53425327332603	6.97597491172775	3.59714748235133	2.85586456954887	0	6.5262708546708	2.33011731701284	4.1257038883636	16.1104097227467	16.7883740556701	0	0	0	10.1568173366154	0	17.2256979563406	0
Mir-10-P1b-v1	13.2187373014186	15.8129887688601	16.2004743256578	9.82960427199518	14.4267576017751	16.4624998379775	12.9923508032469	16.7556985633468	14.5639938604743	10.3002217291024	13.4052899933569	13.5520999920665	11.1038169304119	18.7825875753208	17.7433961564013	16.209046343829	16.8976624382995	13.9849612457461	17.587060618638	17.2329794463446	13.5678648472721	8.99133369583599	10.2918334023831	8.57833060047994	9.33887548769868	10.1794427587196	6.93476760095645	3.84688350994896	2.45243762834759	5.91192173319217	3.95049331164109	7.74478952541515	9.7623471607299	9.28956850133638	9.44218681680576	12.0179346433311	8.94959211158331	10.2173262841996	11.6424144463705	14.8198474252848	19.3770423018248	16.5150113562056	17.4137064932997	15.8764508483884	16.0909970272848	13.4398722403682	16.0675496760532	10.0394805998598	11.1988922894125	13.2643771217631	13.1541710506668	15.8194522742177	15.4679471410205	13.7030677434577	15.5402637291457	12.4526985765912	12.7676366115116	11.2483651050803	12.7427600691093	16.8803993653238	16.9115671276076	16.6873725436161	16.8091999554739	12.3421867613593	15.8882480444679	11.1918313331684	15.8854011235303	12.1711442562368	12.414771434101	15.5978401750867	13.840050402822	0	0	0	0	0	0	11.4261665427581	10.4187596558884	0	0
Mir-10-P1b-v2	16.290398237408	13.3580990491236	13.7072691498315	16.3234334304799	16.3202775326519	14.4234285617207	16.5772781364143	12.5086073694277	16.4023149041168	13.4394057540237	10.3950209584726	10.1921957874258	13.3310598628344	15.3681284929786	15.0189995749935	12.6062972542011	14.6820020908123	18.0353079801452	14.8109030743198	19.4609807947767	19.0556769524317	10.9013338861161	8.53170536304084	10.8890664348068	11.3624891519797	6.63165651429339	3.41472421796083	1.31478616941387	2.94674992848661	7.3372809964587	0	9.49881795399494	6.61282620066282	7.1924180793009	7.75174349354865	9.25810456970844	11.9341008735019	11.8444173085324	10.1323515248119	19.6183498261821	17.3024856596022	19.3617152761993	19.2123753032784	13.770235408034	12.0624755197089	15.8894097556918	12.945589441715	13.4168392534969	13.1196335697646	9.89617498875237	10.9526366873364	9.69390265095066	13.3613351588657	15.5106773645069	12.6669620081565	14.9275691637195	14.8429599296095	15.0611708560896	14.8389894964438	13.8457431169507	12.9590059121001	14.3152993352854	14.136460755599	15.9017559259486	11.9863281023254	15.9824130199817	11.7508127843802	15.7463533970373	15.5943144354562	13.4350617803063	15.3767903211172	0	0	0	0	0	0	12.0907887612678	10.584655044221	11.8545193241767	12.9755632296053
Mir-10-P1c-v1	3.76370621484117	5.3958466528307	5.62084757015872	4.38567077404645	4.54191841179866	11.1060373369892	13.3782190846252	11.4833966891763	14.2533644957129	13.3289273700571	13.716317764359	13.8454581661491	13.546013610895	16.3812864332608	14.3737449320492	16.0462297668171	16.2310820519512	14.4612819839982	14.9560052847622	16.4980500958894	15.5056319431561	11.6165680580357	5.93016961540777	10.6508751835723	8.86232013303518	9.22636553765833	6.20983423071811	4.44805278590536	4.40124173535349	16.30457466129	5.47186378191715	4.56204812615848	8.68578636536688	7.76830987343786	8.44853855965041	13.5029726842072	13.285817274482	14.5338051348781	15.7122259285429	12.8366217472773	13.2786504917547	10.9777287403386	12.9767824451709	11.8364788026005	15.3204301699269	15.178046269585	13.4690033632847	12.8387817635862	11.3688859306753	12.6904754037633	12.7559641075959	13.1636611848752	16.2647216066621	16.3148503171373	14.6639762582595	13.3408528538624	14.8030693679167	14.5983273600046	16.462337872395	13.7351177326851	17.2550361275879	14.0921537908431	15.8613396283065	17.5444995629617	17.5873312714662	15.607354782981	16.3146943383748	17.0356509636358	15.3670918911715	15.1546806312537	15.6355098481184	7.07879020553669	13.4811588818379	13.0515656523238	0	8.0562500135055	0	9.77018301325674	8.52351078865592	0	0
Mir-10-P1c-v2	6.02927517826332	4.22873915262457	6.48873802668681	6.25154677574606	5.51061483221204	14.8407949106575	14.2356722443422	14.8783941379381	13.5480419565097	12.2210470203417	10.2561248165297	10.6494707815988	11.4897260227254	16.02960730722	16.114542783458	13.3944255683441	14.9740930984168	15.8809018463651	16.4578417575281	17.4688636504444	16.9839157562566	9.38359875722756	10.688547568497	6.29535761553191	10.7310703498229	7.56595771636262	9.71548963167098	5.13816140187757	5.51519560158901	14.9909665085643	6.86643987227951	8.8404156849513	5.83501111573048	7.13369560435269	6.66834233328372	16.2850517636398	16.1381617351241	16.1004390295895	14.6581904290604	11.293804298181	8.06050282908076	12.8016200107533	10.2409436178311	15.3344848124237	12.1600642502563	12.4947202765403	15.0758843070084	11.5527872105297	12.8431685037333	11.5859068163029	11.3337509863728	16.4949495361513	14.0006341590346	14.474322271199	16.0482311929927	16.4236776558829	16.0833518171916	16.1847267970733	12.9102433962446	17.3433011735682	14.3651923888447	17.2090718755061	16.869312950127	14.9103923406142	14.133546711793	17.3885627537186	17.0271190380141	14.8089737946116	16.7578590839568	16.9833060838461	16.744608050348	6.89919024557918	13.2885318274559	14.2738609693844	0	0	0	10.0694334787949	8.87059373894649	9.53414875124716	13.0350570042188
Mir-10-P2b	14.4298764756978	13.9058744415894	15.7283803681514	14.4615102218988	14.3784443877143	10.6287307717329	10.5140667813306	10.6860768405447	10.5551350079704	13.1946317765158	13.1477294579894	13.2960057810879	13.1904997497648	14.7709074984109	14.0925997026613	13.6644821320543	13.7393839546197	13.1598472246143	13.0343415658472	16.1865842378008	15.5965318876961	12.1287533978433	12.1744926147698	10.7713295483165	10.2533812248679	9.82735759006519	10.7374964743889	14.3144720301906	14.5418937244712	15.6133572265889	14.3145489698425	13.3695659200674	13.4148609017508	13.0996793972986	13.328396333455	11.338221363222	11.1361954831891	11.3474679147813	11.0869906261217	12.8178730460173	12.8224690609515	12.6859544875784	12.6973426199289	12.8089439546219	12.7995570367634	12.6913669446018	12.9151744817259	13.240511980895	13.1677731980585	13.1725553377814	13.1619871578232	11.8065930656423	11.7141979517729	11.8517461627977	11.7550937599426	12.3949116588491	12.371754539837	12.4640982321943	12.4366539748523	12.545276913405	12.5637221557797	12.5403673699027	12.5814291003902	12.045299820702	12.0580164143584	12.1377933940307	12.0567675271147	12.0735813802774	11.8836520818448	12.2041639191511	12.0301649869956	4.07242235804101	0	0	0	0	0	10.1568173366154	10.9435291241652	0	0
Mir-10-P2c	11.8577944898459	10.3946607732882	10.7256954667711	11.5085581911971	10.6574282452641	9.66183229403473	10.1915351371382	9.63205376558874	10.2977865940647	11.2927877081132	11.3077845930474	11.3678588516245	11.3351817566675	13.0601957046668	12.2223053452954	12.7767041252767	12.8091421983635	12.6109140823183	11.9451423983479	13.6043816836556	13.3665005324141	9.01333427679023	9.2876687058883	9.33799543561384	9.23709230401705	8.54596576297382	8.06235138599429	8.74132156779064	9.72531996826523	10.0379114962775	8.61260021486909	10.835822916279	10.906518754878	10.5521546545535	10.8723010378993	11.3547873003692	11.1861501327084	11.3623163776526	11.1206584472133	11.8940012019058	12.5231862379409	11.5901226728268	12.4177075381183	10.4560037902	10.9343764425893	10.2163555275716	11.0636811208606	6.85646611966805	7.53610888610362	6.73091042269399	7.60090524605106	9.16050860999269	9.62101843900606	8.87936888594096	9.6244432237201	9.76940583568173	9.89755485943524	9.72386196568688	9.78563235791737	8.33282361100404	8.82639566225909	8.3674750572312	9.07969501571484	8.15386859255046	8.53447810238068	7.92532807476017	8.89641199376415	8.34628035036667	8.91133578215614	8.41940543640227	9.1056076730784	5.26092558813841	12.4812850420324	13.0515656523238	10.3664291740457	8.0562500135055	9.01582299546751	12.7962134700636	13.308223080782	10.7554288285063	9.40765422269585
Mir-10-P2d	18.2601669904554	17.6875141476718	19.0841443137551	18.5203720837014	18.1730014700573	9.42175698398237	9.58470102575992	9.66660934157972	9.65573071074829	11.5889690901114	11.6013643878237	11.7006370973308	11.6671806884066	9.54818506519215	7.65935337643286	8.91281054544111	6.87007952632659	7.93409141264385	7.75624888344938	10.8169832175226	9.37264152840122	7.73712943944687	9.00310400895704	9.07540680991443	7.33918938832176	8.92054159663607	4.74263155238337	16.36266675142	15.576285099485	17.3805747085265	15.1319309931584	13.3552331899621	13.4226334038131	13.0804717676168	13.3409194305128	11.8450162390873	11.6994458859951	11.8758014722568	11.6742534588179	13.3031835310549	13.3956121169923	13.1949529488758	13.3558005792445	12.6033310799118	12.651083651686	12.4573838618752	12.7207468776029	12.9448823946751	12.9712579348861	12.8110612039321	12.976052612065	9.9628926446584	10.0118301209063	10.0917496105308	10.1455250938624	11.6400632427633	11.646161487877	11.6404924403505	11.6686106127606	11.3132105494828	11.3514052773602	11.2477520472908	11.3930962197686	11.1177904147786	11.224207450892	11.0630133849414	11.1978473906594	10.9804800461867	10.9783585990597	10.9538186174141	11.0498289605838	0	14.0660793267091	13.6364715096783	9.36752163008088	9.63759462883137	0	12.6381721091252	13.2151231585557	12.7548027578655	11.7982510570201
Mir-10-P3b	13.3083552006697	13.5757148879883	14.9651683569276	13.6414906955817	14.5379319024264	12.3989594781808	12.3834819581793	12.4778032400231	12.4058776764377	14.4036926401599	14.3763548432904	14.4920415121002	14.404801531949	15.9809158353335	15.3199695341616	15.0270344053373	15.2298153109914	15.1120797557804	14.7212129717746	16.8362098926921	16.6212422611282	10.4357055706441	10.4571987029249	9.93813986710871	11.0423194947252	10.135321615204	10.838245655334	13.210495905422	13.5261763265173	14.1038941697108	13.0973608768537	13.905941996374	13.9648823252397	13.6311610341207	13.8728883745375	13.0084840070516	12.848021113949	13.0271405322928	12.7994402177047	15.3885663838613	15.4504926733895	15.2591636711189	15.3387748490643	13.8487157429557	13.8822572603035	13.8172263212672	13.9110975020147	14.4519202655159	14.4116221788101	14.3136987270121	14.3576974002933	13.3269160943101	13.3023772078073	13.3154968165405	13.2715643599337	13.5731749615521	13.5921842903527	13.5928384929288	13.5856204978355	13.0489898678973	13.0690612397791	12.9542662674797	13.0767500578587	13.4386869543329	13.4194881783157	13.4390846975785	13.4695552876356	13.2290161237121	13.1976737259612	13.2165984719469	13.2364898746183	7.56695513661165	13.1816277148493	13.925957528734	0	0	10.014428807869	7.07880176675778	10.7048741195993	7.95307271475572	11.3602736776088
Mir-10-P3c	11.9656132680701	12.5805712748324	14.0738541058215	14.5738351912232	13.8435792872325	12.0382594654919	11.8401572858809	10.3689915413356	9.99453142535716	12.5308155264696	10.3983484264274	9.7380865759837	9.73285798836564	13.6298322155877	12.4802134059434	12.9382210225486	13.2789268359116	13.7659434011445	12.9444529510629	14.050687741992	13.7649624896675	5.62430231750617	5.75637465037014	2.40810955078785	5.59631442170782	8.27858301023061	5.98370894805748	11.0504661633737	11.3738042214492	12.263092275928	8.71543949715261	13.0659842364001	13.115590117633	12.9300625502988	11.5673707875409	10.3480017009673	9.77032585718429	10.2335685966177	11.944543739732	12.2994699397691	11.863221115666	12.6625831829853	11.648154156127	9.8774976660799	12.2292938203398	9.96368076623789	12.2096895800887	10.605362788493	8.39705637576861	7.17563531626119	10.5077341920993	11.4912620296309	11.2533486860528	11.3666850627167	8.59953826062013	11.1613820089394	8.97499377753792	10.9214446048757	11.2874059732927	8.62491040812464	9.45781068948342	10.76075150678	10.8309982066861	10.8683844414627	7.04275977476957	7.08207128884962	10.8251900810939	11.0415414145745	8.17258792964104	10.7750900135782	10.8517880778626	7.85420104897144	11.8033645145919	11.4669429651077	9.36752163008088	0	0	8.65663204834097	11.060828842311	10.9479695802074	12.3830785228049
Mir-10-P3d	14.508221813981	14.5954441635625	14.8154065009018	11.5717620836826	14.7984149425987	7.75145794333207	8.77145821685008	11.5772013443426	11.6235460414406	9.67654048545124	12.3446270268071	12.5946602925678	12.5238941957408	11.349727800591	11.816170910132	12.1534387211138	10.0252785861753	5.75424681030184	5.1062398968222	7.05691057428995	8.67324721658647	8.43507058044772	8.58900344129301	9.3712207599007	9.34251074504706	8.30079325384584	7.5115552391632	9.44239343331381	9.31845170573071	10.8204204711873	11.6618225197895	11.1575931335459	11.2579913687491	10.0336637219592	12.8682673241296	11.6795306856667	11.707070198293	11.6808070112548	6.1185571616377	14.3094683220646	14.4272936318963	14.02346405162	14.313921287691	12.2135492444858	9.85047993098958	12.118965685351	9.89720451630483	8.07758137185523	10.5006048165369	10.6124368971409	7.91691874613485	5.27516488429184	8.61835946385691	8.61859070850938	11.2315882480623	8.32921139920592	11.0118168906082	9.25730132228859	6.19612649992787	10.7110736853259	10.4636463765897	8.38951931911569	8.2009549083699	5.18889781207281	10.7346702755261	10.6945159083992	6.26420181125057	5.78331410902224	10.5788066734386	8.48063039253615	6.45305561392562	7.90079626287537	12.0663316434213	12.0517355690813	0	0	0	8.39431245318683	10.309218368004	11.2697516056815	12.2131872812816
Mir-101-P1-v1	10.3222083348748	10.0528415586879	9.34551966047672	1.6832459638687	9.17784580228308	12.3140867699454	12.5741143637904	12.110223341718	13.1103190752932	10.3282316472293	8.85157390239234	9.01325481167187	9.14465744418445	12.4158123473791	5.22372758081972	9.28975854055515	13.8257424513425	13.3127605701608	13.4257205380838	15.1006240009389	12.1918572448754	10.1028742065878	9.74864830505178	11.5252878338882	11.7855916198849	3.77041848307703	6.4765918643082	1.31478616941387	9.78506014922307	6.83010569727095	5.47186378191715	9.71567893105519	10.6370511279805	11.1583149654048	10.7756993834901	10.6399795031347	9.74585958287537	7.51538397648785	11.6294794563597	10.4286307954973	11.4343318038506	11.5117319667977	9.1098272548664	6.36112596446884	8.86360481498736	10.5879483077411	12.421044927887	9.06315341776531	10.3198989134027	1.98188588144377	3.9869954216934	10.416962445428	11.0878344955245	11.0478244673457	10.2609043310288	10.7642728399482	9.8035054214632	10.944434664365	9.63755829087892	9.68779681266308	10.2179623434673	10.9809092422593	9.7407453329555	10.9795839146661	4.57025752202055	10.2985980466908	6.94391653957657	11.4811094043354	10.8717064858432	10.9858468930629	11.016550408159	9.71256599712254	0	0	0	0	0	8.65663204834097	7.87367264360293	11.7550114782682	8.40977682634357
Mir-101-P1-v2	8.02814913436818	10.135439719962	11.5964317216766	7.42025729263759	8.74501776201866	13.0611381096883	11.648246325709	12.4655894409838	10.2130917769134	9.62938724753215	5.75106130578758	10.1396570459187	10.7333708750771	7.04705758417054	13.3712465253199	13.4220316523143	13.914510226264	13.7272768859743	13.1309884424312	12.9292660561587	14.539632460024	12.1617705203878	8.66885445230442	8.07807860200266	7.8941866080659	10.4146576954271	9.08554536405353	7.54656129859766	7.66037431147181	7.96067640795442	8.02947940320084	4.76322445827405	9.83317586220108	8.44099493187162	7.26159865809002	11.9062375707314	11.6276123307839	10.0803522015779	8.13253995468853	11.0683234923688	10.0022058670262	11.4224469118445	10.8042593181323	11.4574752686716	9.6712776025271	10.1228854278519	7.33716553164113	7.66820816811064	7.04911124585198	10.3936673018204	10.8079059526793	7.05566016885131	9.43439366353196	8.63816991362683	10.8633753682697	9.72577939401669	10.7387937496036	9.24088719487336	10.7302901891308	10.2931267015979	11.0623501528176	9.94580788436276	11.4023204008946	10.699126133133	11.1124923099621	10.1108244584638	10.0838435433477	10.322008430495	9.19823411969097	10.8515784154087	8.4980409254603	9.72556743814362	11.0666679970748	0	0	0	0	8.39431245318683	8.64871492490779	0	0
Mir-101-P2-v1	7.35030250835701	6.68401944253383	9.79201181619301	10.7420556611671	10.8648218165618	11.2732873850085	10.3599048544058	12.6343953878499	11.5011856210461	9.64096064936595	10.0473141338425	10.8496529963732	7.22374041201959	13.4151750712708	12.6727049548162	13.8642903940665	11.6118013473308	12.2730341114973	5.8457713385137	11.9936564368147	14.3755611503281	14.4626350606148	11.8442494224966	9.19156432065091	10.5585623585856	7.88911350847667	11.8374283188376	10.0582091545226	9.13548320613132	6.07164184248234	9.6886615635604	11.974468018689	7.72945044003211	10.8157761975849	10.0345457886696	12.030591952821	7.20800087356011	13.0335323850652	10.6709122047009	11.8845278363537	10.9001928342027	10.6058520700426	10.993837766321	10.4400295297568	12.3244081025977	11.2256528127436	9.54756245650556	9.86597296726978	9.7729319588017	10.2094368939037	6.42922801517124	11.6855315111244	9.93808324800311	11.1654998547784	2.54503943613696	6.73765709128446	8.69866514318984	9.49039222949345	10.4556807769721	10.6436582873531	12.3496482505201	8.1328006577343	11.1273191918208	10.8910211596569	10.255349417335	9.94356684385792	9.65110342058473	8.60703752846122	9.25740121701736	9.58599280148576	10.6621715606218	9.66499106868401	9.48305012733213	0	0	0	0	7.07880176675778	9.06285349138663	0	0
Mir-101-P2-v2	5.05119707390642	10.5201857749988	9.11409049613241	9.18093409099142	10.89666383337	9.52115241720362	12.2996665215501	9.81261782939819	11.7685954415414	10.2910690176444	11.2850454628509	9.87031274810836	10.8583776309339	13.5345629802307	13.6588167796295	11.9876700454107	9.2739213857331	13.6944867904098	13.6364519035078	6.80450999997261	9.80111680188634	11.8832219830588	8.66476015302545	13.0215044232094	7.87674293002709	11.8044698113809	6.10119736781617	8.0782334271904	6.18138923843359	9.43122380149594	7.66848604536393	9.7866795369266	11.6906867844082	8.43371120357424	11.4127948122099	7.572672820536	12.1235832727422	8.24919199547027	11.7189013688366	9.48609671773158	11.3348708785547	8.49892938889742	11.6596090413548	11.64943613735	10.0858726800427	10.8831674019951	10.2626901429527	10.3987426221958	9.15194963170291	8.08440983151443	9.72929193078018	9.89101672308007	10.777393625562	10.5082309588609	11.3364902502908	11.0561098055652	10.8451299564189	10.5203206198705	9.68359774653322	12.2651967255734	7.23926984659757	12.2292353870364	11.4177974408449	7.30991834187309	11.1296889893306	11.289191350113	11.8654233715021	8.96020463772896	10.8702492601529	9.07562954643259	10.1226595838566	9.72448844869963	9.48305012733213	0	0	0	0	7.66020256532945	8.52351078865592	0	0
Mir-103-P1	7.64044890588709	7.91335692888209	9.2405051353841	7.28359579929299	8.36401435946961	7.29610575314088	7.63791098328795	7.50627988741366	8.2145565471861	8.47508979614753	8.27059505316494	9.45535033831933	8.4746385000565	9.8456312947453	8.59771342335996	10.2557847567897	8.18580144916264	9.90421605991	8.84189812391021	8.63937312304152	9.75747393552539	7.35956132061541	8.09988509909057	6.40942114852357	9.65470337286778	9.03592770460158	9.35761404527778	9.54364075467028	9.26700357182016	9.64698958562406	8.44313585614591	9.69736904914549	9.63597710278169	10.1471188890169	9.28036658560755	10.3443194851501	9.52785301787508	9.98283468100434	9.63343872080563	5.4786709080357	8.07135051250474	7.43030980966722	5.96794087949727	8.26871896792265	8.42249299663703	7.63964026992213	7.56075064004944	7.60475279775734	6.46413077012119	7.07400717231675	7.06304314002033	5.54868325803201	8.02622076795589	5.84276775476862	6.24720093517037	7.24581748548125	8.37162419179594	8.38818705640721	9.06745917294126	10.463457199923	7.23926984659757	6.42922010787915	8.66436687931776	8.55257231292041	8.85710356224551	7.7039244637048	9.26079784416298	8.3183528923608	7.21479855688204	7.6911790091366	8.13431406190632	11.5433775553919	0	0	0	0	0	8.87851367369686	6.08161444745164	7.95307271475572	8.99332460501599
Mir-103-P2	9.70676764927732	6.07307223348197	10.4787380007825	10.1988193874179	6.63075299276632	10.918227570113	10.7474485733428	8.21538261371503	6.22040080158823	11.90166207964	11.8363193344163	7.00251938667301	9.49845180907195	10.1722778114974	12.1942403722739	11.9720175114477	9.64273926155304	12.2676994459391	7.55330663841074	12.8454000257421	12.9392117018607	13.2631532823618	13.6055344072106	9.69365151604787	8.98018657998548	11.8066541833632	11.8079184753057	12.6464019980878	10.329911642876	9.87419049554279	6.86643987227951	13.2476696123776	11.0955755271014	13.0827048596406	8.55026608389062	9.48239569582005	9.70074670191192	7.96781710061908	8.99931769772805	6.94800629679207	6.71103175062759	10.9817454020887	11.0593648694768	5.56687409194166	11.8986158657465	9.82579566830352	7.46913616577315	5.61881014098724	7.31760618644719	12.1002468718541	12.064945440547	11.1137106503492	3.72789631992849	8.84608194807927	8.93504813139113	12.0557709810281	10.2139670857676	12.0169731144034	9.70459015446173	11.1470003426148	11.7012174331353	10.2752344454387	11.5747773486513	11.8913899236051	11.5430382283217	11.5963078176112	6.60311349570392	9.57796348052251	7.33798724966113	9.54153296213793	11.8932516546756	11.8061274115047	0	0	0	8.0562500135055	0	8.07345591069506	8.06554861117415	10.2703357946205	8.40977682634357
Mir-103-P4	10.0660001655432	11.7135399281048	11.8524756632031	9.83659998170113	11.7551587684446	5.69486863665561	6.98640684044128	10.6827041645328	10.7359992266669	6.40474269775888	8.15732114890432	11.9049313643122	11.6778220529217	11.9058765468505	9.77981369908412	6.88756211150268	12.3008528191993	11.1353478822861	12.1399132476223	10.2235013428444	10.5953474763645	7.42162326245816	8.82743847683704	12.1900688904182	12.7448417506254	13.7696235378225	13.5445159396043	7.74968347645684	12.4897369280004	12.142769594154	11.9939273684044	10.882491013135	13.2471036110175	7.63493654279795	13.4000223913241	12.3799136410255	12.1601485432804	12.6170053593064	12.2894013285065	11.2203988589101	11.0537167213853	6.26495450491774	8.33196392060784	12.0135457164465	6.66390600452254	11.5590392678339	12.0189400893798	12.3105313244358	12.2287537581376	8.3112628623572	8.8410227643083	8.64313130622195	11.2181738498254	11.0201104756596	10.8689823311248	9.65311117740866	11.7340076455171	9.08869047699635	11.7688288031581	6.25055444627131	3.17641317022502	11.0612126845625	6.70741508679167	3.68094545052013	9.05009719630865	9.5025120941172	11.69876244533	11.6380916472448	11.7529596907416	11.6402683312493	6.99883370883364	11.818063003813	0	0	0	0	0	8.65663204834097	8.96992391837022	10.5331754970906	8.99332460501599
Mir-105-P1	0	0	0	0	0	0	0	0	0	0	0	0	0	0	0	0	0	0	0	0	0	0	0	0	0	0	0	0	0	0	0	0	3.57596917127343	3.44857507483924	2.70452922768783	0	0	0	0	0	0	0	0	0	0	0	0	2.09836430930203	3.00415979702884	0.987949226811437	1.98960573221573	0	0	0	0	0	0	0	0	0	2.66911242541594	1.18351117428896	0	0	2.26085957392237	0	0	1.62283230801153	1.53189714850589	0	0	0	0	0	0	0	0	0	5.102760991841	0	0
Mir-105-P2	0	0	0	0	0	0	0	0	0	0	0	0	0	0	0	0	0	0	0	0	0	0	0	0	0	0	0	0	0	0	0	4.60459030946703	2.21468729068628	2.34587615300547	3.66978748445024	0	0	0	0	0	0	0	0	0	0	0	0	2.91923938864548	3.00415979702884	2.3025982432924	0.993078815701568	0	0	0	0	0	0	0	0	0	0	0	0	0	0	0	0	0	0	0	0	0	0	0	0	0	0	0	6.6594586548024	0	0
Mir-1180	2.99827311438567	3.23379683013778	0	3.59185713033734	3.84566158128707	4.43936564032001	3.88618546997876	4.70074494805537	4.09997858211246	5.58635531883968	5.96364447432535	5.84182552390335	5.52177808698757	5.42927740536085	3.60141951941312	4.55167916284359	4.8280129747864	3.10626417748895	4.26468524689992	0	3.51125850026706	1.26524814208861	1.72542237294981	2.40810955078785	1.39712653759989	1.76925718725172	0	5.84626447289111	5.51519560158901	4.72112898538227	5.47186378191715	7.21673375268843	7.18205316181532	6.55982053233199	7.14690471948378	2.93444289319457	4.43022837992987	4.80513909355399	5.01735887314299	5.40989838233105	5.13967304530286	5.79050573486928	5.13394656890312	4.70787715278913	4.542938290157	4.91290578602547	4.70982537353549	2.91923938864548	2.81142994505069	2.97884462579301	2.79546962662603	4.80456386101349	5.03779615528263	4.93255533487245	3.95500796807001	2.98774198735876	4.18576331850142	4.05110824656355	4.18736761032302	3.4249459071449	3.97645881913914	3.77746056023688	4.47453991842031	4.50335640551667	3.38983163278759	4.33722886528108	3.07059324226191	3.95963430477396	3.62643336488444	4.7248468060755	4.9640967480195	0	0	0	0	0	0	0	0	0	0
Mir-122	0	2.24385930163119	0	0	0	4.43936564032001	3.88618546997876	3.85444462306812	4.09997858211246	0	1.35310696887963	0	0	0	0	0	0	0	0	0	1.72754234392531	10.9320132109748	12.01075774058	11.6998365618254	12.836794718917	12.799035744091	10.3362851030625	0	2.45243762834759	1.93338566920081	0	0.771405439911369	1.29673565130016	0.663011481921439	1.61796570082883	18.4723117950595	18.309271810974	18.4942842576039	18.2714673797709	0	0	0	0	5.37857038409095	5.18291996888975	5.59480778061935	4.90890700127185	0	0	0	0	1.88541361357369	0	1.88178770628316	0	3.27282852460369	2.1504750497362	3.50901743874995	2.97958245531887	4.53998152967853	4.20329727921796	5.14260941415897	4.71218446866922	0	0	0	1.51111217476574	5.34042067086202	5.59369619999211	5.96552353860381	5.62473109152038	8.18118741139046	0	0	0	11.3732918166409	10.014428807869	6.08943441674269	0	0	0
Mir-124-P1-v1	0	0	0	0	0	0	0	0	0	0	0	0	0	0	0	0	0	0	0	0	0	0	0	0	1.39712653759989	0	0	0	0	0	0	10.5374744597654	8.14030671344979	4.56997642513523	7.54880441561028	0	0	0	0	0	0	0	0	0	0	0	0	0	0	0	0	0	0	0	0	1.45052704271402	0	0	0	1.25788798244504	2.3277687582711	1.18351117428896	0	1.57090978297909	0	0	1.51111217476574	2.36725402140542	0	0	0	0.707478534362859	9.48305012733213	0	0	0	0	0	0	0	0
Mir-124-P1-v2	0	0	0	0	0	1.52680305375237	0	0	0	0	0	0	0	0	0	0	0	0	0	0	0	0	1.10660602580349	0	0	0	0	0	0	0	0	10.6841554945663	5.13885576664414	9.35272116541483	9.19973429939846	0	0	0	0	0	0	0	0	0	0	0	0	0	0	0	0	0	0	0	0	0	0	0	0	0	1.22656673517064	0	0	1.57090978297909	0	0	0	0	0	0	0	2.74341345314188	10.4820417716071	0	0	0	0	0	0	0	0
Mir-124-P2-v1	1.26188337846119	0	0	0	0	0	0	0	0	0	0	0	0	0	0	0	0	0	0	0	0	0	1.10660602580349	0	0	0	0	0	0	0	0	2.57253144509293	9.88632718626463	10.1441468850036	9.74671445206121	0	0	0	0	0	0	0	0	0	0	0	0	0	0	0	0	0	0	0	0	0	0	0	0	0	1.22656673517064	0	1.21845573574718	0	0	0	0	0	2.25801136368953	0	1.59179007653147	1.53547716393402	9.48305012733213	0	0	0	0	7.07880176675778	0	0	0
Mir-124-P2-v2	0	0	0	0	0	0	0	0	0	0	0	0	0	0	0	0	0	0	0	0	0	0	0	0	0	0	0	0	0	0	0	8.66055956847899	9.01109263099631	1.73705388436462	10.9356590621754	0	1.97710455401973	0	1.94613051722549	0	0	0	0	0	0	0	0	0	0	0	0	0	0	0	2.54503943613696	0	0	0	0	0	0	1.18351117428896	1.21845573574718	0	1.53425327332603	0	0	0	1.53189714850589	0	2.33011731701284	2.058225813613	0	10.4674525353375	0	0	0	7.07880176675778	0	0	0
Mir-124-P3-v1	0	0	0	0	0	0	0	0	0	0	0	0	0	0	0	0	0	0	0	0	0	0	1.10660602580349	0	0	1.48881729748434	0	0	0	0	0	5.77417609337782	9.42899234986542	9.51336006841483	2.84965057994117	0	0	0	0	0	0	0	0	0	0	0	0	0	0	0	0	0	0	0	0	0	0	0	0	0	0	1.18351117428896	0	0	0	0	1.51111217476574	0	0	1.64168482374576	0	1.53547716393402	0	0	0	0	0	6.08943441674269	0	0	0
Mir-124-P3-v2	0	0	0	0	1.31400097922241	0	0	0	0	0	0	0.890524894614324	0.850044378990743	0	0	0	0	0	0	0	0	0	0	0	0	0	0	0	0	0	0	8.26919843696305	10.5549139283391	9.17484357545562	7.49465293730512	0	0	0	0	0	0	0	0	0	0	0	1.55391615072	0	0	0	0	0	0	0	0	0	1.44353758141309	0	0	0	0	0	2.657159825374	0	0	0	0	0	0	0	0	1.82039979604063	0	0	0	0	0	0	0	0	0
Mir-1247	0	0	0	2.43908959205042	1.31400097922241	6.02169842207096	5.71968950637581	5.67273655614058	6.25470546759885	2.31816639064438	2.28881398316065	2.80259719824726	3.51516149126018	0	0	0	0	0	0	0	0	0	1.10660602580349	0	0	2.38277016299004	0	0	0	0	0	3.13360463898039	3.38801101377434	3.19650958120923	3.41376867939968	4.13844792386717	2.7811588339805	3.85584163118431	3.63384787769828	6.39283090892328	6.29596009804812	5.88503845295126	6.24526345230122	4.70787715278913	5.10712218871093	4.62435487005533	5.08381842986496	6.80092507347775	6.63406176325827	6.75737852573444	6.50983776650386	5.46314547858227	5.9020479110234	5.36736114427012	5.6943378141382	3.51076861644781	4.18576331850142	3.89202119551229	3.26445732891761	4.14546933613955	3.97645881913914	4.97778050868186	4.71218446866922	0	2.74182383123227	1.54662249830223	3.07059324226191	4.30144982779525	2.73876249733365	2.87988227457315	3.91644018011007	1.53547716393402	0	0	0	0	0	7.07880176675778	7.87367264360293	0	0
Mir-1249	4.15194254027787	3.08291526120379	3.77468739805016	2.43908959205042	3.68822604540525	3.09184611955232	2.98059768693628	3.40837227582676	2.19801358191114	2.31816639064438	2.99923808426947	2.61426293196027	3.17401704465908	0	3.68027568140865	3.56322588935902	0	0	0	0	0	3.74767128674568	2.15709348027692	4.49434635190898	2.34608096743299	2.2057603370744	2.67108583026443	5.76965444887858	5.64982851301949	3.24161368305883	3.95049331164109	7.71597448428246	7.87531418766689	7.40597596191805	7.66123276652499	3.83685525174689	0	3.4736421774783	3.25703906497248	1.62093710370287	2.00802828865477	2.24739919023902	1.5336553038736	0	1.51563629299423	0	1.55391615072	0	1.00237849534382	0.987949226811437	0.993078815701568	1.88541361357369	3.43293571958275	3.55351504184089	2.54503943613696	2.15903414483269	2.62283885480155	2.15754450173878	1.4446112134343	1.91949561640633	1.87977978791294	2.60529408029441	2.31641372235756	2.78926187160716	2.26085957392237	2.27579629039564	2.23284297951258	2.85586456954887	2.73876249733365	2.87988227457315	1.59179007653147	6.75446199940739	0	0	0	0	0	6.08943441674269	8.87059373894649	0	0
Mir-1251	0	0	0	0	0	0	0	0	0	0.845908281885073	0	0	0	0	0	0	0	0	0	0	0	0	0	0	0	0	0	0	0	0	0	4.27651360150114	3.38801101377434	3.52367711611295	3.10230043042492	0	0	0	0	0	1.00535715333026	0	0	5.78491203965774	5.91876713050381	5.59480778061935	5.73540104666857	0	0	0	1.57572685667555	0	0	1.88178770628316	1.7732032383926	2.15903414483269	0	1.44931003566882	2.15179039474782	0	0	0	1.21845573574718	1.57090978297909	1.53425327332603	0	0	0	0	2.38973209243396	0	0	0	0	0	0	0	0	0	0	0
Mir-1252	0	0	0	0	0	0	0	0	0	0	0	0	0	0	0	0	0	0	0	0	0	0	0	0	0	0	0	0	1.69452393572146	1.26888496964859	0	2.3900047746031	1.96844010402342	1.45951188267731	2.15349148476431	0	0	0	0	0	0	0	0.961691675863634	0	0	0	0	1.06631564158912	1.00237849534382	0.987949226811437	0	0	0	0	0	0	0	0	0	1.25788798244504	0	0	0	0	0	0	0	0	0	0	0	0	0	0	0	0	0	0	0	0	0
Mir-126-P2-v1	2.99827311438567	2.72354474182216	2.60279459058997	2.93253199321258	1.99008428092361	9.68839397330378	14.2310252892774	14.4075800798594	12.3890855468644	14.7643594965137	8.6031698118801	12.6370483897619	14.516762743779	0	3.08761208561233	0	0	0	0	0	0	11.7282203648168	16.0194261124774	11.1533389864949	9.99443945645841	14.2764561459845	11.735711769985	5.01081321844378	7.89536483689436	7.74060802604305	5.87875150837616	12.7866936898463	7.69436773027854	10.2857208997606	10.4245910066298	14.9315962964757	14.8047026056723	12.6177790066549	7.22281036302685	9.3822240568662	10.3110385982399	13.1435907492171	9.01259714299882	14.208319969771	8.78064729781025	12.4819228444245	10.9707036450573	10.7183505556143	10.3754368986144	13.6056108153621	10.2933360811717	13.7981268632101	13.6977396820484	10.4867926890037	11.2431482095072	13.2333179360799	13.2370051184282	10.9695567157486	8.14664869473381	15.0274432096824	13.1175077247954	12.9882953595149	14.6371668156616	9.83842695636682	3.38983163278759	11.4454502216445	13.5686745182105	14.0861536281473	10.5716515747478	8.46340106030743	13.9263880034788	6.21765583259074	0	0	0	9.0535374503772	0	6.08943441674269	9.31035499897901	0	0
Mir-126-P2-v2	3.90504851075794	2.24385930163119	3.77468739805016	4.22434720558783	4.79459357758572	11.454436037753	8.33652384345322	8.08859488605406	10.7660390192724	11.4346094935209	11.1831095028269	14.6937183405307	11.3025488809426	0	4.19177995894668	0	4.57015664257188	1.90309195971402	0	0	5.35995287357928	15.0514024024101	9.76403992728826	13.2916551113598	12.4477118253834	12.3715371969151	13.9540021232755	6.94236993124614	2.45243762834759	5.65367162789387	4.90306399973185	10.3281084290792	10.9997864638246	8.5392845992721	12.7849863844116	9.97202643483274	9.77999736028697	7.12054653384838	10.8971410554888	10.2581575360345	13.3070361130902	9.04338455782458	13.1451415761842	12.4190196189844	10.4445775669278	8.59585719434447	14.5898594123943	9.58692087996973	10.6833503197241	8.6124828894112	13.3871383719358	6.6147860872123	11.376777603104	13.9339683589672	13.6495808927055	8.19913399593605	10.6535599739277	13.2538118760381	13.4340569688836	8.77451208292731	14.3700397145458	14.4834260052902	13.1139363675126	11.741672645113	13.5559123935441	13.2110875314983	10.1927706783016	12.8044134413179	12.8005852761381	14.5124286674173	9.04087693139816	6.32406270137905	0	0	0	0	0	7.66020256532945	8.96992391837022	0	0
Mir-126-P2-v3	1.26188337846119	5.18974284182723	4.7209957483837	0	2.44861108198143	14.4089022030052	12.2727886096724	12.1794609007973	14.1529249348169	8.81101029416111	14.7707963734613	8.50055811410217	12.4616236159358	4.21732576148627	0	5.42390254772968	0	3.00046481908797	4.57501836617707	3.46351807238243	0	12.1973174511167	9.04150416256492	14.2694101622686	11.7435919944713	11.0947186943838	14.3990138483423	3.31120190448655	5.36669329519545	6.04108117685968	0	9.5432370817009	12.8604752739952	12.5434197858765	9.13217272856778	10.2725101784781	9.35745473370863	14.760019270331	14.7226436549555	13.2941187921348	9.33260593397419	10.651111654785	10.8678226243739	10.7625529501989	14.613203455094	14.1982737922566	9.02204318685374	14.3800825584932	14.297074472137	13.1250704311734	13.3119932060452	11.6375320839103	9.16563469212732	3.17886491324099	9.48047827474741	10.8749232029368	9.43901535281441	7.29250274785831	9.33697618560547	9.99567630585707	12.028622423742	10.1190791482727	7.40536129813042	13.2180224323618	10.9435751695217	10.714449365834	9.1756558664524	10.1345379525417	13.9428044801604	11.6431403737364	13.2496775905008	6.1291035560993	0	0	0	8.0562500135055	0	7.66020256532945	8.52351078865592	13.2327911793529	9.21531256511322
Mir-1266	0	0	0	0	0	1.52680305375237	0	0	0	0	0	0.890524894614324	1.38134581200857	0	0	0	0	3.15638976365525	0	0	0	0	0	0	0	0	1.0522884103283	3.31120190448655	2.94674992848661	1.93338566920081	0	1.27134418850794	0.78940532022063	0.663011481921439	0.756857972372857	2.11180087023049	1.97710455401973	0	0	0	1.00535715333026	0	0	2.7655861005038	0	2.21433246896568	1.55391615072	0	0	0	0	1.88541361357369	1.78657782372909	2.67143578140483	2.54503943613696	2.15903414483269	2.62283885480155	2.63048064510923	2.62426091899581	1.25788798244504	0	0	1.86945692385663	0	1.53425327332603	2.27579629039564	0	0	0	3.98569179521064	1.59179007653147	0	0	0	0	0	0	0	0	0	0
Mir-1269	0	0	0	0	0	0	0	0	0	0	0	0	0	0	0	0	0	0	0	0	0	0	0	0	0	0	0	0	0	0	0	0.771405439911369	0.78940532022063	0	0	2.93444289319457	3.29440963269816	0	1.94613051722549	0	0	0	0	0	0	0	0	6.17222973817487	6.13396830183984	6.22404557076102	5.84434563363964	0	0	0	0	0	0	0	0	0	0	0	0	0	0	0	0	0	0	0	0	0	0	0	0	0	0	0	0	0	0
Mir-127	15.5353721091755	15.9202850607409	15.0498388566134	16.4055184716247	14.6066690837043	5.34023425695693	4.74680940648492	5.67273655614058	5.57440814870941	5.4872541241418	5.64300281711051	5.53150859181726	5.44411998239155	6.76182417736554	5.51658179675826	0	6.48499291294723	4.6985359130601	4.95352325734587	0	3.81754628436323	10.9857863443291	12.0469925877761	11.8697133754196	9.22237028085497	6.97331935825824	8.87730841579715	11.755230420214	12.3564041790524	13.0913308972358	11.5479911222226	8.33384401719536	8.47160968444725	8.07024660238765	8.34522342135157	5.09689642485397	4.43022837992987	4.15770202915441	5.62958203758528	7.8862900984826	7.99933722508972	8.84011014149233	8.42240461169786	4.4768712010803	4.94241996133138	5.69958914048074	5.31188860090023	8.60914920488108	8.54389913083145	9.17305521760507	8.81587764559582	6.8006167774274	7.18534510376321	8.19819587187016	7.47186046215926	5.98620238661793	6.47107946299815	6.02322531870907	6.44451353780383	5.55206895880753	6.05884952829508	5.19361749416904	6.12933870520989	5.26481717399395	5.3513484800449	4.89820176142228	5.6178778737348	5.41263975222335	6.18751084329895	5.03582194194562	6.11860600801394	2.058225813613	0	0	0	0	0	11.0687619817694	7.65230506537109	0	0
Mir-1270	1.26188337846119	0.951704251394096	0	1.6832459638687	0	2.25185002066947	1.44534677601554	0	1.48245369299614	1.37561887557387	0.829694090990264	0.890524894614324	1.76878525837759	0	3.51800268169261	0	0	3.99263571555372	0	4.76385518164967	0	2.81060658873647	1.10660602580349	2.40810955078785	0	1.76925718725172	3.6794220109311	3.51267972586876	1.69452393572146	3.24161368305883	0	1.93648805423278	2.77122957800882	1.73705388436462	2.54316049606998	2.11180087023049	0	0	0	2.36499121144135	2.81652647077442	2.72735225005617	2.26013680830463	3.12658572011525	3.07672945720567	2.21433246896568	2.28459148918587	0	1.00237849534382	0	1.98960573221573	0	1.78657782372909	0	3.04515659866357	0	1.44353758141309	0	0	0	2.3277687582711	1.18351117428896	0	0	0	0	0	1.62283230801153	1.53189714850589	0	2.33011731701284	0	0	0	0	0	0	0	0	0	0
Mir-1271	8.18191649859506	7.04200795202326	8.83028908319844	8.18341759080517	7.34878844315802	4.95900307100769	4.92104621145871	5.23060660176105	4.7070442757935	6.37732830349533	6.31303093112526	6.35958786712959	6.17846601590073	6.64533494129705	5.46554619930469	5.74091926604986	6.36164111673596	5.28752728512493	2.22975037392347	7.2878560291118	7.13014002370641	4.65899440589012	5.59361579512696	4.1883324258792	3.72827278790354	4.10930138229466	4.95730493077735	7.51170409464073	7.27921445353084	8.99412894540737	7.03499040606065	6.21957338682147	6.45409467658729	6.14987147034269	6.22514544534638	4.94956970572137	3.672208705986	4.96931889063519	3.63384787769828	5.13954459418728	5.25834158038865	5.36785342260586	5.50896216241405	3.12658572011525	2.71759355703859	3.96001785335902	4.04343593532579	1.6727228292708	1.58813295724365	0	0	1.88541361357369	3.06175321911136	1.88178770628316	0	3.71496546777026	4.64836056979696	4.65711627809005	4.3176543388335	3.4249459071449	3.70717685010067	4.5779241723878	4.55818041295031	4.73454492351963	5.28272503673382	4.46822923078021	4.84571346865752	2.36725402140542	2.73876249733365	3.24506977336074	0	0	0	0	0	0	0	7.07880176675778	7.87367264360293	0	0
Mir-1276	2.72079149910524	0	0	2.43908959205042	0	1.52680305375237	0	1.5476966437991	2.19801358191114	0	0.829694090990264	0	0	0	4.45361914027382	4.8238462389389	4.27431915486129	4.19803949509906	3.53732941775316	3.72376581740707	3.93121629987676	0	0	0	0	0	0	4.34621297560374	4.23982610286169	3.61800600637165	3.95049331164109	1.93648805423278	0.78940532022063	1.73705388436462	2.15349148476431	2.11180087023049	0	0	0	0	0	0	0	0	0	0	0	0	0	0	0	0	0	1.88178770628316	0	0	1.44353758141309	1.44931003566882	1.4446112134343	0	1.22656673517064	0	1.21845573574718	0	0	0	2.71169103855838	1.62283230801153	2.25801136368953	0	0	0	0	0	0	0	0	0	0	0	0
Mir-1277	1.26188337846119	2.24385930163119	1.82265302529723	0	0	4.00465679151571	3.26549896326262	3.64858055929813	2.67416840857219	1.37561887557387	2.28881398316065	2.14254477573674	2.72637231730374	3.34812589083824	3.3022716090724	3.86053518369262	0	4.41945893026242	4.58891252822872	4.36641065722925	3.12191719194481	7.54448181856146	7.1701222869105	6.33438943762149	6.81906640072401	8.74739932678918	9.8134358817537	3.68943744586169	5.36669329519545	1.26888496964859	4.90306399973185	3.34909825125254	3.74223823395369	3.44857507483924	3.74593810144566	3.83685525174689	4.21894606829712	3.85584163118431	3.63384787769828	2.36499121144135	1.59210096033023	1.52312552904802	1.94214918074719	1.55258070593448	3.36404642369147	1.49586600862742	2.76731407405506	3.92818294510346	3.46375324317578	3.14843131385487	4.37910547453744	2.67563002213424	3.97266821191938	3.17886491324099	3.41582379957016	4.75468345952835	4.18576331850142	3.89202119551229	2.97958245531887	2.71497423499928	2.66911242541594	2.26719612330756	2.31641372235756	3.15115746075381	4.01534396940577	3.64707793720826	3.59714748235133	0	3.38657537339801	2.87988227457315	3.46873395991548	5.0288954071155	0	0	0	0	0	0	0	0	0
Mir-1278	0	1.52020208391082	0	0	0	0	2.15269143163183	2.27709214581421	2.19801358191114	0	0.829694090990264	0.890524894614324	0	0	0	0	0	0	0	0	0	2.92929382150989	0	0	1.94826011776133	0	1.65426755789772	1.9910670551664	0	0	0	0	0	0.663011481921439	0.756857972372857	0	0	0	0	0	2.59388006992893	1.52312552904802	1.5336553038736	0	2.23832772712435	0	0	1.6727228292708	2.81142994505069	0	0.993078815701568	0	0	0	1.7732032383926	1.45052704271402	0	1.44931003566882	0	0	0	1.18351117428896	0	0	0	0	1.51111217476574	0	0	0	0	0	0	0	0	0	0	0	0	0	0
Mir-128-P1	8.81309365002109	8.30717698414379	8.26685501491803	8.56668576506133	7.99524409869704	11.0000247482307	10.9074442540454	11.1934635299169	12.3881200675844	8.54759372522324	8.43514915957242	5.94540601588554	1.38134581200857	6.74133198461873	4.24463217416448	5.23992832056537	0	7.2451500761362	0	0	6.57579090158922	10.9174283636872	3.18168974475396	8.98017008915439	8.30522552272906	6.20683300594642	10.4992790072038	7.54656129859766	1.69452393572146	9.51144043474432	3.95049331164109	11.3452955665749	13.1002356610807	12.9364113073123	13.1163745136171	8.50434724883786	8.14442399895879	4.96931889063519	5.35570510055245	6.6678035439583	8.7283456017193	6.49219281066778	0.961691675863634	7.93434055561412	6.46572483918593	6.8987127229819	7.99227622172087	3.28579122837544	6.30847375625193	6.3854749967649	5.86900361412418	7.68502003658387	7.63985733925825	4.49073154305589	5.76018501161865	6.23883246467503	7.09665942413684	7.52718035908691	7.45048015385245	3.75735241708837	7.57964333425356	7.86030835861319	5.64668330663406	8.21255965055077	3.38983163278759	5.61568425494599	6.87736022797451	8.3916573334884	6.3635445411677	6.90372292690434	6.8045533186153	11.9092019126716	0	10.4674525353375	0	0	9.01582299546751	7.07880176675778	7.65230506537109	9.53414875124716	10.8657334657507
Mir-128-P2	6.43100851469989	7.65040132741338	7.57968037460292	7.10970338949073	7.33557356747604	12.9925187998619	12.8860123665485	13.0376531557539	12.1650479910964	7.01547920472615	7.19334480789764	8.97704499783793	8.94064231494282	6.84100061355637	6.50435427799657	7.72239282240319	8.18094424130737	7.2451500761362	7.94632603383612	8.05858047484256	7.10613426569597	7.8973818750721	11.8131425105497	8.48601456618352	7.43764547788061	8.54596576297382	6.78828514762355	9.96894252729552	10.1766397091978	8.11536356870934	9.78639424484027	13.2876898390208	12.1298890501894	11.3348649143739	11.7270775894492	8.18011071925786	8.11415882860532	9.31709551412968	8.86450676930687	8.68649358853359	6.33248938943968	8.67793253069673	8.84136641031929	7.61673126180624	8.46106222083792	8.1361269331905	7.17266417967114	6.80092507347775	5.09207634402426	3.97732159042834	5.84434563363964	6.93376705396155	6.55609699043267	8.49518400034661	7.87993658436485	7.12563355920307	6.79534702681788	6.13403542900801	5.8535596421283	8.01356818014155	5.87342096975338	5.62377836584576	7.84071314608254	6.66557643208455	8.58522443484335	8.38935350492623	8.35161174016646	6.87612741511342	8.33352183069636	8.3554666257365	8.19506959959717	12.2818622815485	9.48305012733213	0	0	0	0	9.24040241032892	9.06285349138663	9.53414875124716	10.6543514314498
Mir-1286	0	0	0	0	0	0	0	0	0	0	0	0	0.850044378990743	3.40134148604961	0	4.9172168598317	0	2.62663034532242	3.10630045449752	3.28136949963474	0	0	0	0	0	0	1.0522884103283	3.84688350994896	2.94674992848661	1.26888496964859	4.90306399973185	2.18099410926111	1.96844010402342	1.45951188267731	1.25072685083557	0	0	0	1.94613051722549	0	0	0	0	0	0	0	0	1.06631564158912	0	0	0	0	0	0	1.7732032383926	0	0	0	0	0	1.22656673517064	0	1.21845573574718	0	0	0	0	1.62283230801153	0	1.64168482374576	0	0	0	0	0	0	0	0	0	0	0
Mir-1287	2.72079149910524	1.52020208391082	1.82265302529723	0	0	3.09184611955232	2.98059768693628	3.64858055929813	4.09997858211246	5.65645492145274	5.7088040987771	5.70683522586284	5.66557739227635	0	0	0	0	0	0	0	0	5.74248979957392	4.51817680031338	4.34943790361679	4.30657545463839	3.41076658010507	2.89586493667408	1.31478616941387	3.31423283712094	0	0	4.04897724228315	3.81869862733944	3.36934773149037	3.50425122981611	2.11180087023049	1.97710455401973	2.95219506569975	0	2.62979231703988	3.00936200401074	2.24739919023902	2.74104702588104	3.65540725840055	3.98859312062283	3.049863509461	2.76731407405506	3.28579122837544	3.46375324317578	2.78663440565584	2.98786605007424	4.10161056853098	3.43293571958275	2.67143578140483	1.7732032383926	2.98774198735876	3.26293655560256	2.15754450173878	2.97958245531887	3.75735241708837	3.97645881913914	3.77746056023688	3.83488819463609	2.30504833278199	4.01534396940577	3.40689325302281	3.59714748235133	3.75261418074035	4.17192142243449	1.64168482374576	3.17902127432894	0	0	0	0	0	0	0	0	0	0
Mir-129-P1	1.26188337846119	3.6099763437264	2.60279459058997	0	1.99008428092361	1.52680305375237	1.44534677601554	0	0	2.5321613069548	2.28881398316065	3.37745076184522	2.32561145568561	0	0	0	0	0	0	0	0	2.72568488264569	0	4.00694808440103	2.91361887668775	2.54041617166137	0	1.9910670551664	2.94674992848661	2.3866061014718	3.95049331164109	8.84263892882256	8.85191476236965	8.46262804225968	9.66326049853602	0	0	2.12751062648816	0	3.37028483354107	3.33155669407696	3.08687234965292	4.01448707909499	2.28298180006373	0	1.49586600862742	2.76731407405506	0	0	0	0	7.48254845840307	7.13593982320354	7.43346127523622	6.610653090138	4.05291221085378	4.54586381656057	4.32470379306534	4.64999043582118	5.78833862363346	5.87342096975338	5.33663878626952	4.47453991842031	4.22791666466431	3.38983163278759	3.85292467794796	3.98206947266331	2.36725402140542	3.62643336488444	4.60426718462528	5.43625697122489	1.53547716393402	0	0	0	0	0	0	0	0	0
Mir-129-P2	0	0	0	0	0	0	0	0	1.48245369299614	0	1.35310696887963	0	0.850044378990743	0	0	0	0	0	0	0	0	0	2.7584999950763	0	3.13099394302289	1.76925718725172	0	1.31478616941387	1.69452393572146	1.93338566920081	0	9.21288268414104	9.187255919853	8.81817537061228	7.43838935077433	0	0	0	0	2.04040900376453	2.33049001764978	2.24739919023902	0	1.55258070593448	0	0	0	1.06631564158912	0	0	0	3.18329037307815	3.43293571958275	5.05414401010867	5.6943378141382	3.27282852460369	3.26293655560256	3.27110756161846	2.15179039474782	2.37138090759824	2.94494688679439	2.60529408029441	4.29113573750134	1.57090978297909	1.53425327332603	3.40689325302281	1.51111217476574	3.22020035167716	3.83204024670853	2.87988227457315	1.59179007653147	0	0	0	0	8.0562500135055	0	0	0	0	0
Mir-1294	1.92454533655116	1.52020208391082	3.1063370451116	1.6832459638687	1.99008428092361	1.52680305375237	1.44534677601554	0	1.48245369299614	0	0	0.890524894614324	0	0	0	0	0	0	0	0	0	0	3.35432195814441	0	3.8959812588659	2.81187378080139	1.65426755789772	1.9910670551664	1.69452393572146	3.44205006160109	3.95049331164109	1.27134418850794	0.78940532022063	0	0.756857972372857	0	0	2.12751062648816	0	3.37028483354107	3.17943511996769	2.50724308955643	2.52053824391428	0	0	0	0	0	1.00237849534382	1.56887233004962	0.993078815701568	0	0	0	0	0	0	0	0	0	1.87977978791294	0	1.86945692385663	1.57090978297909	2.26085957392237	0	0	0	1.53189714850589	0	1.59179007653147	0	0	0	0	0	0	0	0	0	0
Mir-1295	0	0	0	0	0	0	0	0	0	0	0	0.890524894614324	0	0	3.36726961930544	0	0	2.39573153213978	0	0	0	0	0	0	0	1.48881729748434	0	0	0	0	0	0	0	0	0	0	1.97710455401973	0	0	1.62093710370287	0	0.95387252234241	1.94214918074719	0	1.51563629299423	0	0	0	0	0	0	0	0	0	0	0	1.44353758141309	0	0	1.91949561640633	0	1.18351117428896	0	0	1.53425327332603	1.54662249830223	2.23284297951258	0	0	0	0	0	0	0	0	0	0	0	0	0	0
Mir-1296	5.11078346314081	4.49092888569106	4.41267905632013	5.09476201303325	3.3100210275349	7.77643348794947	7.86816305418339	7.90396625560951	7.84963755740594	6.32088541041651	6.13299735727778	6.07895855301678	6.0619840040393	5.85829598890197	6.11721943385235	6.35550350458155	2.29714186128557	6.74082030542291	5.32954921622152	5.85045183787566	5.60803231443677	2.72568488264569	2.98555648442163	2.40810955078785	0	3.3266725254489	3.41472421796083	7.53503555466221	6.98019940466008	5.80684852295563	5.47186378191715	7.95256192637291	7.92804163627797	7.71723069961594	7.98173473407804	5.09689642485397	4.61448436515358	5.25042779200127	5.13917288757464	5.75305793999391	5.43671143149342	5.40022603784448	5.35045747073329	6.52152912984168	6.88426444429548	6.43555686594374	6.36312701780894	4.51611435295351	4.64841944293882	4.50041969466391	4.30874932783869	4.93736658920608	4.6724002608723	5.36736114427012	5.396024083568	5.08442560423931	4.64836056979696	4.55459283115815	5.21567032853788	6.53661179868362	5.87342096975338	6.06839176175556	6.33303907793454	5.02390827014376	5.3513484800449	4.89820176142228	5.72269310910557	6.24550450573876	5.05129349714656	5.69730689680522	6.34995344155395	7.37126599963792	0	0	0	0	0	0	6.6594586548024	0	0
Mir-1298	0	0	0	0	0	0	0	0	0	0	0	0	0.850044378990743	0	0	0	0	0	0	0	0	0	0	0	0	0	0	0	0	0	0	6.77962089229366	6.87698223497105	6.62948147332351	6.58786426681086	0	0	0	0	0	0	0	0	0	0	0	0	1.06631564158912	1.00237849534382	1.56887233004962	0.993078815701568	0	0	0	0	0	0	0	0	0	0	0	0	0	0	0	0	0	0	0	0	0	0	0	0	0	0	0	0	0	0
Mir-130-P1c	9.38346023800973	11.1842857149481	8.97552574868083	9.88464253652427	9.89065956415603	8.05683668262966	8.15654654715162	8.19658745320261	8.26591642513931	9.95906414952641	9.97003484361095	10.1065199233344	10.0305683755597	12.6322085808706	12.5909262639852	12.7070895767819	12.5261796512499	13.4379666303766	12.6380015862259	13.5128755769601	12.9853855709932	10.9611832873547	13.0653826622753	10.9733967766233	9.98458553111969	10.8208111169309	11.9169021425066	11.4338722010059	11.7920461900403	12.1866224113301	10.4697498086979	8.3835526311361	8.36409616652237	7.9663907257593	8.3421600461381	10.2091372190513	9.92652444006	10.2050234101043	9.90650148502561	11.5942257437031	11.6124618477085	11.4512182135671	11.4850841307719	11.8539155286166	11.8456679799011	11.7434412768745	11.8270175420174	10.8936873561045	10.8129102021621	10.7315332154634	10.7132020513611	10.5654435529098	10.5928980677028	10.6880606010518	10.6756478496148	9.99931861225699	10.1498919602971	9.95274539933846	10.035670400811	11.3795098336189	11.404434249486	11.265741121786	11.4226873366839	10.179785947187	10.1771637595562	10.1936318878973	10.2897891315867	10.1157309337996	10.0425537100206	10.039835997475	9.98892964185364	12.3516613804689	0	0	0	0	0	7.07880176675778	6.08161444745164	7.95307271475572	0
Mir-130-P2a	2.72079149910524	4.60608109724168	3.1063370451116	3.59185713033734	2.44861108198143	3.09184611955232	1.44534677601554	1.5476966437991	2.19801358191114	3.16574472396543	4.11465667611693	3.4913664519491	3.41016149980214	3.23541725642771	4.91141930988428	3.68959110097398	0	3.34110296989027	3.84580760886016	0	0	4.73700482996774	5.69345694178377	4.62601910292658	4.11583632555823	4.54109674235393	5.14413350182097	7.94522729218752	8.09738681954579	6.0098591076539	0	3.01244679383522	2.42496810961413	1.73705388436462	2.70452922768783	4.38776437228855	3.97132346533563	3.85584163118431	4.17954106693148	1.62093710370287	2.00802828865477	1.52312552904802	1.94214918074719	3.12658572011525	3.07672945720567	3.049863509461	3.12837960343253	5.21352599685976	4.70501027263923	4.88350088558353	4.94077027158881	5.70589990329372	4.36454759470457	5.2703196882654	5.62534090049838	3.27282852460369	3.26293655560256	2.15754450173878	3.26445732891761	1.91949561640633	2.94494688679439	3.10898151970837	2.657159825374	5.10876032442654	3.62974229700264	3.40689325302281	4.6469609269298	3.75261418074035	4.01196675060063	4.60426718462528	2.81612731370579	9.47661083800679	0	0	0	0	0	0	0	0	0
Mir-130-P2b	5.60095129574324	7.16918228954503	5.54447290400462	5.09476201303325	4.6311518128511	5.52842087619081	5.67172361117333	5.55961425208311	5.7288139344837	6.49678748092275	6.46039114642552	6.46095137878183	6.60446819965267	6.62869553634805	8.26503764715403	8.18750997460151	7.62374187828615	8.90480474850129	7.98493028284288	8.71469124317026	7.79035227334303	8.487598095758	8.52268474084253	8.00738123062715	8.17059695304535	8.72087697240607	9.27999604164705	10.2763759892212	10.3694774714386	7.62172659422363	7.32249545710013	6.73244344996422	6.62352294686281	6.25278990559528	6.75381834839419	5.75907271149473	5.90063566800594	5.11670929067115	6.1185571616377	5.78055779217227	5.53402479571631	5.36785342260586	5.53867562013671	5.83463554388374	5.45163077893282	5.69958914048074	6.14365264094516	8.01183377131836	7.76628244058634	7.97024609376004	7.89907145608614	7.29724757179924	7.08478247528005	7.10801246853164	7.03978001065759	6.13592780986734	5.4593248726014	5.98431299297359	6.01591902320941	4.45100061409922	4.09433175985343	4.65274389857898	4.18987795862846	7.5103657738231	7.72450505533272	7.47380177262122	7.75244376250696	5.72777801267395	6.14957158728519	6.10537648451602	5.79140365739462	12.0291907000769	0	0	0	0	0	0	0	0	0
Mir-130-P3b	6.11907002621582	6.2779996572864	5.76244260620772	5.97549071859903	5.0095407339748	7.82512373392408	7.73446425423843	7.9155060416684	7.83837149200205	9.50032037475046	9.42655972288788	9.51043675987634	9.44130764444612	6.7669020661735	6.57828270758888	5.98842807010457	6.91464856483514	7.17393310037484	7.12541825554392	7.17482384132909	6.97972124906659	7.17969044529889	6.95898362659062	6.70579556645523	7.20983188247173	7.02759797082527	7.70214934311803	8.57119105879564	7.88174760784955	7.23298459277814	7.66848604536393	9.13882914462566	9.33612408707378	8.92765694140367	9.2463601773673	8.46419581566037	8.39154623136436	8.2168782762469	8.19005383596778	7.56113635332041	7.36818152150387	7.54333279491347	7.50771634086282	8.96526717885571	8.98503284424886	8.80407235106193	9.06960599594156	9.14906815800436	9.02711176335065	9.13571095161516	8.96056657616852	8.51084098582769	8.3632326761556	8.64786076636714	8.66115855300407	8.73923170257111	8.72235705447545	8.53677438776852	8.66407473451296	8.77908889380678	8.6402740047958	8.76324387165418	8.63577447362197	8.52967280468617	8.57090670474005	8.61113114307771	8.55692848841562	8.97220312784445	8.78091620089053	8.86215918437534	8.85883011437027	11.1489533214088	0	0	0	0	0	0	0	0	0
Mir-130-P4a	8.03585522864335	8.33248285696305	8.75603203010679	7.80967939675988	8.0609546401307	5.04373487300583	5.21680162764177	4.70074494805537	5.27347667325203	5.92611090573841	6.06762192345384	6.0606200110337	5.8575208137398	7.54954140615471	7.055943282976	7.3151551721897	7.34417858810074	7.6578081881333	6.39295074806028	7.71662620184751	7.92908885638076	9.33111508541682	8.96698278463074	8.65741766040715	7.60437630295458	8.39928888381359	9.02735622613968	9.31677061973256	8.94566077946471	9.75450093033534	8.38191552295122	6.43527439488283	6.70635631792798	6.11386647199713	6.58786426681086	8.07738563223408	7.84603985834825	8.07985956602906	7.7860180241093	5.30017242423569	5.59543499311802	5.19410588929216	5.83055814339764	6.96276297306584	6.69011950470591	6.78424272064806	6.98696253854047	8.08341247656409	7.88124982969127	7.89476103551684	7.90504511807661	10.0239082993541	9.92723336865648	9.97342126728214	9.85664360345912	9.34245576848937	9.44614715787734	9.42651083939032	9.45493897761463	6.96392948761721	7.04798820194966	6.95785675724426	7.28776851331182	7.49468540898516	7.27246338782393	7.37707068489662	7.20137362732623	8.11692696548918	7.95888474111125	8.10076073586974	7.81108347517082	15.5961562502821	0	0	0	0	0	0	0	7.95307271475572	6.42244728169308
Mir-1301	4.45754764087458	4.15500520723812	4.85351765764223	3.59185713033734	4.11680648772231	3.82479460923886	3.70741205529201	2.75926244844499	3.55648016717492	4.08303628748327	4.35280876632226	4.77975165898607	5.04885759161145	3.45266378752638	0	0	0	2.62663034532242	0	4.20520234011523	0	8.16264175171989	8.44364299605284	7.68383482747124	7.92360795148925	7.02759797082527	8.78198598999426	6.05434494393017	5.64982851301949	7.01443872082891	6.4555179366053	6.13502830782183	6.08765999586284	5.57503231734618	6.10015828579531	2.11180087023049	1.97710455401973	4.96931889063519	2.74562293223415	3.63419962438729	4.18002742601105	3.2378064250249	3.51393471826975	4.04153318780264	3.80887342543908	3.049863509461	2.28459148918587	3.92818294510346	4.3264438884795	3.88431377176509	4.23478541945683	2.67563002213424	0	1.88178770628316	1.7732032383926	2.98774198735876	2.62283885480155	2.98606444080148	2.15179039474782	3.75735241708837	3.70717685010067	4.23251061014919	2.93260457456171	2.78926187160716	3.62974229700264	3.40689325302281	3.35776089214979	3.75261418074035	3.83204024670853	3.53623955202953	4.25762021939456	0	0	0	0	0	0	6.08943441674269	0	0	0
Mir-1306	1.92454533655116	2.91439094046863	2.60279459058997	2.43908959205042	0	3.09184611955232	4.18846639604036	4.70074494805537	4.9773717949269	2.88345813314193	2.85169262068423	3.59694185734217	3.29691548822359	0	0	0	0	0	0	0	0	6.4199127083501	6.52540155309116	6.3723930194383	5.57174651391514	5.49058001677809	6.10119736781617	3.51267972586876	1.69452393572146	1.93338566920081	0	3.77871037111646	3.81869862733944	4.29780026286016	3.81826994247529	3.45508583701279	2.7811588339805	2.95219506569975	3.25703906497248	2.36499121144135	2.81652647077442	3.2378064250249	3.10110175432935	2.28298180006373	1.51563629299423	1.49586600862742	1.55391615072	1.6727228292708	1.58813295724365	0.987949226811437	2.31083820596294	0	0	0	0	2.15903414483269	2.62283885480155	1.44931003566882	2.15179039474782	2.71497423499928	3.70717685010067	3.30728596208954	3.96317125907967	2.30504833278199	1.53425327332603	1.54662249830223	0	3.22020035167716	2.25801136368953	1.64168482374576	2.33011731701284	11.7534104448487	0	0	0	0	0	0	5.102760991841	0	0
Mir-1307	9.75658488998613	9.56185717015142	9.68044993414398	9.48688536701471	9.05422298384184	9.87628915295304	9.64183483748592	9.95361817817203	9.76091254470417	10.1103442335794	10.1436466044646	10.2388162157457	10.062319444668	6.37302105794586	6.33189831252046	7.19511592686864	4.87688652548564	6.11901330215442	3.97838900224064	6.60565382110561	7.01022374570841	10.8795402348051	10.4090589548958	10.1026119653975	10.5925419620025	8.7494194540533	9.05383214824612	10.8718722125259	11.0538346775673	9.1632962143513	10.0051739077127	10.7105666805123	10.7091245309671	10.4463477982216	10.6903442252795	11.198364995852	10.9409502364747	11.2923237027941	10.8218163619173	9.24583382588428	9.13220887558203	9.0763145633875	9.01788121088457	9.99695727470826	9.99679508684568	9.93445655649186	10.1442762117195	9.29440726336908	9.09485678858952	9.0419316710993	9.13589593385244	9.28412982036209	8.89570068845789	9.25400431928976	9.14679823198704	10.8615471957987	10.8137681997656	10.9136991117009	10.8748777408259	9.43577981755884	9.53019566155345	9.40099545498768	9.53936438481601	10.7626980902374	10.7136447227373	10.7078354347685	10.7325259739405	10.5209449258436	10.4656366488918	10.6224024081421	10.5030768314927	0	0	0	0	9.0535374503772	0	10.5925867347552	10.2707749517226	0	0
Mir-132-P1	5.9661485504835	7.65040132741338	5.89137424028894	5.81474076669132	7.02578394258057	6.59923999995604	6.86369001568094	7.29281403114089	7.0441667919807	8.03642575704349	8.17682858168639	8.2403583231577	8.08460378022263	3.45266378752638	3.68027568140865	0	4.37981728398581	5.20657560882764	4.34874746413168	5.5482706747753	3.96719957359308	8.2316368374978	9.16549031294451	7.52419536936944	6.01606900918767	7.46138970181891	6.71644530552909	6.1175311131383	6.69888839241842	6.73784135646987	6.67556004510934	9.87187096215962	10.0015162993135	9.56760676212096	9.95155047574619	6.87382149115031	5.75131334817871	6.41347074396158	6.48309475265362	7.76073822149738	7.88101367244096	7.66155736788556	7.80531943004703	6.66586924602062	6.66390600452254	6.83112614051478	6.72179716736994	5.79970729992264	6.19451262976695	5.46819232242996	5.54100974143013	7.82874211856181	7.65747112491431	7.8065889043912	7.56691707833176	7.29441020760924	7.47692103753302	7.44358528359541	7.63675424988295	8.76069388309751	8.68793194917677	8.73769269452839	8.80796854355616	9.08481639717354	9.03452992353054	9.16378708848952	9.1617408961573	8.76020918379592	8.63752428695145	8.62708087804408	8.88979089300581	5.28454591238288	0	0	0	0	0	0	5.102760991841	0	0
Mir-132-P2	5.22304542189307	5.18974284182723	4.41267905632013	4.04268629010933	5.13688547458677	4.00465679151571	4.18846639604036	4.46978839378597	4.49382841277341	6.26214406078886	6.01656972484762	6.13261569317254	6.30100167404106	0	3.36726961930544	4.1733173049543	0	2.21832207119816	0	3.62522599787577	0	0.849683870771449	1.72542237294981	1.65713316502257	2.09340118656229	3.77041848307703	2.4047034181675	4.1180440609977	5.44285434665835	6.73784135646987	0	6.13502830782183	6.51280956212265	6.08935404216371	6.25150888760653	3.83685525174689	3.29440963269816	0	1.94613051722549	4.57490217236638	5.09784391395374	4.76753964753284	5.0538992588385	3.12658572011525	4.14838437060815	4.51374386572384	3.65727227883781	2.4266175817084	2.0035662741426	2.3025982432924	1.57572685667555	4.31194758102156	5.57134788014868	5.05414401010867	5.62534090049838	5.35264596238349	4.91828061803948	4.44422249010956	4.04413629872408	5.50863543522806	5.90602842375977	5.62377836584576	5.68439942866118	5.70719128310124	5.28272503673382	5.77602708689639	5.6178778737348	5.72777801267395	5.53604675524899	5.63711473495533	5.21940713494892	3.10356003119634	0	0	0	0	0	0	0	0	0
Mir-1323	0	0	0	0	0	0	0	1.5476966437991	0	3.28855875336743	2.85169262068423	2.96916041819176	1.76878525837759	3.64143736662373	3.60141951941312	0	0	2.62663034532242	0	0	0	0	1.10660602580349	2.40810955078785	2.91361887668775	0	1.0522884103283	0	0	0	0	0	0	0.663011481921439	0	0	0	0	0	0	0	0	0	2.28298180006373	0	2.21433246896568	1.55391615072	13.3243062204863	13.2534214280211	13.1914841740068	13.2670413966304	0	0	0	0	0	0	0	0	0	0	0	0	1.57090978297909	0	0	0	0	0	0	0	0	0	0	0	0	0	0	0	0	0
Mir-133-P1-v1	0	0	3.1063370451116	0	0	13.0205553921418	13.1257273380346	18.5226042391535	13.6027493978765	9.10852608589657	16.8104049433985	15.9839659277481	10.4772903388117	0	0	0	0	0	0	0	0	4.39592993377048	1.10660602580349	3.55697609900461	2.8332176251655	6.96638866199608	2.07773870067745	0	0	0	0	8.22897335283725	5.35965833577323	4.639160238929	0.756857972372857	0	2.7811588339805	2.12751062648816	6.48309475265362	5.54431370973924	8.65452403969892	4.43398994001983	5.28183511770262	5.68000822608499	13.9908648975937	13.7985481429487	9.17484312357544	0	5.0490033924347	1.98188588144377	7.15614608991743	0	7.30192745573062	2.67143578140483	0	9.69594450872292	5.40179682656542	6.06111560840012	6.2296161591227	9.5553274825742	5.8059081724748	10.1008229630801	6.89603903354373	0	10.7346702755261	6.20965457904537	6.98664057809475	7.40482689896572	9.70274360602098	5.69730689680522	5.05431448926657	1.53547716393402	14.6510137895158	15.1103301912561	0	0	0	10.0694334787949	6.08161444745164	16.1712603092358	10.5763986490734
Mir-133-P1-v2	2.3769176484058	3.49514731278527	0	0	0	10.281523351382	17.956175704951	9.1508453121037	19.2254299856949	17.3971108597262	10.3450278881221	12.1836116871095	17.3952167253757	0	0	0	0	0	0	0	0	1.13957361397743	3.18168974475396	3.26537195911095	3.77206273659996	4.46446308960356	1.0522884103283	0	0	1.26888496964859	0	0.771405439911369	6.26208800179809	6.14987147034269	6.49161304969496	0	6.21772578153816	0	1.94613051722549	3.04703515298415	0	7.23773993033879	3.10110175432935	13.5778902485977	3.36404642369147	13.9639699988352	14.8977526072776	4.64787459480973	3.00415979702884	3.88431377176509	5.96362548641804	1.88541361357369	5.84169593149014	1.88178770628316	4.16404955471223	2.98774198735876	9.70883681588267	9.16026346355258	4.43714352484173	10.2558506559072	9.74819371541401	7.27450346510528	6.84699284992067	9.94034030162872	9.74511279746042	10.7884070153531	5.24815289080816	9.87495922904674	4.01196675060063	4.93942417965486	4.0970924071356	2.74341345314188	0	0	0	0	9.01582299546751	10.5925867347552	0	0	0
Mir-133-P2-v1	0	0	0	0	0	10.9097868786923	6.3268070749075	9.75276204912633	10.0807164089586	9.41188966664346	2.0388694335583	0	3.79086605701215	0	0	0	0	0	0	0	0	1.92879515284927	0	2.40810955078785	0	0	0	1.31478616941387	0	0	0	3.01244679383522	0	0	0	0	0	0	1.94613051722549	0	0	0	0	8.90835261720865	5.25493340684441	4.51374386572384	9.12067719806371	0	0	0	0	1.88541361357369	0	0	0	0	0	0	0	2.37138090759824	0	1.82479947403407	0	2.30504833278199	3.10190872756461	0	2.71169103855838	2.36725402140542	0	5.03582194194562	0	0	0	0	0	0	0	8.65663204834097	6.08161444745164	14.4391571294031	7.41401268773809
Mir-133-P2-v2	0	0	0	0	0	6.65417349068422	3.70741205529201	6.54423815306383	6.81047665289048	7.40979778761292	6.90602706070488	6.16730955762953	9.39045826505983	0	0	0	0	0	0	0	0	1.00189769611325	0	2.40810955078785	0	3.41076658010507	0	1.31478616941387	0	0	0	0	0	0	0	0	0	0	0	0	0	0.95387252234241	0	5.83463554388374	5.82724670325306	4.82298550392597	1.55391615072	1.06631564158912	0	0	1.57572685667555	0	0	0	0	0	0	1.44931003566882	1.4446112134343	0	2.3277687582711	0	3.69407510670721	1.57090978297909	1.53425327332603	0	0	0	5.34783666750821	0	1.59179007653147	0	0	0	0	0	9.01582299546751	9.97641358373028	5.102760991841	0	0
Mir-133-P3-v1	1.92454533655116	2.91439094046863	0	0	0	14.0863978493746	12.9720722786452	18.1332643089743	12.9951969181387	12.5173391496268	15.7100372744873	10.9085154125206	12.7391846760574	0	0	0	0	0	0	0	0	2.72568488264569	2.15709348027692	5.83292004987183	4.36493502648283	6.65770482531641	0	0	0	2.3866061014718	0	1.93648805423278	7.58369066740275	3.0001103619038	7.55939500619865	6.39330677891357	0	2.95219506569975	0	8.47974271278795	7.42848469144644	8.55392138991423	7.14204225151329	14.1684293795327	9.05730196213209	8.87849902544617	7.21087515317969	3.92818294510346	7.62678080750873	7.61254421015754	2.79546962662603	6.49059282120493	0	6.19974082735513	7.54840020994298	6.06300657308629	0	10.5389019075105	9.5474773325546	4.25466212015411	10.176798316453	1.82479947403407	10.2610664255429	6.16898537895919	4.01534396940577	7.48931135742415	9.70646817421786	9.14644920597577	5.53604675524899	10.6682381377466	9.1624962130943	2.058225813613	14.3879905989132	14.5539560360508	0	0	0	10.0694334787949	0	0	0
Mir-133-P3-v2	0	0.951704251394096	0	0	1.31400097922241	19.2078796668026	18.348873941459	13.2956448389313	6.14924290557339	10.3353725937049	12.682026413418	16.9018532563396	9.68302120782487	0	0	0	4.16049343406406	0	0	0	0	3.79011474828438	2.15709348027692	5.93802626924203	6.78740953349799	2.38277016299004	5.14413350182097	0	1.69452393572146	1.26888496964859	0	1.27134418850794	3.81869862733944	7.29780587422047	5.14935368940083	4.13844792386717	5.2920925573992	6.23135227684562	0	7.30121212202289	5.43671143149342	4.99653119831411	8.43035215393001	7.48280061516833	13.8397134866668	7.24875985412212	8.83897327302138	7.56362744169534	1.00237849534382	2.3025982432924	2.79546962662603	6.8006167774274	3.06175321911136	6.89668156289024	1.7732032383926	10.6444256793844	10.5596885395254	7.51357990687011	10.531486226861	8.12562414048443	7.8548449405896	9.79912321720483	9.67902892195095	10.8125616693942	2.26085957392237	9.81714527555914	10.6584874448396	5.83679137006315	9.07714324687359	1.64168482374576	9.90048282105866	3.10356003119634	0	0	9.36752163008088	0	9.01582299546751	9.77018301325674	5.102760991841	16.0610023537699	10.5763986490734
Mir-134	7.67046127143194	6.94689986581165	4.7209957483837	7.70653553345583	5.68745924674797	3.09184611955232	4.04522842646424	2.75926244844499	1.48245369299614	3.50667147076225	2.50178325451139	2.61426293196027	3.41016149980214	0	0	0	0	0	0	0	0	9.72557118183317	10.6517855582029	11.1174239158753	8.37610724388832	5.83299702588316	7.35948729822316	3.51267972586876	4.54640101084903	5.57051854978008	0	6.20582214090656	6.04054634546196	5.84770333661996	6.3523939479403	4.13844792386717	4.21894606829712	2.95219506569975	3.25703906497248	5.37424234218083	5.62518686736661	5.8147259408791	5.31655426188884	2.7655861005038	3.98859312062283	3.049863509461	2.76731407405506	5.8552943558229	6.00467892933036	5.53090500616016	6.00870656736581	5.77851785590262	5.57134788014868	6.09027886687229	6.29241099041292	4.05291221085378	4.31604199725793	4.19438197448592	4.18736761032302	5.16133740159686	4.79711096249029	4.41553026415294	4.78343050298107	4.0675836875877	4.17532203413511	4.80211769395842	3.35776089214979	3.95963430477396	4.31589834224757	4.47268283042197	4.25762021939456	0	0	0	0	0	0	6.08943441674269	5.102760991841	0	0
Mir-1343	2.99827311438567	0.951704251394096	2.60279459058997	0	1.31400097922241	0	0	1.5476966437991	1.48245369299614	1.37561887557387	2.28881398316065	1.83250583487512	1.38134581200857	3.64143736662373	0	0	4.46219746970201	0	0	0	0	4.81101253224312	3.18168974475396	3.55697609900461	4.11583632555823	3.23737159378435	3.26161113333566	3.51267972586876	2.94674992848661	3.61800600637165	0	1.27134418850794	2.21468729068628	1.73705388436462	2.36144229461087	0	0	2.12751062648816	0	1.02706470079385	1.00535715333026	0.95387252234241	0	0	0	0	0	1.06631564158912	0	0	0	1.88541361357369	0	0	0	0	0	0	0	0	0	1.18351117428896	1.21845573574718	1.57090978297909	0	0	0	0	0	0	1.59179007653147	0	0	0	0	11.8585632520829	0	8.39431245318683	7.39070421791823	0	0
Mir-135-P1	0	0	0	0	0	3.09184611955232	4.04522842646424	1.5476966437991	5.20495110254083	5.03983321534769	2.85169262068423	4.77975165898607	4.82206302438496	0	0	0	0	0	0	0	0	0	0	0	4.11583632555823	0.680050647660377	2.89586493667408	0	0	0	0	8.38049551933634	1.29673565130016	5.52106938829647	3.21376359985171	0	0	2.95219506569975	0	6.37490087279654	6.71103175062759	6.49219281066778	3.38900540725755	12.3210299333231	11.870953238733	12.2552046766576	4.90890700127185	2.4266175817084	2.32573180748621	1.56887233004962	1.98960573221573	6.20464712890192	0	3.55351504184089	3.04515659866357	5.86273899801751	6.52596076832226	1.44931003566882	7.09834454575595	4.45100061409922	3.84809148907568	1.82479947403407	3.36300636743547	3.15115746075381	3.10190872756461	3.11857518443607	1.51111217476574	0	0	6.01366335732198	4.25762021939456	0	0	0	0	0	0	0	0	0	0
Mir-135-P2	0	0	0	0	0	3.82479460923886	2.15269143163183	4.46978839378597	0	3.40173309249684	4.89532264692785	2.80259719824726	3.03966611982601	0	0	0	0	0	0	0	0	1.48786626400358	0	1.65713316502257	0	3.83271911093674	0	0	0	0	0	3.44586513758152	8.43260524855839	7.8250843115146	8.20724540289774	0	0	0	0	4.29878499395706	2.81652647077442	3.61409524568548	6.69125448451343	8.41481572707939	10.6116043950561	6.94207313582136	12.3290392168138	3.82058174025459	4.25243081741519	3.14843131385487	4.07440703314392	4.80456386101349	6.35488472569781	6.56964304995988	5.94141180305894	6.42493652768734	5.9353523040569	7.10571121134821	3.70633851331011	1.91949561640633	1.22656673517064	4.23251061014919	2.657159825374	2.30504833278199	1.53425327332603	0	2.71169103855838	5.60984908665497	5.70251286941169	2.87988227457315	5.62473109152038	0	0	0	0	0	0	0	0	0	0
Mir-135-P4	1.92454533655116	0.951704251394096	1.82265302529723	0	1.99008428092361	0	0	0	0	0	0	0	0	0	4.20961336574491	0	0	2.47687381622502	3.50837925802025	0	0	0	0	0	0	0.680050647660377	0	5.64652561216429	5.88640910237012	4.27252956030176	4.90306399973185	5.06690135181215	5.07793874249412	4.45955201302282	4.72916319657475	0	1.97710455401973	2.12751062648816	3.25703906497248	3.21769451814435	3.46915714931537	2.50724308955643	3.25222343783925	8.1262482031541	7.977272039254	7.88156112314187	7.9812646154722	8.13485823895086	8.10276784024957	7.83388314031165	8.01960048446577	5.17111265390515	4.18187297657636	4.65350890705815	4.90772930068503	3.51076861644781	3.88351898826238	3.89202119551229	4.04413629872408	2.71497423499928	2.66911242541594	3.30728596208954	1.21845573574718	4.73454492351963	3.62974229700264	3.85292467794796	3.80240809363414	5.60984908665497	5.41333971665795	4.83612118201228	5.50185585005509	0.707478534362859	0	0	0	0	0	0	0	0	0
Mir-136-v1	6.85353474677425	10.4697586491741	9.20373004932481	11.3391056576547	9.39086060123287	6.17982376615035	9.2873161086582	9.17024188816334	8.92315995267829	8.26677461002721	4.23864125502666	8.29628820378353	5.8575208137398	0	0	0	4.44609346274455	0	0	0	0	3.48888147988041	5.05722364277682	6.21397557422048	4.96461347369423	2.38277016299004	5.7446191380088	8.42273990237031	9.5208893363528	3.00876697253339	5.47186378191715	10.7075203383867	6.83157443607996	10.4084557751635	7.26159865809002	9.6105481296862	3.97132346533563	9.58102290445193	6.38799125410084	9.30621013236166	5.3679865919914	9.17316518061138	8.83539319324346	5.50679621733548	4.94241996133138	7.57224343798281	5.6265345000059	13.1496396986698	11.1372506917687	12.8045318331372	7.86270054346984	10.1928492263352	8.21647735099871	6.09027886687229	7.56691707833176	9.18813004823255	5.56792517871853	7.93686854334918	9.04881828411373	5.82421174610867	9.67439973120709	9.29403571743371	9.69528471867374	4.50335640551667	8.92622038224181	9.16378708848952	5.91191920534574	7.4907466047413	7.08010065021194	6.71279809223429	5.62473109152038	0	0	0	0	0	0	0	0	0	0
Mir-136-v2	10.7203226575317	11.6155819403188	7.39628383685163	10.1434788600789	8.88765846430169	9.40183167400432	6.0170636370868	7.49093516929965	7.63202038485633	6.7095867220275	8.46083848147631	6.43270972942782	8.29828963114153	3.88507373300367	0	0	5.56950993447487	2.76229316532562	0	0	0	4.65899440589012	3.50848716943331	2.40810955078785	3.25961378251888	4.95929721803332	5.09964526827534	5.98826412857485	7.00553401242392	7.77815360198852	5.47186378191715	8.07863665719096	10.8710504854027	7.81764223960326	10.7059187401347	7.52141806881003	9.55063224380028	7.25392577044459	9.27655940172543	11.0394469850755	11.4838891234272	10.9890803625726	11.1109613583527	7.75227329673079	7.68311670834597	5.29377559051059	7.6044647332965	8.67627919969954	12.7987620527042	10.6623122828241	13.0915433394275	8.59367544494063	10.1551083729251	10.5984493387965	10.2946259359313	7.37192892894954	9.49166386750344	9.0182043271432	7.49247044222727	9.6433052278564	5.9996491394333	8.19044271199991	5.4851104400381	9.13625347086488	7.37491319518538	6.51257834725233	8.99910346974686	8.87329924079173	8.97237526192839	9.30571852874454	9.2123358029132	0	0	0	0	0	0	6.08943441674269	0	0	0
Mir-137-P1-v1	0	1.52020208391082	0	0	1.99008428092361	0	0	0	0	0	0	0	0	0	0	0	0	0	0	0	0	0	0	0	0	0	0	1.31478616941387	2.45243762834759	1.26888496964859	0	6.97873257426725	7.38427874683184	5.40668249915306	7.77009573974348	0	0	0	0	0	0	1.52312552904802	1.5336553038736	0	0	0	0	3.28579122837544	2.32573180748621	1.98188588144377	2.57340867796331	0	0	1.88178770628316	0	0	2.1504750497362	1.44931003566882	0	2.37138090759824	4.20329727921796	3.90536794609812	4.29113573750134	0	3.10190872756461	3.40689325302281	3.80240809363414	2.36725402140542	2.73876249733365	3.53623955202953	1.59179007653147	0	0	0	0	0	0	0	0	0	0
Mir-137-P1-v2	1.26188337846119	0.951704251394096	0	0	1.31400097922241	0	0	0	0	0	0.829694090990264	0	1.38134581200857	0	0	0	0	0	0	0	0	0	0	0	0	0	0	0	3.6068571120945	0	0	7.02645178297822	6.66553404293598	7.37081277194334	5.40559707351535	0	0	0	0	2.62979231703988	0	0.95387252234241	0	0	0	0	0	1.6727228292708	3.70482772820197	2.97884462579301	1.98960573221573	0	0	0	0	0	0	2.15754450173878	1.4446112134343	4.14546933613955	2.94494688679439	0	1.21845573574718	3.15115746075381	2.74182383123227	1.54662249830223	0	2.85586456954887	1.53189714850589	1.64168482374576	3.17902127432894	0	0	0	0	0	0	0	0	0	0
Mir-138-P1	7.85601575609285	9.21704477655402	9.15319135474557	7.91918021778856	8.59782264320737	0	1.44534677601554	1.5476966437991	2.19801358191114	1.76221610498131	0	1.83250583487512	2.53986310590283	0	4.49783207859757	4.06089519226842	0	5.81792259942712	0	3.57331153332928	6.66613152455901	1.76821312179966	0	0	0	0.680050647660377	1.0522884103283	8.51363037113014	10.771376555171	5.65367162789387	10.7973476788324	8.09364865928402	10.983790027162	10.7321521142469	7.4835743894747	0	3.97132346533563	3.4736421774783	0	1.02706470079385	2.33049001764978	2.50724308955643	0.961691675863634	10.3294827927597	10.2709276076411	7.94687754133426	8.25253538188646	3.70430377592368	3.32620656719812	3.78489418743113	6.83173555409409	0	0	1.88178770628316	4.16404955471223	3.27282852460369	0	3.89202119551229	2.15179039474782	6.37670331134802	3.97645881913914	5.86314546901202	3.16379661774887	6.08770217725289	2.74182383123227	2.75787084821199	2.71169103855838	0	3.62643336488444	5.81064372361402	5.62473109152038	4.01709732563792	0	0	0	0	0	0	0	0	0
Mir-138-P2	10.5410593916651	10.6839725242941	4.97488401383661	10.7624029450959	0	2.73213856770259	1.44534677601554	0	0	2.31816639064438	2.85169262068423	3.69531536486781	0	0	0	4.29759185597007	0	0	0	0	0	0	1.10660602580349	0	3.13099394302289	1.76925718725172	0	13.6482967863624	14.0844112209983	8.06308881873423	5.87875150837616	10.8683756504797	7.10017528595312	5.30390368242035	10.8918118243844	0	0	0	3.93234288145897	2.36499121144135	1.00535715333026	0	2.74104702588104	5.23782625975255	7.17154889712094	10.1737917177569	9.83739716614665	6.77233157588076	6.44764202750071	6.83398833231055	0	3.55806594216254	3.43293571958275	4.30722455564533	0	0	4.04254173699713	0	2.97958245531887	1.25788798244504	5.77092882521531	1.82479947403407	6.18302298599192	3.15115746075381	6.11415568569098	6.20965457904537	5.99797187215187	5.18413910620546	5.34783666750821	0	3.17902127432894	3.20606793063472	0	0	0	0	0	0	0	0	7.41401268773809
Mir-139	0	0	0	0	0	7.88376292996021	7.75762563959812	7.82049499574487	7.7082654330445	8.05384697718524	7.87633182184893	7.95281572662285	7.88844843232801	0	0	0	0	0	0	0	0	9.39266558787412	10.0974554236114	8.06653368062712	9.76514168859136	9.9091469817498	9.1165764303768	1.31478616941387	3.85001965015716	2.3866061014718	4.90306399973185	10.2665152029599	10.3647985448117	9.98632359005747	10.2178560032107	8.7689185616329	8.50085634455166	8.95517151136395	8.60385581852542	6.39283090892328	6.48630819503116	6.22936011146982	6.24526345230122	8.7161364141324	8.74357987438236	8.66865269842647	8.87511534743467	6.43192604407237	6.4309626521072	6.27988661268089	6.41255113731211	6.40142973489647	7.16085393943782	7.13582571486248	6.81036007836844	7.34141942477653	7.53158472258507	7.56722895379069	7.61157145781623	8.5572437049017	8.45986081861284	8.4949545073278	8.58183632541165	7.25513098646671	7.53098621216539	7.19987492695543	7.37222446412847	7.94494803838946	7.7717583051373	7.80497972371973	7.98173222836512	6.3799534855625	0	0	0	0	0	8.39431245318683	8.38639926224633	0	7.99615266318097
Mir-140-P1-v1	10.2967777629019	10.933140767383	14.4784314547457	9.04861708132381	14.0689136464798	9.44141084681582	10.4900664611357	9.74307992645881	9.80787585312097	8.67689762660478	8.21883846604443	8.44154696023407	9.95442479773258	0	5.48764002833331	6.3119576084357	6.66969157349763	3.96477526029438	5.56566601009024	3.62522599787577	7.6617585189271	11.6615567622065	11.2302287054214	10.2322669623613	11.2828998974064	9.80519387643366	10.4469674173122	8.14799027050382	5.71270897434476	5.97794637176572	6.4555179366053	9.61652568002839	10.1623722960691	9.2458766756814	8.90191082322248	9.23442755281392	9.27093649703447	8.52469647841127	4.73771734059498	9.5712285712209	9.81158244240057	10.5988954000791	10.0810178211498	9.18245445789654	7.96658835599557	9.80539561412674	8.12826663695617	9.26135228829597	9.58970939783175	8.78320634693017	9.67439147684002	9.42651640630199	9.37707598743095	7.87419666152449	9.7512944642263	9.42479445875236	9.50196687809086	9.55820407159385	4.18736761032302	10.5702994172597	9.34342046785956	10.3059846279097	9.9832144957465	9.57694922311656	10.1818820976637	9.243690830565	10.0764456026099	10.197219092507	7.1001304367169	9.75127938030493	8.96731081711822	11.5846943253829	0	0	9.36752163008088	0	0	9.24040241032892	11.3086497165284	13.5620682190772	11.1066226144488
Mir-140-P1-v2	7.55722258580959	6.32918227817482	12.4475020456714	10.8989957809942	15.1018078633131	10.4027713440321	8.48268506499165	10.4525584516441	10.1067731950662	10.0551859500871	10.1034375329676	10.2710752256616	8.90726971835763	7.12821736470238	7.22986080185207	0	4.29244665845351	7.14939085298511	3.56571005245608	5.91444331745822	4.90185158068804	12.1839498921861	10.1319724897377	10.6116938203348	10.6690885954794	10.8754783942767	11.1306062978598	6.4720266131565	8.09738681954579	8.76554722923963	7.32249545710013	9.3316066141023	8.4173182040455	9.20795370749722	9.84412876905966	8.22885450636842	7.51645115850461	9.04073368176473	9.54803157285233	10.0911278694385	10.044107322105	7.40660246559548	9.31906148620984	9.19202406278734	9.71342316216553	7.51596310074205	9.90596555662496	8.60510139547249	7.69123056762308	9.05799101792437	7.63005016905811	8.94079829846921	8.85047336548476	9.98875404552257	8.06065945848311	8.54539673817959	8.60618521238701	8.25557750269316	10.107233500142	9.38263790104308	10.6911645859362	9.80118042930403	10.308636143407	10.0382336673993	9.34332696541669	10.1257871922321	9.01467000711017	6.4651779754339	9.99787885362752	8.98194236671381	9.71930091932462	11.6639390377035	0	0	0	0	9.01582299546751	9.24040241032892	11.1268877925949	0	0
Mir-142-P1-v1	0	0.951704251394096	0	0	0	8.01547558921129	3.70741205529201	8.11885811700578	4.89276842589797	5.72330568019546	9.2791280218942	8.62121387416531	6.00903254452592	6.92517023051585	0	0	0	0	0	0	6.95753202813096	10.8444114210085	13.1998499650864	9.46213949276691	11.2259800252815	12.1386043580977	12.7132954454467	0	1.69452393572146	0	0	6.80720416351288	8.09874644278672	8.26339491708795	5.33338670460239	7.46827509618234	6.27356356298654	11.1239235495848	10.7942634789134	5.51186562113023	9.56718639214409	5.63596883362915	9.13679176824096	8.18493534413012	9.5441122229419	9.25027838912541	8.27975402689128	5.96042843093239	3.58932008446346	9.91833625471912	9.88700565988886	8.10772975080874	10.7072467546991	9.83606124421878	1.7732032383926	10.8842131613382	10.2055863829754	10.3699369904547	9.94028413189145	8.72792721354595	12.0669778843027	7.39925762368095	7.9453875458359	8.18351255631012	6.19106161415847	6.76280268360722	7.71481934187626	12.0160642151439	9.92395253105318	12.4437279962258	9.16755836889764	9.63199631853788	0	0	0	0	0	0	0	0	0
Mir-142-P1-v2	0	0	0	0	0	4.43936564032001	8.89148831173572	3.40837227582676	7.91544666483949	8.9195247129694	6.29885707920018	7.09552601333472	6.97035025449269	5.25231072258706	0	0	4.16049343406406	5.41653602831311	0	4.59188152553709	4.03658066974007	12.3097398792135	10.1800975538598	11.3059607546207	10.0162255001599	12.2852283055644	10.577398050365	0	3.85001965015716	1.26888496964859	0	8.82700378959706	8.41115774045828	6.89998546459339	8.40222475141407	9.6997047342406	8.36608785205813	11.0886425087104	5.01735887314299	9.59271905614968	3.46915714931537	5.76587196309345	6.67796443639373	6.91733232412756	8.71832835718547	7.24875985412212	9.14555045193816	8.14604570615719	4.0044564669316	3.97732159042834	9.61913702467387	9.89101672308007	7.85359546378439	6.44178325276874	10.6168797755683	7.03321272813881	10.045759723667	7.52718035908691	8.37331658648732	8.52490926777926	8.88482143820659	11.9041320033297	12.0195135616145	9.72204548908418	9.47217886393247	7.74326580764884	8.89079927078961	7.36897315553304	12.3566382576529	10.0456361150826	12.5462318859562	9.56606427896503	0	0	0	0	0	7.07880176675778	0	0	0
Mir-142-P1-v3	1.26188337846119	0	1.82265302529723	1.6832459638687	2.44861108198143	7.98365751367591	4.31875863267012	7.82049499574487	5.133007665897	7.90340829007235	4.23864125502666	5.50462755107688	9.03856751040649	0	4.87835367475873	0	4.23736617895941	2.94450578743802	3.21780276410819	0	0	11.2232018737661	10.0130144691884	11.4271419085506	10.0791319887247	11.2408040524884	12.5363153130004	0	1.69452393572146	1.26888496964859	0	3.53654748650003	5.04648769412821	3.79019394056742	4.6911449985649	10.9423712150654	10.438037150969	6.29464749510878	10.5904316671444	5.26166079584362	6.65444412390783	9.52839612929042	7.97248793945295	8.91414618032407	1.51563629299423	5.07749986755165	7.6044647332965	9.78955901763894	9.71555384693402	7.14589143153711	4.1568236542088	5.27516488429184	7.86879656162762	9.83606124421878	6.46028937952738	5.86273899801751	5.66891968378192	9.74438521644863	9.97278535212699	12.3747102498855	10.459533187121	10.4688436867833	10.6438606285982	7.74051857951244	7.51611712349819	9.8324275420019	8.96745726455525	9.43356564398252	6.3635445411677	1.64168482374576	8.34558808171474	9.8063160315396	0	0	0	8.0562500135055	0	0	0	10.5331754970906	6.42244728169308
Mir-142-P1-v4	0	0	0	0	1.31400097922241	5.89057922225934	6.29549755554535	7.08369213848151	8.47678126589934	5.65645492145274	6.16460669497335	8.28842975113455	6.19436434032592	5.58688920175612	2.74038455606952	0	0	2.39573153213978	3.62084940456218	0	4.47183513367561	12.0533002567759	8.59761999217095	11.1989949716658	9.52634175932055	9.7497620002758	9.26496603863493	1.31478616941387	1.69452393572146	0	0	5.75541871769845	5.79771706161142	6.85706924298401	8.03582527822981	10.6034768092461	11.014482968894	7.37601071717229	8.59323604175149	7.17219327997462	6.38560554031773	7.0258593348357	3.10110175432935	7.04954531525361	4.14838437060815	8.1267617517768	6.74802084423018	9.78777441815759	10.2656687421354	9.63760517533394	7.98617873013918	9.84102966666337	5.95997624659967	8.48440730706469	8.49705323570049	8.64868544338875	6.90292995422344	6.56165923957481	5.62096900767796	7.46207843422689	5.73508025578444	8.25189908026679	9.01455974892248	5.59401344906186	9.06038283377312	7.81886932903496	7.97033643573869	11.0386915916744	7.75921617502926	8.3554666257365	5.79140365739462	9.6169570213531	0	0	0	0	0	6.08943441674269	6.6594586548024	0	0
Mir-143	15.3690882191944	17.6258235185117	16.597789908068	14.8283965246621	15.8480206296529	17.2439730994322	17.1501760027393	17.2981472226808	17.2021331553659	17.1999840371253	17.1656944261692	17.2951668085168	17.1964349681846	7.63533698995114	8.27248026748165	7.21626644458336	8.83938187724567	7.65563146960055	9.7033419732041	7.9859819449426	8.816976223632	12.7654266884489	9.7153854906175	13.3337987410572	11.6798244204756	11.4614177898197	10.8177928101656	6.08628392395965	6.13622665914249	13.070912434704	4.90306399973185	13.8334562602423	13.8561328389468	13.5377894251243	13.772634438548	16.0821084939566	15.8855744853169	16.1150331807447	15.8621928634488	18.6656246304176	18.6759401523086	18.5375940658968	18.5618064224043	16.6033658664528	16.5886027341342	16.5407814641722	16.6269964785884	17.7286552217299	17.6472419793209	17.5975556371142	17.5993238746877	17.4904942209623	17.3896027140345	17.5113801199554	17.3447704244813	18.5031317198226	18.4928944655805	18.4945950489341	18.4939932432835	19.6533329167002	19.6236467453482	19.5477739491932	19.6403859021623	19.3586474178019	19.3101605114074	19.3481171347241	19.3198848476324	19.2969105185312	19.2119666317583	19.3269796486851	19.268903408677	3.10356003119634	11.8033645145919	12.7885652314425	0	11.2213491487927	9.01582299546751	12.9386386655469	12.6072790151477	16.3048089111751	11.7634955189683
Mir-144-v1	0	0	0	0	0	6.68087525194267	7.89973767333	6.88671482472707	5.7288139344837	6.7740734870126	7.47126080361276	7.8064205831568	4.73778430439704	3.84721891676497	2.47144436173848	0.345412135432516	0	4.59329120456503	3.79876063914393	0	4.76545494324135	7.64474183208943	10.8755267979306	10.6700739183335	9.07501247666242	11.8959895151162	10.0524742292552	0	0	0	0	4.27651360150114	4.14993594418574	8.01275017769536	6.72588527830811	9.93822692499701	8.8972327601172	9.46887241238652	9.70423511485153	6.00697793295258	5.98780527498111	5.36785342260586	5.70514803885215	8.77462752524052	7.22631512331345	8.59585719434447	6.46149381896446	10.2263183350613	9.654003343938	9.17059544987013	9.20531618161607	6.44669998831136	8.10535873921043	8.59874212874923	6.77893684374063	6.87179779849919	5.97533927310148	5.00692344102168	5.28101871267314	6.81142366202173	8.71118326045153	9.57700066465044	9.46546584344507	7.05584252144337	6.39987056613304	5.87380649487324	6.11813092463879	7.4907466047413	7.91432904295886	7.32213107755937	7.32304813124581	0	0	0	0	0	0	0	0	0	0
Mir-144-v2	0	1.52020208391082	0	0	1.31400097922241	7.66047284237884	6.58166082635139	7.69219360734618	7.87190914291155	7.44982813300538	6.4856387824981	5.44931455373528	7.98300897756811	4.83540591062882	4.31221847860087	0	0	3.61647728765317	0	0	5.50163910525355	11.7223246513662	9.44156967404579	9.53933849638236	11.7895919560702	10.8455736214066	7.78174404056258	1.31478616941387	0	0	3.95049331164109	8.31795215400541	8.45373857698418	4.56997642513523	7.87979261202501	8.19654231690205	9.38306456498989	8.90534863077843	8.08784805282844	6.2427342030462	6.58043793417214	6.47709653511941	6.6510113211429	8.05461908045285	9.14045266462517	7.99913612808388	9.24557382104364	8.50872225696548	9.50459240869	9.76535816899339	9.80152303799132	8.37692570473509	7.16085393943782	3.55351504184089	7.96616745280752	2.63209050256798	5.61930600398435	6.23693820329011	5.93702209764209	10.081551525207	9.5483839872976	8.42730438738822	8.995932225421	6.48689779315221	7.58897588941769	7.51983911094032	7.35602160190788	7.08943877782572	6.86283773221115	7.37836781134585	7.7583747239853	0	0	0	0	0	0	0	0	0	0
Mir-145	9.31544195714927	10.3683937874206	9.25854701804624	8.60815677053688	8.6033465597158	11.6066778789187	11.5338389248649	11.6703947613563	11.6144934581888	12.3491608182118	12.3244348311302	12.445181375964	12.3722896202441	0	0	0	0	0	0	0	0	7.73712943944687	6.22528680371136	8.5454405431092	8.46717025225411	7.64186881074203	5.95901787833453	1.31478616941387	2.45243762834759	6.63927086414688	0	9.49599581989718	9.55587263233503	9.18933274574363	9.41182685532077	11.475842522545	11.4159687694914	11.5442355836458	11.2631366052316	13.2557492454718	13.3084694923432	13.1323425636843	13.1735330141968	11.347238601457	11.3820956972252	11.2463400991934	11.2723024888229	12.1954402418595	12.1207710001738	11.9793208018909	12.0589300385958	11.7924154286324	11.7546526665504	11.7258695660336	11.6591160293619	14.6963318979537	14.7109640314354	14.7277405651001	14.7250060025978	14.8408453445517	14.8340274255603	14.7365136385044	14.8310439285049	14.5357952436473	14.5239228112948	14.5412607628332	14.5309974489509	14.1687932734777	14.0887198579205	14.2270890332108	14.1853883986276	5.8571173044857	9.48305012733213	10.4674525353375	0	0	0	11.1979874272808	11.854958718426	14.232716243656	11.4060602180164
Mir-146-P1	11.5439566772697	12.685975863083	13.0692604419418	11.4663338215661	12.3917747554141	9.45307591756515	9.47018950316846	9.53439537724487	9.41912545098826	12.1950310192703	12.1967215244933	12.3168196991304	12.2170373528444	10.6008132408775	10.1841426555285	10.230669676835	10.4103606953927	10.6156007038551	10.7690156220487	10.8159364697231	10.6814656811638	9.55530386906289	8.4673434534389	8.8582506550623	10.5145277539929	9.67095536722495	10.4098703314521	5.84626447289111	5.44285434665835	11.521764295314	9.0661695909907	10.3803090624097	10.4825804730345	10.1463764617949	10.3533488097599	13.4517021084397	13.2892075245767	13.4540245693312	13.2141383535447	12.6446772494395	12.6735837036615	12.5442198586272	12.5698091896042	11.8830088648937	11.8280697871735	11.7946073892531	11.9336846995521	10.1168582624197	10.153225477172	10.0895611395664	10.0140436191545	13.1315321050016	13.0267912444355	13.1683991256444	12.98056064002	10.0017594031623	9.93098293832293	10.0095636453056	9.97031108868994	11.4159656596536	11.3763463971936	11.3397868949396	11.3372173289371	13.1458191966412	13.0986538468524	13.1644492997321	13.1296030148426	13.4786295058838	13.4000703985359	13.5151056467191	13.4792341784611	2.058225813613	0	0	0	0	0	14.0568595134949	13.3912044945212	8.95015884855972	7.99615266318097
Mir-146-P4	4.2611635197368	4.365782007082	9.15960636208551	5.42688342543816	9.94605470129143	5.89057922225934	5.76611184088864	6.21126542269011	5.46145179721927	6.66493636595431	6.18015539173776	6.65678961157735	6.50599115591473	8.3947678743943	9.30788716920597	7.01070225144914	9.6369872113083	9.14950415625587	8.81037193292573	9.78178040539727	10.3677719592116	14.2067429571358	14.5971754905463	13.7878468185879	13.4534780328211	13.4778087059328	14.6199823487839	5.64652561216429	5.93995331793514	5.28774255761798	8.38191552295122	6.07578058366375	5.99184202690634	5.98691428120367	6.17092772278915	8.70143858402319	8.63480338792816	8.60179781000161	8.42377790655016	6.69696063774369	6.63994347787556	6.49219281066778	6.6510113211429	9.11865516100645	9.00082675127285	8.60262885401548	9.0380723174461	7.24776478662896	7.34457378673229	7.11552138833217	7.17604432108559	7.75867004721117	7.88383916020401	7.90684841003939	7.41166717029487	7.08937255796727	7.04122220750432	7.2764864792476	7.33213682604229	9.6458133095175	9.61646656044299	9.45425845177708	9.64595729495712	10.0382336673993	9.84962872340365	9.97420316538035	9.96334406325295	10.4878958720868	10.2827539797465	10.4538039984459	10.3467279614583	9.73631317998385	9.48305012733213	10.4674525353375	0	0	0	11.390555739738	9.76225528289014	7.95307271475572	11.1066226144488
Mir-147-v1	0	0.951704251394096	2.60279459058997	1.6832459638687	3.84566158128707	1.52680305375237	1.44534677601554	2.27709214581421	3.3177639893336	0	0.829694090990264	2.14254477573674	0	0	0	0	0	0	0	0	0	0	1.10660602580349	2.40810955078785	0	2.2057603370744	1.65426755789772	1.31478616941387	2.45243762834759	4.16325959119226	3.95049331164109	0	1.29673565130016	1.11554513343675	0	2.93444289319457	0	0	0	0	1.59210096033023	0.95387252234241	1.94214918074719	2.28298180006373	0	0	0	2.91923938864548	2.32573180748621	2.97884462579301	0	0	0	0	3.04515659866357	3.27282852460369	2.1504750497362	3.50901743874995	1.4446112134343	2.99227346407813	2.94494688679439	3.90536794609812	3.69407510670721	1.57090978297909	4.57025752202055	4.69917487818453	2.23284297951258	4.14064170511135	3.62643336488444	3.98569179521064	4.0970924071356	0	0	0	0	0	0	0	0	0	0
Mir-147-v2	1.92454533655116	0	2.60279459058997	0	5.51061483221204	2.25185002066947	2.62523499990772	1.5476966437991	1.48245369299614	0.845908281885073	0	0.890524894614324	1.76878525837759	0	0	0	0	0	0	0	0	0	2.48891045811883	0	1.94826011776133	2.93057764172421	1.65426755789772	3.31120190448655	3.6068571120945	3.00876697253339	0	0.771405439911369	0	0.663011481921439	0.756857972372857	0	0	0	0	2.36499121144135	0	0	0	0	0	0	0	1.06631564158912	2.32573180748621	1.98188588144377	2.79546962662603	2.67563002213424	3.43293571958275	3.55351504184089	0	1.45052704271402	2.1504750497362	0	3.70633851331011	2.37138090759824	3.55099363318407	2.26719612330756	1.21845573574718	4.73454492351963	2.26085957392237	2.75787084821199	4.14181463318916	2.85586456954887	3.83204024670853	2.38973209243396	3.91644018011007	0	0	0	0	0	0	0	0	0	0
Mir-148-P1	14.143194295644	14.2033797082001	16.3053555530562	13.9614974551685	15.3783098336544	13.5037375940053	13.4550587889691	13.5775283374989	13.4848696512175	13.921240441575	13.8830983344795	13.9754164666482	13.9222915160365	17.0439252374057	16.9843114362026	17.1897463592138	17.0921421714469	17.8192905610229	17.1801864105974	17.5508021010951	17.5131192146923	14.2907979955472	14.1771358468682	11.3695859649203	12.158438377908	12.1911979714232	11.7992508323367	13.5701612114628	13.9140553566367	13.7944651687677	13.6006527291501	10.4105963931505	10.4811108641452	10.147860934374	10.3249234244172	18.1023321196312	17.9430831581387	18.1183019091177	17.9011237455328	15.8777435750941	15.9023830982287	15.7652238431772	15.8090841068057	13.8553180312489	13.8404451193253	13.7814911940196	13.8676579362694	13.2604340715944	13.1896279091642	13.1558641197835	13.1264763084319	19.2263540375003	19.1435004816629	19.2531182091273	19.1129755453467	17.5903473840942	17.5996400583765	17.5964884846073	17.5830707580172	14.0796072358589	14.0584773258056	13.9700346457498	14.0375836474082	15.2575733262828	15.238792427103	15.258772903789	15.2291741289032	16.3330164615827	16.24040029434	16.3785831139267	16.3289308327846	9.83759071582987	10.4820417716071	10.4674525353375	9.36752163008088	13.8838052352864	0	13.9385467815176	13.2100527032129	12.1954742205747	11.0500652561012
Mir-148-P3	8.56940487575303	8.61278469289659	9.23444068462287	8.74085650115358	8.29741850003387	7.29610575314088	7.22112611731088	7.67871288336704	7.29552560715332	6.87553205793941	6.86813064614549	7.07739818194642	6.81449064142065	8.1170994095594	8.12522971496726	7.70566458666406	7.2099489250986	8.49412416638567	7.99670386860244	7.7694896140246	7.88744277149147	10.7741242605255	10.8948818838568	9.82963131614305	8.0130041548377	9.85106855664201	9.86252159012702	6.90703925179943	7.05490639051376	6.44285894850584	6.4555179366053	5.00472611117741	4.46744217455519	4.20957267542522	4.97046172991348	6.44923003440485	5.96987456626368	6.41347074396158	6.05805910536007	6.09722723407134	5.84339756069699	5.79050573486928	5.98961792172173	7.28237606033889	7.48774285618867	6.96327423487052	7.21087515317969	6.37601075387341	6.00467892933036	5.83419869330139	6.05242154266749	6.09517984333601	5.49503000236734	5.90873887347239	6.33624723064468	6.33488328784999	6.44283552280098	6.30167616199597	6.60623639199784	7.1731249541648	7.09116597313164	6.83472012907981	7.10515873119247	6.28291942629921	6.33356972465063	6.09267995804625	6.15605839357166	6.99850279306149	6.68859379154105	6.87794677237515	6.8805068813602	2.74341345314188	0	0	0	9.0535374503772	0	12.3351559443869	11.1693043593601	12.5913290736253	11.0500652561012
Mir-148-P4	8.23643752700166	8.82972233932512	11.0530632795773	8.02095301724074	9.45947339266319	8.30014588220964	8.13901452294173	8.26132637936124	8.37909064278517	8.59596477929602	8.65972156437155	8.89920153019865	8.76014736284923	7.42658341079033	8.08231755969226	7.8798009125302	7.76025467529334	8.63668160967702	7.44670966769352	8.26084233369573	8.24159219829009	13.1957770078903	13.8719719537801	12.0201824814266	11.1019791284956	11.8418718928742	12.1450676667863	9.21209876771596	8.97160373849624	9.77785700489625	9.28260538067823	9.14424660777613	9.22110377627737	8.84953095471408	9.13039808586286	9.56697785589938	9.43295946729083	9.45508618884687	9.10775444917724	7.89260488089582	8.14508288929942	7.86661236443043	7.89993484282072	10.42590546999	10.5431456693148	10.3829533759101	10.6105242040892	9.99222057933683	9.92658912089193	9.87970426828391	9.90351076548355	9.43215477967486	9.45468448456203	9.43839914754944	9.3205383808277	9.62805163184185	9.56228599816258	9.64808512961027	9.56069555268512	10.1573370818533	10.2130842282747	10.0653154031705	10.2358865879363	8.9360141274902	8.86885543591275	8.95064434416784	9.05035176192646	9.84916624017438	9.7415168920136	9.68593396148995	9.85413924469637	11.3043472626454	0	0	0	0	0	9.07077553593548	8.38639926224633	8.95015884855972	7.41401268773809
Mir-149	5.90013285502816	5.63157341185984	4.41267905632013	6.48316893971846	4.79459357758572	5.19958818187455	5.28215139675426	4.98986570012285	5.4014741438029	7.45639318752849	7.35277148666829	7.46673478090888	7.47868840131346	10.9512773944985	10.5930082691966	11.2263275140166	10.1817768757471	11.8878675939066	10.6535278434572	11.3815382288681	11.7101842447556	0	0	0	0	1.76925718725172	1.0522884103283	11.7527448059256	11.7902251191516	8.74673181958547	8.31798175419179	10.0896822122938	10.1167275231616	9.81750941531238	10.087641702672	5.09689642485397	4.61448436515358	5.11670929067115	4.39051452010763	6.63804500451466	6.40288506013302	6.38304306711185	6.33266766377977	5.50679621733548	5.38899813183725	5.42181847815007	5.78690100356212	9.42413967225741	9.46827072777246	9.29550726190781	9.40610479956802	5.62943209306455	5.3290981408443	5.62455888471775	5.76018501161865	6.06300657308629	5.89422535014221	6.13403542900801	5.67058385420416	7.45064825075198	7.48568890681832	7.27450346510528	7.42777191999895	6.0452761177811	6.33356972465063	6.17170717722097	6.07917938573635	6.43081077285133	6.49037672540313	6.79773426270017	6.41950029723196	0.707478534362859	0	0	9.36752163008088	9.0535374503772	10.014428807869	9.52947527817479	6.6594586548024	0	0
Mir-15-P1a	7.41081936388758	9.31762623225922	9.79613505219077	7.85172213270204	9.53078010103059	10.4751136503933	10.400936704434	10.5630733409629	10.4810037878693	9.33381716777493	9.364966903081	9.55697016806798	9.49042563297558	7.28863491126232	8.74942873755089	8.40344379171874	8.53222934204242	9.19742638693605	8.52978775778345	9.16183353959407	8.20250224531273	10.5821631132848	10.4548294863369	8.63414341071741	9.38013792327344	11.1758193805659	10.3157684661786	9.04744397479395	9.0528344235177	7.56914800607662	8.61260021486909	9.81072664152357	9.87964995211048	9.55087274442189	9.76513037606732	10.1638951982249	10.0515688559361	10.0982022215629	9.89357597171142	8.25802367890076	8.27275462582259	8.05630960768	8.19405955194525	9.37118331770846	9.37667221518051	9.30112016043645	9.42694897073579	9.15738480017071	8.95018728692358	8.78963237396368	8.98615149912361	9.46002076808779	9.4292760518276	9.60685151537105	9.3582350186778	9.60896711846407	9.57860324529997	9.55156453470749	9.57704981969457	9.73802678339243	9.70483518154631	9.674487882773	9.6998957869396	9.92287078167557	10.001475442907	9.96313781178942	9.9032845647102	9.5137404918962	9.39752576084491	9.50410920102501	9.50407059668435	11.7542037039841	0	0	0	0	0	6.08943441674269	0	7.95307271475572	0
Mir-15-P1b	7.83849809883704	7.83878852016146	8.14282955098871	7.90593858152757	7.04214624843617	7.29610575314088	7.23769371178851	7.4278701968856	7.24522747462136	7.84456546855843	7.72023252324144	7.94283754784568	7.66707041509938	8.17936015458961	8.63778159846428	8.26947400876498	8.6227688011113	9.2211715144488	8.41163211209649	8.67059161275736	7.43000116005174	11.8443337791827	12.2364949714975	9.49265409060457	10.212248790603	10.9948044606919	11.2813698652886	9.12252469618004	8.60801787333836	9.02568958443607	7.76754888336005	7.11740109560767	7.08477595765527	6.94849233755698	7.31881820237701	8.32166332544331	8.28690086409473	8.13277816481141	8.14713480180435	7.50454125194941	7.49445073873039	7.22875490693934	7.48500285884297	8.50202988246189	8.66645941245286	8.56151376098126	8.68460729367438	8.26370125087255	8.31307713664484	8.3595743116266	8.43737521508989	7.95943473510643	7.63985733925825	7.90684841003939	8.06065945848311	8.26563821889096	8.1361645894859	8.33505087662613	7.98935765073893	8.32031743577368	8.14852701986835	8.27576686990407	8.24579183178906	8.61191807099119	8.72755907293512	8.58249400503597	8.60571039199531	8.61471223943155	8.43163062527013	8.4720414463519	8.54547718664949	13.6483249955168	0	0	0	0	0	6.08943441674269	0	0	0
Mir-15-P1c	5.47055850269682	6.31232235898345	5.37840669094825	5.56807582610892	5.51061483221204	10.4364607244629	10.3039704880547	10.3898244465013	10.4627775122014	7.09336280704598	7.0053841296801	7.10450522062422	7.12765651853597	0	4.39247851127012	0	0	3.72010292102629	0	4.76385518164967	3.30177138378816	7.53203112232286	9.26079544456368	7.63776995030422	8.01755921060067	8.72293455423291	7.83020037466437	9.9603508404176	12.0550127889754	8.26170140770048	10.084170605386	4.72517104164659	4.981450794217	4.67254652321538	5.33338670460239	9.0111077841446	8.66643334461173	8.83257311323536	8.73523793265848	11.2153697715313	11.2455074975082	11.1224016381331	11.175036460003	9.70442492904169	9.80322630634982	9.60077201322036	9.68624753139136	12.8069767293777	12.7797453077509	12.7164245562202	12.7551375862075	6.76531636913496	6.6293307789403	7.34090816529983	6.81036007836844	9.58962675975611	9.59794341251122	9.47643880771508	9.51389202465491	8.56256301666095	8.57079198449816	8.44319987711741	8.66907766917462	7.17868639907444	6.91255695067554	6.71082722424537	7.14590728881979	8.20090099831969	7.89152432272494	8.34609671713948	8.31853615984225	5.11045616771791	0	0	0	0	0	0	0	10.2703357946205	0
Mir-15-P1d	3.90504851075794	5.26176566173267	5.76244260620772	5.92387224661595	5.13688547458677	8.88070550695242	8.78842595296708	8.94666076804671	8.89624897777273	9.39490167987923	9.52877783667365	9.40899018557975	9.51911326691436	6.27662818128338	5.9469397872068	6.88095479036506	5.7960515406055	7.19507034077686	6.68581178760886	7.36240153634499	6.61601271615309	5.25162072725996	7.34406369948974	5.88643012505669	5.41484599370938	8.94542666759985	6.45908985382583	4.94265953595164	4.05804840695894	3.24161368305883	0	9.14604791754618	9.22637632176958	8.81630952882914	9.14101334452136	10.2451263899357	10.3003321727061	10.338666575794	10.3810410682327	11.3121755534726	11.4458399779589	11.2942747927894	11.3444321709721	8.69610025825494	8.5638733457791	8.66218463447974	8.75741377288939	6.74315989069488	6.92357709560121	6.87081979687626	6.91697588484966	9.37475417669675	9.33937859337906	9.52508254648863	9.40529833645362	9.85288992248856	9.76409902715673	9.8126134480572	9.74278373197888	10.6635970588482	10.749602329045	10.5676210854255	10.7741941130844	10.4935978608796	10.4399904718509	10.5448378708425	10.582185068007	9.99742964644787	9.87247623446292	10.0628978562698	9.98032501292722	6.02076246365316	0	0	0	0	0	6.08943441674269	6.6594586548024	0	0
Mir-15-P2a	9.83376304135155	4.85920843780109	11.9068723330919	3.83481052677172	10.8097402692562	14.6346148436423	14.6179090677011	10.0948009115295	14.740038323522	9.23800188008907	13.766348164981	10.0998001751142	5.41727638157917	12.6066806522268	8.1657607916547	12.8600629653965	9.30215410481185	13.82718327864	12.9637426596815	13.4143634230808	13.1490170058054	14.0440652693916	11.0536099417872	9.31866023536567	12.2198848510528	9.26359250946293	10.9100473775352	9.58054961842205	12.4190234790611	8.55996557347125	7.76754888336005	13.6525152098731	13.8690425545805	13.4008499272837	13.5948701643831	6.21122074328491	5.49362559169813	14.3115594756328	14.1230937236947	9.26543052011703	3.33155669407696	8.3659282120883	9.1774974802011	9.17764574599141	14.195435496633	14.0605823407714	9.27743107713546	10.4805606672848	8.75962959357662	13.4560844021874	6.44571431701742	10.555145369223	11.0399553274867	13.7830202470439	9.40529833645362	14.0997659592148	14.0883014021595	14.1046659058818	10.7791714810154	5.41763709286157	5.96911232562568	14.2211566569966	12.2787963105062	10.7870409017703	9.10578173781072	10.344090801663	13.9875221165014	13.7316193297954	6.07056203553685	13.9903082105078	10.9178657824788	14.6125173940107	9.48305012733213	10.4674525353375	0	0	0	0	6.08161444745164	8.95015884855972	8.73085625448754
Mir-15-P2b	8.35206122203533	11.4510728851573	7.02683165539573	10.6155849456887	9.30871270986284	10.9363480641138	9.75549626667464	14.7554617957272	6.73957680471778	13.7289264158574	6.06762192345384	13.7766420126052	13.7704064698635	9.69460205351856	12.9313347284635	9.47829041460319	13.0089866286691	7.92688948609493	7.59521106885951	7.64613110366366	9.70516337646827	10.0228239180151	13.5915833789677	12.9732449871284	8.83934777890659	13.3892443681501	12.7981786581571	12.7239521254392	6.18138923843359	10.6898409088029	10.314587185321	10.6921913859887	6.02449357292309	10.1269380186434	10.7236828656876	14.3549915810638	14.2182099246969	10.1026304305339	9.79970190822253	13.0560880313497	13.1628196823921	12.9996500041145	12.9704940016016	14.2261863593344	9.32741998869859	11.2952299039886	14.282204060464	13.398245906729	13.4404229085053	7.26135561238852	13.4595775823832	13.7764043815691	13.6517936100524	11.1227056895885	13.8155668383435	7.56913853539898	7.34578452854908	6.73575539468789	13.8988096984537	14.319505052219	14.2934453904711	9.00730956534008	13.9519891249836	13.8766215884433	13.9684187758114	13.9322972676732	9.14769040610465	10.971542132524	13.8352562838218	6.45832141729998	13.7904607279792	15.5256255042896	0	0	0	0	0	6.08943441674269	6.08161444745164	8.95015884855972	8.73085625448754
Mir-15-P2c	0	1.92693624548686	0	1.6832459638687	1.31400097922241	2.73213856770259	2.98059768693628	2.27709214581421	0	0.845908281885073	0	1.43706842214372	1.38134581200857	0	0	0	0	0	0	0	0	6.4199127083501	5.05722364277682	3.55697609900461	6.07843728338068	6.71671533296846	7.48585811137154	5.0758919986905	6.26768226220773	5.91192173319217	8.02947940320084	1.27134418850794	0.78940532022063	0.663011481921439	0.756857972372857	0	0	2.12751062648816	1.94613051722549	3.04703515298415	2.81652647077442	3.2378064250249	1.94214918074719	2.7655861005038	1.51563629299423	2.21433246896568	4.20360646188124	5.51907716294438	5.21407818564108	5.53090500616016	5.11580559168553	0	0	0	0	2.15903414483269	2.1504750497362	2.15754450173878	2.62426091899581	1.91949561640633	2.3277687582711	1.82479947403407	2.31641372235756	1.57090978297909	2.26085957392237	1.54662249830223	0	2.36725402140542	2.25801136368953	0	1.59179007653147	1.53547716393402	0	0	0	0	0	0	5.102760991841	0	0
Mir-15-P2d	6.49948719286441	7.13123203952609	7.02683165539573	6.8852002545055	6.67339345759472	10.3117365406485	10.411927599261	10.4366283470021	10.4142825901684	10.16647721895	10.2670869971658	10.3795439726683	10.2631650160305	8.41269760942543	8.03684165905514	7.59697897316758	8.48670511808249	8.51468633060891	7.99540042717904	8.42544847334134	7.96956640249252	4.56434733986094	4.09991664965357	2.89949959885145	2.65757958174062	5.49058001677809	4.62199137190574	3.0769477366436	2.45243762834759	3.77481576782407	0	10.192619840051	10.1869197596948	9.86431213653148	10.0692332697732	10.7330323995078	10.5268755058413	10.6663668744208	10.3179417541216	12.7579590909476	12.8216662248021	12.6822568830484	12.7053478569238	10.7447819086575	10.8841682619297	10.7898308071661	10.9553112666817	8.58469021962258	8.60093057029309	8.29780131092706	8.52532055852362	11.0025208958807	10.8557767814056	10.9276690491393	10.9003499702234	10.862890391058	10.7971308355962	10.8447702633706	10.8441263423952	12.4988633595999	12.5327351507826	12.4001453063601	12.5527209655637	11.4782242427094	11.468725270733	11.5048399713449	11.4342079589181	11.5931526071453	11.5181960672847	11.6180573061895	11.6318200891029	4.1257038883636	0	0	0	0	0	6.08943441674269	7.07092379323656	0	0
Mir-150	1.92454533655116	0	0	0	3.0757901928795	9.81432739232695	9.78397629100449	9.84315091243753	9.87557312044543	10.4384504839685	10.414049932021	10.5875756987286	10.4878106924947	7.30268906788652	5.35771702187234	7.37985047117416	5.58430033584635	6.43551583047405	6.09977482675299	6.41235589225592	7.05689012594749	9.83129022551113	9.83133965449708	10.1306011075869	9.34341812993417	11.3091634276806	7.96650824035209	1.9910670551664	1.69452393572146	0	0	8.19108840261472	8.17344200983848	7.77601013519913	8.18689913380805	9.10113611939494	8.98347158244918	9.22261197249186	8.87331174625246	8.71527910886937	8.79530517201526	8.69760294716617	8.73949885745847	8.03348297985853	8.18508778050887	7.95748179294567	8.22479332478734	6.23644190309033	6.04907529560876	6.43550589219	6.42922801517124	9.01029414367533	9.05701799503776	9.15554346177856	9.03153309506735	9.44287009184021	9.335281295189	9.27755980012081	9.21687592324383	9.95984192376188	9.85434658508258	9.81753336636216	9.8464207633373	11.2775131140755	11.2868688784876	11.2589713565962	11.1760927516783	9.4889001458643	9.44528452997446	9.56998366545971	9.57817193066987	13.296677610245	0	0	0	0	0	0	6.08161444745164	0	0
Mir-153-P1	0	0	0	0	0	0	1.44534677601554	4.58988338363318	4.37410691374278	3.94046067975073	1.35310696887963	0	1.38134581200857	0	0	0	0	0	3.67395869811934	0	0	1.85073722257771	1.72542237294981	0	0	2.93057764172421	0	0	0	0	0	9.16926255069593	9.27298167469061	6.2305452425362	9.13748359634935	2.93444289319457	0	2.12751062648816	3.25703906497248	6.30086563933964	6.54973872477395	6.28242770671633	6.19016072950311	0	0	4.26328532893718	3.41692796212082	1.06631564158912	0	1.98188588144377	0	7.72231497273813	7.65747112491431	7.75371919857658	7.49137944289284	4.92895482378543	6.44283552280098	7.26029040593293	3.26445732891761	5.2163695531368	2.66911242541594	4.65274389857898	4.29113573750134	2.78926187160716	2.74182383123227	0	3.35776089214979	4.30144982779525	6.42835396528197	5.03582194194562	4.25762021939456	2.26233869553903	0	0	0	0	0	0	0	0	0
Mir-153-P2	0	0.951704251394096	3.47887393119371	0	3.0757901928795	3.61927174916568	4.65110672074635	2.75926244844499	0	0	3.57074445584681	3.78740710545516	3.17401704465908	0	0	0	0	0	0	0	0	1.68068059421108	1.10660602580349	2.40810955078785	0	2.54041617166137	4.26715256876672	1.9910670551664	0	3.61800600637165	0	6.78887403679547	6.7655023758288	8.92419605314302	6.36452263557119	2.11180087023049	3.672208705986	2.95219506569975	0	3.85722056339932	2.81652647077442	0.95387252234241	2.74104702588104	3.65540725840055	4.29222889830703	2.21433246896568	2.28459148918587	2.91923938864548	1.00237849534382	0.987949226811437	0	5.37221471011976	4.52666987325543	4.49073154305589	4.16404955471223	7.14342791754816	4.8337966781079	3.71319205032341	7.11636028221039	1.25788798244504	4.79711096249029	2.87900857871701	1.21845573574718	5.59401344906186	6.19106161415847	5.82574501367319	5.50484676254206	6.97484408481969	4.44680162107545	6.42310762133757	6.15983283246113	2.60017009873007	0	0	0	0	0	0	0	0	0
Mir-154-P1	5.47055850269682	6.37861112965132	6.26902055632018	6.16526690356863	6.34447799330581	1.52680305375237	3.26549896326262	1.5476966437991	2.67416840857219	2.31816639064438	2.85169262068423	2.80259719824726	2.72637231730374	0	0	0	0	0	0	0	0	3.53951921794644	5.72525875875005	5.1482129322318	2.65757958174062	2.2057603370744	4.74263155238337	3.31120190448655	2.45243762834759	3.61800600637165	0	4.60459030946703	4.72752112325583	4.6049830022674	4.97046172991348	2.93444289319457	3.97132346533563	3.4736421774783	3.63384787769828	3.75001530842599	4.09753043101777	3.49923581703944	4.01448707909499	3.12658572011525	2.23832772712435	3.049863509461	2.76731407405506	5.9348544149752	6.15443335922373	5.59100481005232	6.00870656736581	4.31194758102156	5.23837932602297	4.09692690900012	4.65427539094567	3.89381166704117	4.8337966781079	3.71319205032341	4.54748870133915	4.62379174955869	4.99196037709597	4.02285299817911	4.18987795862846	2.78926187160716	2.26085957392237	3.40689325302281	3.07059324226191	3.51082947376903	2.25801136368953	3.53623955202953	2.33011731701284	0	0	0	0	0	0	0	0	0	0
Mir-154-P10	8.22973401716489	7.97892775784395	6.17082050065545	8.28919393227861	7.16676462946316	3.37952816666867	3.26549896326262	3.40837227582676	2.67416840857219	4.27352391463362	4.35280876632226	3.69531536486781	3.79086605701215	0	0	0	0	0	0	0	0	10.2574009484364	11.4963919870094	8.6025152398774	7.24909683390279	5.39057579786351	8.55367552815737	4.63241207656851	5.11063508145422	5.43604769370491	3.95049331164109	6.83426994143819	7.07701421196735	6.74383737693299	6.82576584059691	2.93444289319457	4.61448436515358	4.61984724741147	3.63384787769828	5.13954459418728	5.09784391395374	5.23056975942058	5.0538992588385	3.41509206299278	1.51563629299423	1.49586600862742	3.12837960343253	7.41432324798957	7.13400219771105	7.07400717231675	7.28999325784918	5.0589684073282	4.92597417244835	5.16627707956799	5.55287774131682	4.4460540593364	4.04254173699713	5.22289181233184	4.91992202784523	5.32051028514431	5.16359753709298	5.33663878626952	4.97821512390964	4.0675836875877	4.57025752202055	4.19313447218923	2.23284297951258	3.51082947376903	4.17192142243449	4.60426718462528	4.0970924071356	0	0	0	0	0	0	0	0	0	0
Mir-154-P12	8.68663104557431	10.2438885951286	6.94006010911897	9.59809710531477	7.67682620101318	6.21678811415925	6.38745855832163	6.28429210513772	6.11230301552104	6.55911441549621	6.32706688480567	6.35958786712959	6.4672573811906	3.55013595465304	0	0	0	2.94450578743802	0	0	0	5.67614396646942	7.46200700832196	5.53081137333793	2.56103146123568	5.19099263246667	7.0792404102966	9.20120146495679	9.46262639430777	8.00884849662205	3.95049331164109	2.73453721621086	2.60846228898509	1.45951188267731	2.15349148476431	6.39330677891357	6.21772578153816	7.22171909572513	6.77385202708601	7.75381759630396	7.94728893630514	7.65486480108901	7.76817524935849	5.23782625975255	5.32352248149885	5.35921708521191	5.08381842986496	11.1957478054499	11.0868999284225	11.0466001018077	11.0775660437636	8.34141028565394	8.10535873921043	8.55820646332607	7.9236961824488	7.10761697954256	6.90292995422344	7.0120914064443	7.15173056758875	8.00577901653304	8.15532430340212	8.04525066342639	8.16138201344233	7.03431173069913	6.8896664751446	7.54973425336327	6.70896829680279	7.19559710232436	6.95370522268283	7.04939782265557	6.63948294071079	2.058225813613	0	0	0	0	0	0	0	0	0
Mir-154-P13-v1	9.79568999268383	10.8508841774646	4.7209957483837	9.90142011504694	8.80377694493017	8.40796408650888	8.34419449547216	5.61728386592089	8.32361301312475	9.13127045177684	8.18069861437944	8.95735494795874	5.04885759161145	3.92196062156858	0	0	4.41333592378902	4.17390734435613	0	3.34467561469197	0	5.48267977094832	7.60561742034269	7.40090982743768	3.85584621022476	3.89244038085934	6.67155908960517	8.02154576976902	8.95869057241785	4.04503028119919	4.90306399973185	11.3862596615075	11.3650483752163	10.5025435029997	11.3675614859008	5.46564687291367	8.72768593443667	9.84162559216181	4.73771734059498	6.22282462412537	11.1992787681361	7.71400877188804	10.3549379615007	7.07044908804189	1.51563629299423	6.43555686594374	6.58301355193612	11.0743655971313	10.8835678404026	11.252512803025	7.08425811831349	3.85528626750858	6.3110413262079	9.70758825540667	9.45585104085017	8.91526961220073	8.444657525728	8.67758827897971	4.99973412172834	9.00687721350608	9.21592564851939	9.00730956534008	8.23312283905335	8.47478324744983	5.75752398805741	8.53844341553092	9.53356088811425	9.287567430557	4.44680162107545	9.40832136656885	8.08165375444151	0	0	0	0	0	0	0	0	0	0
Mir-154-P13-v2	9.29310952444335	10.3530193314713	9.22223476631563	10.7289563602019	8.97120854986673	8.65690299506288	8.55717891619624	9.49647940662728	8.51266081640724	4.54393428515023	7.92789787632441	4.86676291229077	8.89028939136687	3.55013595465304	3.3022716090724	0	0	0	0	3.90269633290714	0	6.4300136077821	5.84588758894346	6.70579556645523	2.98977491895686	3.04025280791359	5.77322723511357	8.28503134723786	7.98724793201487	8.72286214152464	5.87875150837616	5.96585512399825	7.45185803825006	9.81283811918892	5.25737071570985	9.64687457285474	8.20311372599063	5.11670929067115	9.5033539565607	11.773859662716	10.3404825468324	11.6027834609577	11.0038585852162	3.12658572011525	7.22631512331345	5.88875997632584	5.88469360711566	11.3323998873673	11.3835880071298	10.895417784586	12.0821836914847	10.4754726569037	10.262597339844	9.44397215130688	9.24205489807283	8.5587195309177	8.81341570348452	8.87663914938881	9.59322077223461	4.77808365757389	2.94494688679439	3.10898151970837	7.98370766051789	8.69659624043081	9.39300470976738	8.82180968698101	4.84571346865752	2.85586456954887	9.07714324687359	2.87988227457315	8.22451408514009	0	0	0	0	0	0	0	0	0	0
Mir-154-P14	4.70959653791165	6.29526307579626	4.57505802705688	4.89479164603385	4.6311518128511	0	1.44534677601554	1.5476966437991	1.48245369299614	1.76221610498131	1.7363560937758	2.39759829554767	0	0	0	0	0	0	0	0	0	4.64749756441288	2.98555648442163	5.1482129322318	3.25961378251888	1.48881729748434	1.0522884103283	0	2.45243762834759	3.44205006160109	0	1.64191381452072	1.29673565130016	1.11554513343675	0.756857972372857	2.11180087023049	0	0	0	0	0	0	0	0	0	0	0	5.07990542720972	5.1339005077082	5.14639976584614	5.308400887248	1.88541361357369	0	0	0	0	0	0	0	0	0	0	0	1.57090978297909	1.53425327332603	1.54662249830223	2.23284297951258	1.62283230801153	0	1.64168482374576	1.59179007653147	0	0	0	0	0	0	0	0	0	0
Mir-154-P15	7.87332325766619	8.55662392150887	8.31362617123939	8.98707302555822	7.32223652557782	3.09184611955232	3.26549896326262	3.12002016620792	2.67416840857219	3.16574472396543	2.99923808426947	3.78740710545516	2.89150687066651	0	0	0	0	0	0	0	0	5.38221346397149	6.13346236580167	6.40942114852357	5.29988473459302	4.81243764422988	6.64083982562364	6.29200936174297	6.53457098341022	6.48887497253698	0	8.26588885340198	8.26510094357006	7.96302162704033	8.2438176045586	3.83685525174689	4.43022837992987	3.4736421774783	4.57453566513204	5.78055779217227	5.40275819879538	5.15669645035952	5.41596344566957	2.7655861005038	0	2.69175790032083	2.28459148918587	6.39489100385696	6.25261815037107	6.4023454771098	6.15624290430119	5.97671948019476	5.6438306070491	5.77363476656606	5.12323934820738	4.19619688029207	3.26293655560256	4.05110824656355	3.88510155209743	4.02733038949818	4.72583895600818	4.5779241723878	4.55818041295031	2.78926187160716	3.10190872756461	4.33722886528108	2.71169103855838	4.14064170511135	3.83204024670853	4.47268283042197	3.70988470491148	0	0	0	0	0	0	0	5.102760991841	0	0
Mir-154-P16	4.85607534813986	5.22620364924986	4.22967838041074	5.35074285934018	3.84566158128707	1.52680305375237	1.44534677601554	1.5476966437991	2.19801358191114	2.88345813314193	2.28881398316065	2.61426293196027	3.51516149126018	0	0	0	0	0	0	0	0	5.93919075170388	7.24881360072527	6.8202092639222	3.48684695664852	3.41076658010507	6.10119736781617	4.1180440609977	4.05804840695894	3.77481576782407	0	7.06504645029818	7.16017969116261	6.78257723203327	6.96768915053041	2.93444289319457	3.29440963269816	2.12751062648816	1.94613051722549	3.50826863389692	3.91687457842093	3.81955711052345	3.73538130654227	1.55258070593448	0	1.49586600862742	0	7.41432324798957	7.43935387399878	7.10525428916378	7.45380858770019	4.31194758102156	3.72789631992849	3.85065663042808	3.95500796807001	0	4.04254173699713	1.44931003566882	1.4446112134343	3.22476937606533	3.70717685010067	3.48159739411087	3.16379661774887	2.30504833278199	2.26085957392237	1.54662249830223	3.07059324226191	3.51082947376903	2.73876249733365	3.24506977336074	3.17902127432894	0	0	0	0	0	9.01582299546751	6.08943441674269	0	0	0
Mir-154-P17	7.69986199256213	9.03120017860776	6.99848375363228	8.83468716603581	7.96980996976946	4.77296907256035	4.65110672074635	5.07465535856462	4.49382841277341	4.96813902405317	5.39908044333778	5.06377551304731	4.73778430439704	0	0	0	0	0	0	0	0	7.80984219983887	7.86313506426581	6.17149566741715	5.85233170176931	6.08414414136358	8.07963412028052	6.20740628697303	6.18138923843359	6.10156854634976	0	9.34264470984646	9.35229120810082	9.02295602593494	9.33069187692069	6.14503348815481	5.2920925573992	4.96931889063519	5.62958203758528	6.89866319156564	6.92946966471171	7.0258593348357	6.91165114477551	3.41509206299278	3.80887342543908	3.7805555439424	3.41692796212082	9.09236385306137	9.12886588360431	8.96452967718205	9.0359991237382	6.93376705396155	7.20942743718771	7.05072376560505	7.14211713164331	5.90507835460115	5.56792517871853	5.90319071374075	5.8535596421283	5.75155070829744	6.14333033745597	5.86314546901202	5.82611502049025	5.86187304523053	5.41685544846601	5.96537741110736	5.82040633411255	5.34042067086202	5.59369619999211	5.69730689680522	5.56460124575506	1.18008119085046	0	0	0	0	0	0	0	0	0
Mir-154-P18	6.45419777756741	5.65850497575158	5.76244260620772	7.78095443195876	4.44679974261278	0	1.44534677601554	3.40837227582676	1.48245369299614	2.71847602260998	2.68732035761046	3.37745076184522	3.29691548822359	0	0	0	0	0	0	0	0	6.66766938474927	5.48634804185147	6.3723930194383	1.78686700240913	4.81243764422988	8.03307862752289	6.05434494393017	5.93995331793514	5.33889036630707	0	4.47300463239259	4.51417633768635	3.66308118291362	3.81826994247529	3.45508583701279	3.97132346533563	3.85584163118431	3.93234288145897	3.04703515298415	3.59476880266501	3.7204807057265	4.01448707909499	2.7655861005038	1.51563629299423	0	0	5.48423955347106	5.67708537060143	5.33394412522988	4.84458596451555	4.10161056853098	3.06175321911136	3.85065663042808	3.41582379957016	4.19619688029207	3.50070247396359	3.71319205032341	3.70633851331011	3.4249459071449	4.09433175985343	3.90536794609812	3.16379661774887	2.30504833278199	2.26085957392237	4.03303476592037	3.07059324226191	2.85586456954887	2.73876249733365	2.87988227457315	2.81612731370579	2.26233869553903	0	0	0	0	0	6.08943441674269	0	0	0
Mir-154-P19	7.15184545373349	7.32018264713715	5.95176172439499	7.57885378544685	6.08499002611288	3.37952816666867	2.62523499990772	2.27709214581421	3.3177639893336	3.03149468427259	3.47313878760151	3.95563440370631	2.89150687066651	0	0	0	0	0	0	0	0	6.45000568911946	8.08770354969617	7.40090982743768	4.60176478504017	4.38352929550728	8.01522556518523	5.41462022716764	5.28628646028442	6.44285894850584	0	7.45624894593798	7.37164411299906	7.01507549349886	7.11853915013954	3.83685525174689	4.43022837992987	2.95219506569975	3.93234288145897	5.57604802292756	5.09784391395374	5.07883533894968	5.41596344566957	3.41509206299278	3.36404642369147	4.11960565652161	3.12837960343253	8.62122493367059	8.58970321907495	8.38101040453351	8.29450728026403	4.80456386101349	4.18187297657636	4.65350890705815	4.34659979658497	5.08442560423931	4.91828061803948	4.84259611360116	4.91992202784523	5.95939857909512	6.08756298725566	5.62377836584576	5.56815758668566	4.37219995486129	4.3193179028952	4.03303476592037	3.35776089214979	4.69807888970056	4.17192142243449	3.98569179521064	3.70988470491148	0	0	0	0	0	0	0	0	0	0
Mir-154-P2-v1	5.51534506470269	6.410647247244	5.95176172439499	7.40150908694279	5.5568993578652	3.82479460923886	0	3.12002016620792	2.19801358191114	2.06680697500783	2.0388694335583	2.39759829554767	2.72637231730374	0	0	0	0	0	0	0	0	1.92879515284927	5.78683358209523	5.38970254434242	3.13099394302289	2.93057764172421	3.79553848231412	4.34621297560374	3.31423283712094	4.72112898538227	0	5.09701218460002	5.57334909278047	4.20957267542522	5.40559707351535	2.93444289319457	4.21894606829712	2.95219506569975	2.74562293223415	6.00697793295258	5.65433756263311	4.99653119831411	3.73538130654227	2.7655861005038	2.23832772712435	1.49586600862742	1.55391615072	4.70950070402145	5.49650071821138	5.4026291981951	3.9869954216934	4.6582854612605	1.78657782372909	4.09692690900012	3.04515659866357	3.71496546777026	3.50070247396359	3.89202119551229	4.04413629872408	4.53998152967853	4.5717741765762	2.87900857871701	4.78343050298107	3.88717823850436	4.3193179028952	4.03303476592037	4.53627439208642	2.85586456954887	2.25801136368953	2.87988227457315	3.17902127432894	0	0	0	0	0	0	0	5.102760991841	0	0
Mir-154-P2-v2	6.45419777756741	7.22429909312096	5.08682798773648	5.7569146349907	5.68745924674797	1.52680305375237	3.88618546997876	2.27709214581421	3.3177639893336	2.06680697500783	1.7363560937758	0	2.07389750363558	0	0	0	0	2.62663034532242	0	0	0	2.53919256239931	4.78281983635122	5.05781315078073	0	2.54041617166137	4.62199137190574	2.44968383849089	2.94674992848661	4.04503028119919	0	4.37810172575955	4.68730171778189	4.82878711719723	0.756857972372857	2.11180087023049	3.672208705986	3.4736421774783	3.25703906497248	1.02706470079385	5.65433756263311	5.58054532197239	5.98961792172173	2.28298180006373	1.51563629299423	2.69175790032083	0	6.25722617951157	5.52821187049806	4.43633755658424	5.91709015549072	4.10161056853098	4.92597417244835	5.45828456538053	5.47658155692602	3.71496546777026	3.88351898826238	3.27110756161846	3.26445732891761	4.45100061409922	3.17641317022502	4.85640581178793	4.71218446866922	3.68094545052013	4.17532203413511	3.85292467794796	0	2.36725402140542	3.62643336488444	1.64168482374576	2.81612731370579	0	0	0	0	8.0562500135055	0	6.08943441674269	6.08161444745164	0	0
Mir-154-P20-v1	2.99827311438567	6.07307223348197	4.57505802705688	2.43908959205042	2.44861108198143	1.52680305375237	1.44534677601554	0	0	0	0	0	0	0	0	0	0	0	0	0	0	3.23605062982738	5.19986560434017	1.65713316502257	0	0	3.26161113333566	0	3.31423283712094	1.26888496964859	3.95049331164109	0.771405439911369	0	0.663011481921439	0	0	0	0	0	0	1.00535715333026	0	1.94214918074719	0	0	0	0	3.43918534573948	3.17415073038853	2.56482159090694	3.30944595665488	0	0	0	2.54503943613696	0	2.1504750497362	0	0	0	0	1.18351117428896	0	0	0	0	0	0	0	0	0	0	0	0	0	0	0	0	0	0	0
Mir-154-P20-v2	5.55878304688805	4.60608109724168	1.82265302529723	5.56807582610892	3.84566158128707	0	0	0	0	1.37561887557387	1.35310696887963	0	0	0	0	0	0	0	0	0	0	3.20501497151557	3.50848716943331	5.59650642894323	0	2.2057603370744	4.00301157732444	2.79714131501984	2.94674992848661	4.16325959119226	3.95049331164109	3.01244679383522	3.48504889141381	2.50260421078998	3.41376867939968	0	0	0	0	0	1.00535715333026	0	0	0	0	0	0	4.02831288905598	1.58813295724365	3.67811292100456	4.1568236542088	1.88541361357369	0	2.67143578140483	0	2.15903414483269	0	0	0	1.91949561640633	0	0	1.86945692385663	1.57090978297909	0	0	1.51111217476574	0	0	0	0	0	0	0	0	0	0	0	0	0	0
Mir-154-P21	6.33433407961799	7.39415350713941	5.62084757015872	7.06274582511424	5.07461771688558	3.09184611955232	4.04522842646424	3.64858055929813	4.80289291997536	4.14936632902335	3.97900653112525	4.10627789472385	3.41016149980214	0	0	0	0	0	0	0	0	5.52098588451783	6.488814080086	6.92621225489013	3.31986452039788	2.2057603370744	6.05534363653067	5.64652561216429	6.13622665914249	5.0006560373789	3.95049331164109	8.39874176701332	8.50380926938386	8.16712560112921	8.28906208956421	4.38776437228855	5.39637528743869	4.96931889063519	4.73771734059498	5.88559710536749	5.96471893370466	6.11698349956803	5.53867562013671	2.28298180006373	3.07672945720567	2.21433246896568	2.28459148918587	8.07172660322947	8.19456138375704	7.89476103551684	7.99740556338006	6.30639096065409	6.39743493089649	6.14604775251968	6.10239301224932	4.4460540593364	3.70477111257937	4.92709818605975	3.50225010351232	5.10412249033701	5.49898848003058	5.0897315778161	5.4851104400381	4.0675836875877	4.3193179028952	4.80211769395842	3.98206947266331	5.00884811088874	4.96654743742741	5.29150790337459	4.25762021939456	0	0	0	0	0	0	0	0	0	0
Mir-154-P22	5.90013285502816	6.68401944253383	5.95176172439499	6.25154677574606	5.07461771688558	2.25185002066947	0	0	2.19801358191114	2.88345813314193	3.47313878760151	2.96916041819176	3.17401704465908	0	0	0	0	0	0	0	0	8.40721987527461	9.31405053561519	8.52027139169762	6.85514231306205	3.63711450564505	7.8770819370946	4.1180440609977	4.23982610286169	5.61269409601844	0	6.06058050969914	6.1629170032532	6.2305452425362	6.48051104361835	2.11180087023049	4.21894606829712	0	3.25703906497248	3.85722056339932	3.91687457842093	3.7204807057265	4.01448707909499	1.55258070593448	0	0	2.28459148918587	7.42354684596045	7.56697039267562	7.55335355434778	7.48604718397288	4.6582854612605	1.78657782372909	4.09692690900012	2.54503943613696	3.71496546777026	3.50070247396359	4.05110824656355	3.70633851331011	2.71497423499928	3.84809148907568	2.60529408029441	3.16379661774887	2.78926187160716	2.74182383123227	2.75787084821199	3.35776089214979	2.36725402140542	2.73876249733365	1.64168482374576	1.59179007653147	0	0	0	0	0	0	6.08943441674269	0	0	0
Mir-154-P23	10.9104675672334	11.5320347900131	9.35672972472054	11.7162565839573	9.78281840454129	7.39618076471267	7.30212461991824	7.25697768561551	7.46626079958944	7.65780995326926	7.66604785083698	7.83906568459195	7.47868840131346	3.29287194539679	2.47144436173848	0	4.41333592378902	1.78059536593653	3.64764842365534	0	0	8.73238478036776	8.89540703833109	9.49696110546049	7.74285717913103	5.58409927357306	7.8770819370946	9.22291437510565	9.53400693947635	9.49180053251595	5.87875150837616	8.23236861350962	8.22703043173773	7.95964464210807	8.21731193594303	8.86456595244564	8.34017214157846	8.58923034681211	8.2986288935937	10.3777704882681	10.4721663781039	10.2594422548776	10.3622266541435	6.25556015321852	6.04600460189957	6.05597699330746	6.29361372315079	9.83174022913058	9.68949593044941	9.72065922936918	9.66913581306741	9.17403158014049	9.15946689886791	9.32820399677697	8.98409705651367	7.7190638388579	7.8864413803272	7.98694010525905	7.66150499743163	7.61326308496644	7.86317238969132	7.582656279059	7.71878667402776	7.9957597287244	7.71151091294499	7.92532807476017	7.71481934187626	7.85709002534226	7.80874345922264	8.05548592686582	7.92307632553436	0	0	0	0	0	0	0	5.102760991841	0	0
Mir-154-P24	3.90504851075794	5.26176566173267	3.47887393119371	5.27035885773608	4.94138902270523	2.25185002066947	2.98059768693628	1.5476966437991	1.48245369299614	1.37561887557387	1.7363560937758	2.14254477573674	1.76878525837759	0	0	0	0	0	0	0	0	4.07395673827945	3.77475868859853	4.34943790361679	0	2.00395477484855	5.45787888807781	3.0769477366436	3.6068571120945	1.26888496964859	0	4.90613081231799	5.13885576664414	4.67254652321538	4.57068219634385	0	1.97710455401973	0	0	3.37028483354107	3.71031436147027	3.37443470805384	3.6289027180168	2.28298180006373	3.60353666200386	3.5755548342601	4.04343593532579	5.41193426646376	5.32656253448217	5.10577714292415	5.37877362063102	3.18329037307815	0	2.67143578140483	3.04515659866357	2.98774198735876	2.1504750497362	3.27110756161846	2.62426091899581	3.60070164349167	4.30460753889258	4.23251061014919	4.71218446866922	1.57090978297909	3.10190872756461	2.75787084821199	2.71169103855838	3.75261418074035	3.09872840635708	3.24506977336074	2.81612731370579	2.058225813613	0	0	0	0	0	0	0	0	0
Mir-154-P25	4.98904321683669	6.57515752767351	4.22967838041074	5.97549071859903	4.86985756541978	3.37952816666867	2.98059768693628	2.75926244844499	2.67416840857219	2.31816639064438	2.0388694335583	2.96916041819176	2.72637231730374	0	0	0	0	0	0	0	0	4.0391858199487	5.10635476978935	4.1883324258792	1.15401516292582	2.00395477484855	5.65522501452494	3.51267972586876	5.01407890872907	1.26888496964859	0	3.53654748650003	3.81869862733944	3.28551541044744	3.5893922800449	3.83685525174689	0	2.95219506569975	3.63384787769828	4.22062824064054	4.33208973668804	3.91226453478722	3.73538130654227	1.55258070593448	2.23832772712435	2.21433246896568	1.55391615072	5.48423955347106	5.91156458170268	5.56126784025584	5.74126994433566	3.85528626750858	3.97266821191938	5.2703196882654	4.16404955471223	3.71496546777026	2.62283885480155	3.50901743874995	3.50225010351232	3.60070164349167	3.97645881913914	3.30728596208954	3.96317125907967	3.68094545052013	2.74182383123227	2.27579629039564	3.59714748235133	2.85586456954887	2.25801136368953	2.38973209243396	2.33011731701284	0	0	0	0	0	0	0	0	0	0
Mir-154-P26	5.93351826798633	5.65850497575158	4.02004568302411	6.80186807856557	4.79459357758572	2.25185002066947	0	2.27709214581421	1.48245369299614	2.31816639064438	2.0388694335583	2.61426293196027	1.38134581200857	0	0	0	0	0	0	0	0	5.18955537718979	4.28200633388065	6.58152056164475	3.19673673552985	0	3.26161113333566	5.84626447289111	6.04142520069347	5.65367162789387	0	5.61680947545879	5.5285224615647	5.07337136303793	5.14935368940083	0	3.29440963269816	2.95219506569975	4.17954106693148	4.44343927861653	3.91687457842093	4.23298601682854	3.25222343783925	0	1.51563629299423	0	0	5.79970729992264	5.88731569491445	5.59100481005232	5.81925886935301	3.85528626750858	3.43293571958275	2.67143578140483	3.71045956913623	3.27282852460369	2.97810026304091	3.89202119551229	0	2.37138090759824	0	3.10898151970837	2.31641372235756	4.22791666466431	2.26085957392237	2.27579629039564	1.51111217476574	1.62283230801153	1.53189714850589	1.64168482374576	1.59179007653147	2.26233869553903	0	0	0	0	0	6.08943441674269	0	0	0
Mir-154-P27	6.66763940047172	8.3696283632896	5.62084757015872	6.96398075717147	5.72847934674282	5.12376509497466	4.54860157787632	5.15473719090037	4.9773717949269	4.27352391463362	4.23864125502666	4.36727049146426	4.60134797085673	0	5.16095262133211	0	4.44609346274455	1.90309195971402	0	0	0	7.77856266237764	8.64826576286685	8.6025152398774	4.98336261736021	3.23737159378435	6.10119736781617	6.88904406440583	6.60255972581317	5.84272996867666	0	8.69542012356045	8.56612947416238	8.42883487452618	8.56084598927005	6.21122074328491	5.8279055476591	6.57515494781406	5.78697599142687	6.16139227168411	6.07662464017055	6.01614938375777	6.010974073685	4.34583208396376	3.60353666200386	3.33652189005873	3.86323618808569	9.14349697513262	8.92360650883689	8.92421358356746	8.99737854345171	6.83507403152467	7.23311436513239	6.86379624905392	7.09185578742571	5.57873125527323	6.16016713011524	5.57685175125648	6.05380634794262	5.92677081252628	5.6983181613212	5.92482615061413	6.2091341278469	5.47119530364707	5.65265869599319	5.72453444706646	5.31673347922771	5.48141534893177	5.70251286941169	5.43982269065158	5.05431448926657	0	0	0	0	0	0	0	0	0	0
Mir-154-P28a	5.64192193891164	6.56095353232611	3.1063370451116	5.87033815585607	3.68822604540525	0	0	1.5476966437991	1.48245369299614	3.78223405816567	2.0388694335583	3.78740710545516	3.51516149126018	0	0	0	0	0	0	0	0	6.60960387565255	8.10593751857527	6.03599231930725	6.14656250289096	4.95929721803332	6.85671672841899	3.98882514971362	5.71270897434476	4.86765186259691	4.90306399973185	5.44015190554279	3.28397251861805	5.50262368563135	2.36144229461087	2.93444289319457	0	2.12751062648816	3.25703906497248	3.21769451814435	4.01002839961055	3.08687234965292	2.52053824391428	0	0	1.49586600862742	0	4.88000198802258	4.95879630537317	5.85885361715685	5.63025928391742	0	1.78657782372909	2.67143578140483	3.41582379957016	1.45052704271402	1.44353758141309	2.63048064510923	2.15179039474782	2.37138090759824	0	2.87900857871701	3.16379661774887	2.30504833278199	0	4.03303476592037	0	2.85586456954887	2.25801136368953	1.64168482374576	3.46873395991548	0	0	0	0	0	0	0	0	0	0
Mir-154-P28b	5.9661485504835	6.07307223348197	5.69338151825597	7.30392947860549	5.41333779411694	1.52680305375237	0	2.27709214581421	3.3177639893336	0	2.28881398316065	2.14254477573674	1.38134581200857	0	0	0	0	0	0	0	0	4.62422532114276	5.37045940792995	5.38970254434242	4.60176478504017	1.48881729748434	3.6794220109311	3.0769477366436	3.6068571120945	4.04503028119919	0	3.53654748650003	5.65902853401917	3.10164945979927	5.9472678814531	0	0	0	0	1.62093710370287	2.81652647077442	2.91828250783353	3.6289027180168	0	0	0	0	4.70950070402145	4.3968445164106	2.3025982432924	4.51029229957593	3.18329037307815	2.56069327422785	1.88178770628316	1.7732032383926	3.51076861644781	1.44353758141309	2.15754450173878	2.15179039474782	1.25788798244504	0	1.82479947403407	0	2.30504833278199	1.53425327332603	0	1.51111217476574	1.62283230801153	1.53189714850589	1.64168482374576	1.59179007653147	0	0	0	0	0	0	0	0	0	0
Mir-154-P29	0	1.92693624548686	0	0	0	0	0	0	0	0	0	0	0	0	0	0	0	0	0	0	0	0	0	0	0	0	0	0	0	1.26888496964859	0	0	0	0	0	0	0	0	0	0	0	0	0.961691675863634	0	0	0	0	0	0	0	0	0	0	0	0	0	0	0	0	0	0	0	0	0	0	0	0	0	0	0	0	0.707478534362859	0	0	0	0	0	6.08943441674269	0	0	0
Mir-154-P30	2.72079149910524	4.22873915262457	2.60279459058997	3.83481052677172	1.31400097922241	1.52680305375237	0	0	0	0	1.35310696887963	0	1.38134581200857	0	0	0	0	0	0	0	0	1.68068059421108	2.98555648442163	3.26537195911095	0	2.2057603370744	2.07773870067745	4.1180440609977	4.40124173535349	2.73096811242148	0	4.47300463239259	3.57596917127343	4.11559606835127	4.07600723356605	0	1.97710455401973	2.12751062648816	0	0	2.00802828865477	0.95387252234241	0.961691675863634	0	0	1.49586600862742	0	5.1258345154963	4.3264438884795	4.97655946937774	4.74152807272097	3.18329037307815	2.56069327422785	0	3.04515659866357	0	1.44353758141309	0	1.4446112134343	1.91949561640633	2.3277687582711	1.82479947403407	1.86945692385663	0	0	0	1.51111217476574	0	0	1.64168482374576	0	1.53547716393402	0	0	0	0	0	0	0	0	0
Mir-154-P36	12.0645195813563	11.919960280648	11.0409527197713	12.5897546481503	10.742493682692	7.56336112021995	7.37881628367611	7.67871288336704	7.4216641751337	8.01879159347608	7.8858456004969	7.96765477756747	7.89332659239007	3.50222289818727	0	0	4.29244665845351	2.76229316532562	4.75832209875014	3.72376581740707	0	11.0510513756054	11.6779892737815	12.5798722780552	10.080765260412	7.06700744590437	9.95595013529091	9.70919044690034	10.0019835964952	11.0602671546862	7.94734200304831	9.79244149944627	9.89628544713794	9.48074787800324	9.75134051849973	8.64268928843669	8.34017214157846	8.35690952705284	8.2986288935937	8.86729520253881	8.87175847948651	8.66133312922106	8.83239728490078	6.10159735778112	5.62469971429512	5.35921708521191	5.83662575164106	10.2010635424441	10.1908632421968	10.1718050509065	10.1256879804671	8.97209933257134	8.91779353781788	9.07163097530807	8.90625281338684	7.83310083129706	7.81110537526074	7.93686854334918	7.9696727007288	7.90887336657689	8.06435900466451	7.66629447766491	8.02838741033781	8.00685680786346	7.35833551671368	7.80654068459531	7.5678061165975	8.02776137155375	7.90297174172788	8.06693852616789	8.13431406190632	0	0	0	0	0	0	8.87851367369686	0	0	0
Mir-154-P3a-v1	4.03377058543775	2.24385930163119	4.22967838041074	0	1.31400097922241	1.52680305375237	2.98059768693628	0	0	2.06680697500783	0	0.890524894614324	3.17401704465908	0	0	0	0	0	0	0	0	5.60064977680776	6.89051030618721	7.94569937141443	0	2.38277016299004	5.38560484321513	6.05434494393017	0	1.26888496964859	0	7.40301010433676	3.38801101377434	7.103413018364	3.41376867939968	0	0	2.95219506569975	3.63384787769828	0	1.00535715333026	2.72735225005617	3.51393471826975	0	2.71759355703859	0	0	5.25545068168164	4.70501027263923	4.88350088558353	5.86900361412418	4.93736658920608	5.03779615528263	0	0	0	2.97810026304091	3.27110756161846	2.15179039474782	3.60070164349167	3.97645881913914	0	0	4.0675836875877	2.74182383123227	0	4.14181463318916	3.75261418074035	0	2.87988227457315	2.81612731370579	0	0	0	0	0	0	0	0	0	0
Mir-154-P3a-v2	5.11078346314081	5.90332359058257	3.47887393119371	6.02532594256821	4.79459357758572	1.52680305375237	0	2.27709214581421	1.48245369299614	0	1.35310696887963	0	0	0	0	0	0	0	0	0	0	6.09543719105902	1.10660602580349	6.51512351940008	3.43330521670687	3.14217618528598	5.00632879105838	1.31478616941387	6.26768226220773	6.55525884405801	3.95049331164109	7.39090762636904	8.36409616652237	7.00855376968523	8.33293069798291	2.93444289319457	1.97710455401973	2.12751062648816	0	3.85722056339932	4.33208973668804	2.50724308955643	3.38900540725755	0	0	0	1.55391615072	4.98341333147443	5.09207634402426	4.36927614863152	0.993078815701568	2.67563002213424	0	5.36736114427012	4.65427539094567	2.98774198735876	2.97810026304091	2.98606444080148	3.26445732891761	4.02733038949818	4.48809788221409	5.03484167623787	5.30313325836217	0	2.74182383123227	4.33722886528108	0	0	3.38657537339801	3.53623955202953	1.59179007653147	0	0	0	0	0	0	0	0	0	0
Mir-154-P3b	4.98904321683669	5.78610113620691	5.37840669094825	5.97549071859903	4.54191841179866	0	0	1.5476966437991	1.48245369299614	2.06680697500783	2.0388694335583	1.43706842214372	0	0	0	0	0	0	0	0	0	7.48435996044013	7.3234338227492	8.18871440542595	4.67279149055238	4.341293545912	7.60204565794743	5.55818470841737	4.79910842918395	4.79624976815621	0	7.27056824664942	7.58369066740275	7.09111973432325	7.29999605627181	2.11180087023049	0	2.95219506569975	3.63384787769828	3.37028483354107	2.59388006992893	3.08687234965292	2.93227775858729	1.55258070593448	0	0	0	4.29273297460581	4.64841944293882	4.29894488520572	4.1568236542088	5.27516488429184	4.18187297657636	5.2703196882654	4.90772930068503	2.98774198735876	3.26293655560256	2.63048064510923	3.26445732891761	3.89864748300545	3.70717685010067	4.02285299817911	4.18987795862846	0	0	1.54662249830223	1.51111217476574	2.36725402140542	3.62643336488444	3.53623955202953	2.81612731370579	0	0	0	0	0	0	0	0	0	0
Mir-154-P4a	5.424336934217	3.37038209399548	0	5.42688342543816	2.79601709188554	2.25185002066947	1.44534677601554	0	0	0.845908281885073	0	0	0	0	0	0	0	0	0	0	0	3.07373121411012	6.06054297441493	8.91728781998501	4.27648582994904	0	5.52670432902737	0	3.31423283712094	5.0006560373789	0	5.00472611117741	4.08949488363575	4.73708699179607	4.76620520098572	0	0	2.12751062648816	0	2.04040900376453	0	2.24739919023902	1.5336553038736	0	0	0	0	2.09836430930203	2.58892448391718	0	0.993078815701568	0	0	0	0	1.45052704271402	0	2.15754450173878	1.4446112134343	3.4249459071449	4.72583895600818	3.10898151970837	3.36300636743547	2.78926187160716	1.53425327332603	0	0	2.85586456954887	2.25801136368953	2.38973209243396	1.59179007653147	0	0	0	0	0	0	0	0	0	0
Mir-154-P4b	3.43116852322172	5.03392105901123	4.02004568302411	5.92387224661595	4.86985756541978	0	0	0	0	0	1.7363560937758	1.43706842214372	0	0	0	0	0	0	0	0	0	6.83157857919344	2.98555648442163	6.29535761553191	5.07361875538045	3.41076658010507	6.2912131658625	3.84688350994896	3.6068571120945	5.0006560373789	0	4.42633339752196	4.76664963657405	4.38094185728812	4.13383916174823	2.93444289319457	2.7811588339805	0	1.94613051722549	1.02706470079385	1.59210096033023	1.93024366443099	2.74104702588104	0	0	1.49586600862742	0	3.28579122837544	4.091936757453	4.43633755658424	4.1568236542088	0	1.78657782372909	1.88178770628316	2.54503943613696	2.98774198735876	3.26293655560256	0	0	3.4249459071449	0	3.30728596208954	3.69407510670721	0	1.53425327332603	2.27579629039564	0	2.36725402140542	1.53189714850589	0	0	0	0	0	0	0	0	0	0	0	0
Mir-154-P5	7.00254302219096	8.23296823241173	7.02683165539573	8.17240057661347	6.92351032085595	5.27162446177103	5.14835068003523	4.89977992714311	4.9773717949269	5.65645492145274	5.07240406107537	4.63852648329785	5.18239357537622	0	0	0	0	0	0	0	0	7.70004671929132	9.51391007304399	8.48601456618352	6.2508324262745	5.30526081785784	8.92270733287061	6.23616210854587	7.17141542336183	6.1877949945735	0	7.43872005535886	7.46381218084723	7.2816690280682	7.42107331722175	6.27450422306824	5.90063566800594	6.41347074396158	6.05805910536007	6.4959692459164	6.3681165479261	6.50713275412015	6.6510113211429	5.23782625975255	3.80887342543908	3.96001785335902	4.04343593532579	9.08946928049148	9.03541113891453	8.84929309805771	9.07095833228726	6.57456462999119	6.66459920736198	6.9910657482796	6.610653090138	6.02511551877841	5.76330435678461	5.00692344102168	5.80994501213947	6.53661179868362	6.81028674266927	6.38601375218294	6.46891483517864	5.70719128310124	5.65265869599319	5.15315015992968	5.31673347922771	5.26439502671861	5.80369445498816	4.83612118201228	5.29537011846986	0	0	0	0	0	0	0	0	0	0
Mir-154-P6	7.03366521140678	7.68355744555226	5.69338151825597	7.82383021309142	6.23486630268896	4.30849639018744	4.18846639604036	1.5476966437991	4.24354391114854	3.03149468427259	2.68732035761046	3.2537631447425	3.29691548822359	3.64143736662373	0	0	0	0	0	0	0	6.72074778644068	7.91920530530841	7.72847426176844	6.17945554926123	6.03198999440842	7.32125056677289	4.87112590703981	5.44285434665835	5.06282575083001	4.90306399973185	6.26005776041194	6.36765990777056	6.00012415654819	6.07084900557221	4.60027777279205	4.924585168704	4.15770202915441	5.13917288757464	5.75305793999391	5.76538466237403	5.36785342260586	5.94593315654095	3.41509206299278	0	3.5755548342601	3.12837960343253	7.82955965060987	7.71208950317504	7.72410331255969	7.79996742492351	5.17111265390515	5.3290981408443	5.2703196882654	6.15229484582621	4.4460540593364	4.54586381656057	4.19438197448592	4.54748870133915	4.98239976286222	5.16359753709298	4.41553026415294	4.97821512390964	4.22791666466431	3.10190872756461	3.85292467794796	3.59714748235133	2.36725402140542	4.01196675060063	3.98569179521064	3.46873395991548	0	0	0	0	0	0	0	0	0	0
Mir-154-P7	7.32536662846843	6.98994594182378	5.08682798773648	7.70653553345583	5.98697159015594	1.52680305375237	2.62523499990772	2.27709214581421	0	3.94046067975073	3.66216298501547	3.69531536486781	3.51516149126018	0	0	0	0	0	0	0	0	8.27990508544132	9.17990680131271	9.32351838336989	6.1956250490883	4.05806500091014	7.35002270258934	3.51267972586876	4.54640101084903	5.12242671316748	4.90306399973185	5.81097469793872	6.07212577330966	5.62704936881396	6.11459261960513	3.83685525174689	1.97710455401973	2.95219506569975	2.74562293223415	4.85910447519206	4.81766882558022	4.66469305505974	4.31845027883164	3.12658572011525	1.51563629299423	0	1.55391615072	5.96042843093239	5.39695751193984	5.49988939561606	5.60111862803457	3.18329037307815	3.43293571958275	4.09692690900012	3.04515659866357	2.98774198735876	3.26293655560256	3.27110756161846	3.88510155209743	4.25466212015411	3.70717685010067	2.26719612330756	3.96317125907967	2.30504833278199	3.38983163278759	3.40689325302281	3.59714748235133	3.51082947376903	4.01196675060063	2.38973209243396	2.81612731370579	0	0	0	0	0	0	9.8769801997532	5.102760991841	0	0
Mir-154-P8	2.3769176484058	3.90807714034673	2.60279459058997	4.22434720558783	3.0757901928795	0	0	0	0	0.845908281885073	0.829694090990264	0	1.76878525837759	0	0	0	0	0	0	0	0	4.10790931453147	5.37045940792995	5.38970254434242	0.86146505796231	2.68252026542983	4.09653605079195	5.255174549847	4.67828079815988	4.16325959119226	3.95049331164109	5.31763874149312	5.35965833577323	4.94263653101601	5.51845382400774	0	1.97710455401973	2.12751062648816	0	2.62979231703988	2.81652647077442	2.72735225005617	2.26013680830463	0	0	0	0	4.20986339969551	4.091936757453	3.43744569719433	4.37910547453744	1.88541361357369	2.56069327422785	1.88178770628316	0	1.45052704271402	2.1504750497362	0	2.15179039474782	2.71497423499928	2.3277687582711	2.26719612330756	1.86945692385663	2.30504833278199	1.53425327332603	1.54662249830223	1.51111217476574	0	0	1.64168482374576	0	0	0	0	0	0	0	0	0	0	0
Mir-154-P9	8.47619467904941	9.82516779388277	6.71465418061004	9.45086701405804	7.5452550914676	9.84416508572158	9.82292678314717	9.9703123630513	9.83363601828032	7.85950270000532	8.04716519387378	8.01604410754051	7.9270195313124	0	0	0	4.01524516944952	3.15638976365525	0	0	0.470169270988792	9.71597143463354	10.3706134838045	10.0301671009087	7.12794286619704	6.27573142063611	7.72429610801653	9.47291667666594	9.27223173579503	8.03234448593698	3.95049331164109	9.30282896264682	9.33123840985694	8.99683473816386	9.20480261860362	8.18011071925786	8.12937077599261	8.44324085414553	7.91100408960603	10.6646221436023	10.6445911914287	10.5292497388003	10.6570947716856	9.56408255924413	9.40859703644418	9.35424914957474	9.52877790629701	11.4419834406183	11.3401415941348	11.2966070358867	11.3698337781255	10.5908719251652	10.5345199802331	10.4595389455943	10.4144949103789	9.41016910179849	9.46382393695317	9.44454125628992	9.52067192565821	10.1573370818533	10.1412890756725	10.0112485533272	10.0959605827588	9.24803043541884	9.30923194015612	9.31505517719439	9.13824681083494	8.56803935268777	8.62375331971888	8.75295237711905	8.62122801271651	0	0	0	0	0	0	10.9268124566021	8.23487513206315	0	0
Mir-155	8.12525386211682	8.01584481174889	7.46004178302738	7.97096385804903	7.71814544255562	6.48266934420496	6.38745855832163	6.17331743316196	6.35298100063047	6.96111831004267	6.60564617629154	7.08649057005675	6.72975511529056	0	0	0	4.23736617895941	3.61647728765317	4.83027069076816	5.70122431776034	3.93121629987676	9.14997300543648	7.87026418057728	7.89438184350731	8.08638318542939	7.65916437836519	8.34082410951225	8.99372491451486	6.98019940466008	9.83909253118018	7.44727503536783	6.57018865022595	6.34198231892038	5.80317865292721	6.37655020722988	7.16851281320198	7.05708156832253	7.51538397648785	6.77385202708601	7.80157896989067	7.95901858104017	7.8781508864981	7.95606583846112	8.16563701106901	7.92304443118392	7.80142217820223	8.21542614552636	6.667540738475	6.48043318835314	6.54590944900537	6.34384629481168	7.48254845840307	7.34604449640743	7.16311288477464	7.03978001065759	7.82209430877692	7.86531521812517	7.66888912018803	7.63675424988295	8.94305168508513	8.99122642043304	8.85324043723793	9.02194393278559	9.76842695411725	9.72262180551861	9.79547443548319	9.72866194701697	9.76545603066804	9.70927861819419	9.86717381883274	9.81273423559268	4.1257038883636	0	0	9.36752163008088	0	13.0132077875242	8.65663204834097	9.58559419324869	0	0
Mir-17-P1a	6.56486223589661	7.5675723442917	7.93417351627731	7.34375675821167	6.99249186305497	8.36744345174786	8.24114649998786	8.38269110611443	8.37129468857747	9.50349373553272	9.49498543964627	9.6099531600945	9.5048407545831	7.50768773020954	8.10274077212541	7.83947592175937	7.12398844216893	8.65641056290441	8.30097876946574	8.55322063978223	8.9442935000897	10.6212579534501	10.7224276729665	9.75247551595494	11.5242736611514	12.9402507885206	13.0545663689162	10.3307165918097	10.0300314332601	9.52254435025709	10.2475269339397	9.10032637001695	9.13026661726781	8.90676597037669	9.00429396059249	10.0599661556349	10.1102484478817	10.1418843097299	9.93201020473886	8.24327525978598	8.29606255552453	8.07648275218884	8.09754007313203	9.25729078754012	9.28505175503668	9.05673936047273	9.31299828280296	8.62522781902511	8.7696137579042	8.81190070705286	8.56736125291017	8.30499845510533	8.22831169420048	8.51649885222942	8.34442082162261	9.49923569924954	9.41013026272212	9.36346504202388	9.54082252797562	8.5029432172293	8.44329356359122	8.50508631095616	8.58682397814737	9.2004920332714	9.37251312833319	9.24825602922075	9.11917212460328	9.36241259519921	9.27071732323512	9.34857802105765	9.32082601440397	13.6687334237493	0	0	0	0	0	8.07345591069506	7.07092379323656	0	0
Mir-17-P1c	0	0	0	2.43908959205042	0	1.52680305375237	2.98059768693628	0	1.48245369299614	4.77157225972258	3.90607787118616	4.42575547170361	3.87218440978285	0	0	0	0	0	0	0	0	7.51315125818418	6.5785997145623	4.74667294134641	6.94874523767542	8.44736962348225	7.30174533116389	0	0	1.26888496964859	0	5.23880424395846	4.9477987908179	4.99636025680594	5.25737071570985	3.45508583701279	4.61448436515358	2.12751062648816	3.25703906497248	1.62093710370287	2.00802828865477	1.52312552904802	1.5336553038736	4.90694879683001	3.36404642369147	4.72708593018051	4.34775820938608	4.58349814674607	4.091936757453	3.78489418743113	3.30944595665488	3.18329037307815	3.43293571958275	3.85065663042808	0	4.6589599383365	4.8337966781079	5.08256252446381	4.74569015069088	4.98239976286222	4.09433175985343	4.49901095373501	4.71218446866922	5.3369403451213	3.83538785769676	4.69917487818453	4.53627439208642	5.60984908665497	4.01196675060063	4.93942417965486	5.29537011846986	8.48629370564555	0	0	0	0	0	6.08943441674269	0	0	0
Mir-17-P1d	7.23453196343759	7.59571370818442	7.74237085214467	7.40150908694279	7.66630880024323	7.64699358131757	7.89973767333	8.08859488605406	7.80403561434388	7.19106976542093	7.13070661180914	7.29695876646254	7.32108172295238	10.0221665635945	9.76481439327137	10.1522465985432	9.96333430172131	10.2688439273576	9.9574117154069	10.3314577278415	10.2338646162842	12.7432776364969	12.3045200438893	11.7797814814506	12.1009803831753	11.7898221941899	12.2869819851191	9.42376462243406	9.43492110715652	8.71804044590952	7.44727503536783	7.93599877387423	7.98306891129954	7.53863774634621	7.78821745995069	8.38037663324142	8.47727090234188	8.35690952705284	8.54995750384594	7.89889214345418	7.69012261075565	7.71400877188804	7.79304398927404	8.42296577530253	8.54962705301921	8.36842111186459	8.42498555588453	8.73302387817356	8.62679285145329	8.47571025426323	8.46594358620579	7.9749692637108	8.31964609782619	7.85758941871464	7.87993658436485	8.72157137936499	8.95012609272263	9.01338051039654	8.83700365360756	8.75605824774373	8.82639566225909	8.71168081587778	8.86656258651419	8.58994849390364	8.58522443484335	8.68707255339415	8.59194020139652	8.65992240055216	8.76845377695155	8.9327138945617	8.85883011437027	13.6159610261362	9.48305012733213	0	0	0	0	8.65663204834097	8.06554861117415	0	0
Mir-17-P2a	4.2611635197368	3.6099763437264	3.47887393119371	3.83481052677172	2.44861108198143	4.00465679151571	3.70741205529201	4.58988338363318	4.24354391114854	4.59242614790831	3.90607787118616	4.63852648329785	4.22158636408818	0	3.12568064462854	0	4.46219746970201	4.12439721689565	3.86876799372663	4.53873057376935	1.1082340327951	9.25503237327907	9.51391007304399	8.28151474297678	8.78828278875443	9.6133338539618	10.0698749795415	8.10965357835625	7.61171059884957	6.48887497253698	6.67556004510934	5.48638529803718	5.10871875426985	5.32505356375935	5.12103670492022	5.66773816046334	4.61448436515358	5.25042779200127	5.25149756639678	4.29878499395706	3.46915714931537	3.61409524568548	3.8345384731742	4.81084389043697	4.85243516993306	5.15325187515734	3.86323618808569	5.29619136229264	5.46407684374853	4.29894488520572	5.2344186468809	5.17111265390515	5.23837932602297	5.2703196882654	5.01950470476753	6.09992786929404	6.12504746766445	5.7722552013993	5.93702209764209	5.41763709286157	5.73508025578444	5.03484167623787	5.25381160687518	5.81213266589664	6.03291813330422	6.31785203589873	6.39683350215919	6.62571122018855	6.14957158728519	6.01366335732198	5.94079951276071	8.90921600734987	0	0	0	0	0	7.66020256532945	0	0	0
Mir-17-P2c	0	0	0	0	0	0	1.44534677601554	0	0	0.845908281885073	0	0.890524894614324	0	0	0	0	0	0	0	0	0	6.53357285047308	4.19383239201659	1.65713316502257	2.09340118656229	6.90971080996244	5.52670432902737	1.9910670551664	2.94674992848661	0	0	0.771405439911369	0	1.11554513343675	1.61796570082883	0	0	0	0	0	0	0	0	1.55258070593448	1.51563629299423	1.49586600862742	1.55391615072	0	1.00237849534382	1.56887233004962	1.57572685667555	1.88541361357369	1.78657782372909	0	0	0	2.1504750497362	1.44931003566882	0	1.91949561640633	1.87977978791294	1.18351117428896	1.21845573574718	0	1.53425327332603	1.54662249830223	0	2.36725402140542	0	1.64168482374576	1.59179007653147	8.57994729817564	0	0	0	0	0	0	0	0	0
Mir-17-P4a	6.17597131998289	5.51851920899009	5.69338151825597	6.02532594256821	4.54191841179866	8.95915302452503	9.03583819040372	8.98550193302667	8.85770983282788	10.4679904898952	10.4041530920946	10.5312537976907	10.4142024365892	8.35654253994172	8.62786839775381	8.52813912303113	8.04855090455064	8.86485081322166	8.62135809154194	8.89203674759443	9.50628319081858	11.0876693282547	8.85644804238214	9.73069661617184	9.95580055987194	11.7155589208991	11.8446071157901	9.99230919688422	9.98934069163679	8.30735819564378	8.10719127844939	9.83772703016317	9.8320234328554	9.51220795307269	9.75710231938968	10.4577245860071	10.3819838197878	10.5118012078414	10.298460955613	8.7539441668092	8.83403820653779	8.77987204761927	8.70715409100788	9.72104536402952	9.67784221362939	9.64736298597279	9.76540652936845	8.75511122151075	8.78610200465543	8.64828210784685	8.52143722505886	9.03273489331877	8.93955316265503	9.03517384830915	8.74485845531666	9.88232949400905	9.85532003854525	9.94769727964884	10.0799511467741	8.57314316133694	8.60595124698864	8.25790314833908	8.60660392494296	9.55443640175176	9.40112053529078	9.48714453063514	9.45586659407195	9.52600209637951	9.56541319604202	9.51669196124168	9.68793648076151	10.5614913740456	0	0	0	0	0	9.24040241032892	8.96992391837022	0	0
Mir-17-P4c	0	0	0	0	0	3.37952816666867	1.44534677601554	3.12002016620792	3.55648016717492	5.1081326273926	5.81221327257948	5.94540601588554	5.71049259802299	0	0	0	0	0	0	0	0	7.25169549202489	6.89051030618721	5.98784068130898	6.83463809744041	7.6287596903709	7.8770819370946	0	0	2.3866061014718	0	5.81097469793872	6.1629170032532	5.62704936881396	5.96330695870843	4.38776437228855	4.21894606829712	4.15770202915441	3.93234288145897	2.85344534351768	2.00802828865477	0.95387252234241	2.26013680830463	4.20169079717216	4.14838437060815	4.72708593018051	4.47880597062418	4.58349814674607	4.46396898495569	4.50041969466391	4.44618950501314	3.85528626750858	3.43293571958275	2.67143578140483	3.41582379957016	5.29011962147518	5.85189149966377	5.67785921292614	5.51630706588662	5.10412249033701	5.21655377216182	5.38132637310409	5.03770731683927	5.18889781207281	5.28272503673382	5.77602708689639	5.82040633411255	5.60984908665497	5.53604675524899	5.91572177617381	6.27688344159418	1.18008119085046	0	0	0	0	0	0	0	0	0
Mir-17-P4d	7.16595984817188	7.36991553227125	7.75936510046423	7.10970338949073	6.11623680098485	9.56122666840353	9.27933614532646	9.4496243850999	9.39625876597345	10.3800836090496	10.3074689234025	10.4648200751974	10.3366357167604	11.5206721213012	11.571900187172	11.174588082938	11.2707444889	11.8740086161337	11.3395828643608	11.8778872248512	11.9275295781235	11.6385120198452	11.5753985267655	10.7960077458351	12.2679894734059	12.1839343438746	13.3636572296451	10.5150733925301	10.5242958755482	9.54722002742336	9.0661695909907	10.7299124110428	10.7771693399404	10.480916240038	10.7077050280248	10.9374914789363	10.828942712669	10.9207520971023	10.7302754323569	9.48818315508516	9.6688927834135	9.4931871355952	9.48659321613846	10.7284342335611	10.7612847506792	10.6448238757052	10.5979636047084	10.8515966396684	10.7885671435791	10.778326976424	10.8126804325488	9.92740225020856	9.87549291617897	9.90637540686403	9.89745139675496	10.4543617390274	10.5547482575408	10.4893889941937	10.4819734881472	10.7547157488604	10.8629403800226	10.6769696633608	10.7687179588343	10.8125616693942	10.8264215559657	10.8039950992085	10.8398288248746	11.0344062743402	10.9427525664103	11.1169639806081	11.0193531287907	15.5636051302613	0	0	0	0	0	9.65484347062611	9.52154920270588	8.95015884855972	0
Mir-181-P1a	6.28345378809001	10.0891748687499	11.4782324018057	8.83468716603581	10.7868622837579	14.171531654798	12.9341380953114	13.1306280725231	13.0206510392806	13.7069851667991	11.4946514643385	13.7862651643696	13.7059305123806	12.6256723013261	16.2928992644908	16.6686207572768	16.5669738238416	16.765817303547	16.2066283422002	16.5861421129488	17.6698064312773	11.9702253041562	12.1417264042107	10.0941082297547	12.7991768217927	9.64188863890287	12.1354586584549	14.0119187596304	15.3125827649985	13.9576513657705	12.313737293633	13.9861898668587	16.2632571519863	17.0641732715486	14.0250410489677	14.0046104745192	13.2545075640138	14.0581659107	10.8797681469132	14.8703628728853	14.9641176424964	13.9542029881857	13.9819409580772	11.2600779960468	14.1564532646104	15.0764372873551	14.2882199523784	17.0387178420059	12.0474373233254	12.8519333920575	16.8919344294296	14.1652762799406	14.0322004659321	14.5007995193038	14.2603350096528	7.32591926042466	13.2113350093918	8.09133780382399	14.0719372694962	13.3117984945072	10.6652065034247	8.464125046294	8.73346285289177	15.4105305640754	15.3855320547203	14.4625380551026	9.60385751564919	15.3502318949239	14.3665447526239	8.17672579980346	15.4583130898298	10.0033424745959	11.4815373293292	11.4669429651077	10.3664291740457	8.0562500135055	0	10.7693566885056	11.4182325902568	11.4072020096142	12.0782874887033
Mir-181-P1b	7.96497212096893	10.2724997955773	9.61660226478686	9.58984018747791	7.38772195345989	10.3744239932371	13.4700351940283	13.5843222777093	13.4994718220241	14.5621235725357	15.056067947404	14.6721283280133	14.5698593585123	18.3934161002798	17.0401104615471	17.0531376420986	17.3965311575613	17.7183726183891	16.7285310168747	17.0657367423533	15.8511476807829	12.9071470736578	12.9108292816768	11.6171801094336	9.74330756676792	11.1065873874725	9.72100712011378	9.52044916613619	13.7727306470241	13.2115559746652	13.8998763141691	17.3059434835267	16.6795019443575	13.3298757451169	17.2500124906836	13.4003164926926	13.79106775785	13.4149449430588	14.4087002922629	11.4095125598786	9.99367753358969	13.847917069552	13.9046238618341	15.0709442353309	14.1790435712303	10.1918666109498	14.1446236577975	9.87776506943085	16.9290784381762	16.8464749196676	12.2599226823699	14.4310104680558	14.3580721688649	14.1562768866723	14.1416307836687	14.1057348129311	13.0232639720704	14.1036733959563	9.50366205508082	13.7667154747906	14.4396429652882	14.4832658551953	14.5862422153824	12.1671535700587	11.9348475110999	14.7018353186038	15.5284276216073	11.7529545847461	14.3478192159858	15.5137061036535	8.56094888848071	9.95907568324345	11.0666679970748	12.0517355690813	0	0	9.01582299546751	10.4614311800647	12.0377764091029	11.8545193241767	11.9908454983425
Mir-181-P1c	9.06358070483447	10.4554325361894	10.0827235483508	9.91800482236585	10.5556787467639	8.77313966326558	8.59624691859855	8.81730035724724	8.81811285738238	10.7220281741895	10.6920357779779	10.7707664915823	10.6975641046708	10.2354590601389	10.1053632330481	9.77185059588011	10.344556231939	10.9130623500632	10.5257289769496	10.6315099715159	10.621338863967	8.94688605096732	8.78280018325505	8.78265076236337	8.1582740212791	8.07134018736895	8.29223268016889	7.61384653422324	8.94566077946471	10.5732047352736	8.18093023674609	12.7387066198175	12.749188168124	12.4410385177348	12.6710412014401	9.20224134274814	9.04893324156173	9.26273471881432	8.81051764793919	11.7449224184872	11.7726581149788	11.5975579830024	11.6498569258702	12.0162416918816	12.0140099727611	11.9110197839638	12.0763383873315	10.5798080478086	10.5554966977175	10.4885541140484	10.5106754480942	11.9676435245961	11.8137751309335	11.9509762648854	11.7151844372629	10.6144367478815	10.691564575245	10.6425071825264	10.715592391617	11.2503246715124	11.2613385614571	11.1678957117537	11.3386964446715	11.3114735685373	11.3563439906152	11.4132889574922	11.3559128266139	11.0386915916744	10.9958374102486	11.1197159777729	10.9996187709799	10.1892346445129	0	0	0	0	0	9.24040241032892	7.65230506537109	11.9476043789408	12.0782874887033
Mir-181-P2a	3.23089710646164	5.51851920899009	6.99848375363228	5.27035885773608	6.34447799330581	8.19292030049713	9.02155774843842	8.09875332968006	8.29916788894894	4.27352391463362	8.29579331272886	3.69531536486781	8.80225393256894	13.0862005924693	10.4531122011341	12.2807767860852	6.73742233925813	13.1022214148606	12.531473203223	11.821807124361	12.0968425324487	6.753291962851	7.97978441634063	7.30591673922738	8.28647552631708	6.79703721601052	7.02079118124885	9.9076976733123	11.3810817108764	12.0556358640483	8.02947940320084	11.9168137030804	13.6037924120594	12.8912610879774	14.0052057042688	8.83338279271977	8.93234927582968	8.3420050225639	9.54803157285233	10.4693342352875	10.2091304609214	9.43578301632788	11.0997923163221	9.28438298817348	9.63125000498746	9.80245762929847	9.463016572766	10.4616567812509	10.1883843771237	10.2449434034695	9.45171039316643	5.46314547858227	8.56336093034147	9.82755908414989	9.1406305804203	9.22620065555086	8.41588631220561	9.54489430017158	8.68836507095546	8.53034891776738	9.93556128467841	9.98615091892084	9.30524123707557	10.7110491966594	10.0068036936887	9.69872563244604	8.80387776428118	8.86044554042165	9.43743372077397	9.28625336885701	10.3377739966501	7.17038746370879	10.4820417716071	0	0	0	0	9.8769801997532	9.86905181905912	0	10.7986560860111
Mir-181-P2b	5.32719897498882	6.93593462548912	8.07657488931312	5.81474076669132	6.17677053742988	8.03630435517469	5.85470211682095	8.31459465232899	8.07753861767539	10.1051312530748	9.65515782206456	10.2700779740863	9.4529189879723	12.6010939986328	12.7721087032175	12.1320352740314	13.4157777458367	12.9019801445883	10.7008779718233	12.806316395936	12.690004388676	8.95914457375417	7.84153387400471	5.38970254434242	7.18169639767743	6.98708165844651	6.94737520706459	12.0806718020706	12.2838424201212	9.66714247489651	12.6486628216293	13.8479157160361	12.7313738071096	12.8583176125632	10.3187030572909	9.09238192795251	8.58049519102821	9.50945784254507	5.99491265727624	9.94687717887584	10.3041576463531	10.6736337967743	6.90025136557542	9.98324378920496	9.9018534427223	9.25458431036644	10.0366994762924	9.42643544434388	9.51055810257281	9.36600227564256	10.2933360811717	10.6621766318862	10.1488953156974	9.43280453225937	9.69348207077597	7.98885224025721	8.98971120637763	6.42303918801126	8.85857055447694	10.1017881074292	8.73406577595897	8.55957399292791	9.87116199359341	7.57143658158748	9.58690701461421	10.1208168370712	10.5451474622462	10.3475648727997	9.92114041610564	10.3045782375923	9.2462265727802	7.57655458300175	0	0	0	0	0	7.66020256532945	10.1488874635904	0	10.5763986490734
Mir-181-P2c	6.08975504191761	6.48775695098633	6.71465418061004	6.16526690356863	6.94106737926412	4.30849639018744	4.74680940648492	4.98986570012285	4.37410691374278	7.07641505913676	7.28248043052869	7.00251938667301	6.98870002900506	7.01327060158406	6.97484310766857	6.03678501187097	6.49676729259298	6.99610987949108	6.79772024471959	7.8176980312071	7.04851683725242	8.77196853617445	6.9455464877186	5.38970254434242	7.33189286942643	6.40437938589629	7.02079118124885	5.41462022716764	6.26768226220773	7.53665578049026	6.86643987227951	9.27511264851296	9.33449736567736	9.07069411506311	9.25615836247425	4.78546893640718	5.2920925573992	4.15770202915441	5.35570510055245	8.21331825477522	8.21033059060247	8.15920443525223	8.1514229597309	6.89406900620636	7.03504577092688	7.29965423462481	7.19189616888958	6.17222973817487	5.61936607477232	6.02056082374498	6.03072962413457	7.68502003658387	7.9134618441632	7.87419666152449	7.56691707833176	6.69002099420708	6.92351628254759	6.48009519898985	6.72840451824892	6.6999900377408	6.56691572255847	6.38601375218294	6.61278267589684	6.92155681098529	6.8896664751446	6.97597491172775	6.94391653957657	6.79738796346057	6.83919756260348	7.28338392686867	6.929008279241	7.42006898343331	0	0	0	0	0	7.66020256532945	8.23487513206315	0	10.9298301876325
Mir-184	0	0	0	0	0	4.00465679151571	3.70741205529201	2.27709214581421	2.19801358191114	1.37561887557387	0.829694090990264	2.14254477573674	0.850044378990743	0	0	0	0	0	0	0	0	0	0	1.65713316502257	0	0	0	0	0	2.73096811242148	0	5.06690135181215	5.04648769412821	4.85810277329821	4.93836462753097	2.11180087023049	0	2.12751062648816	0	2.36499121144135	3.33155669407696	2.91828250783353	1.5336553038736	0	1.51563629299423	1.49586600862742	1.55391615072	5.8552943558229	5.46407684374853	5.78358764484283	5.27188394664834	1.88541361357369	4.18187297657636	2.67143578140483	3.95500796807001	0	0	0	0	1.25788798244504	1.22656673517064	1.18351117428896	1.21845573574718	0	1.53425327332603	0	0	0	0	0	1.59179007653147	0	13.0661634371831	13.6364715096783	0	0	0	0	6.6594586548024	7.95307271475572	0
Mir-185	6.40744042007295	6.80947333539407	6.56803975749249	5.63380708574387	6.23486630268896	4.30849639018744	5.28215139675426	5.67273655614058	4.9773717949269	6.32088541041651	6.11692912757693	6.16730955762953	6.17846601590073	0	4.4385751791292	0	0	2.55369436203227	0	3.57331153332928	0	13.2842443297373	12.7551450510316	12.4620018473694	11.7502783346701	11.5457844088581	12.2151649088676	5.64652561216429	5.77296284724254	6.34617492253547	6.86643987227951	6.78887403679547	6.89475260048597	6.38957671185084	6.45804739614331	6.14503348815481	6.37914611642459	5.8650201744293	4.88430298717623	4.63639823934511	4.91722987452254	4.71703262104608	5.01214602622009	5.37857038409095	4.14838437060815	4.62435487005533	4.70982537353549	5.58632588751977	5.46407684374853	5.29833509173111	5.65882296944489	4.93736658920608	5.6438306070491	4.65350890705815	4.78656107804453	5.72771256178965	4.99808969234846	5.22289181233184	5.67058385420416	5.2163695531368	4.99196037709597	5.14260941415897	5.30313325836217	5.26481717399395	4.450236843199	4.89820176142228	4.41638479211833	4.91250950393359	5.27921752531531	4.7248468060755	4.40206124009239	17.4106122843028	0	0	0	0	0	9.07077553593548	9.06285349138663	0	0
Mir-186	11.2825041572399	12.0754347336167	11.46793101841	11.1512823094478	11.8621327783746	13.7703301601307	13.6891505025258	13.8359958789221	13.7529919967274	13.6370098021199	13.6059714160246	13.7457680887303	13.6467669141838	11.950494659709	12.0538327755557	11.834093249103	12.1828203538765	12.9656331226636	11.8595262003537	12.5056061000446	12.0819194134813	10.0443530138831	10.6351412971015	10.4981126112827	10.3878776233824	11.1840576814527	11.8199663500757	12.4215342772539	12.5957121937715	12.6466834228723	11.0044718177633	12.3729745546435	12.3752955791939	12.1054890203935	12.285130399012	13.770520888789	13.5792650380033	13.7562117222931	13.5922816671077	14.1105196073958	14.1616311347065	13.9965047655748	14.0496923266968	13.6460563058239	13.7314682637131	13.6271144523677	13.7140035990139	13.1548411582753	13.0753766466897	13.0454173755159	13.0684412693867	13.750970067894	13.6635542375909	13.7689352874719	13.6408676465134	14.0125930444741	14.0170541254928	14.0124876844763	14.0262153829194	13.4457491232422	13.40973122889	13.3621923360841	13.4949000581821	13.5290165688616	13.4939440639947	13.5187082913676	13.5574258765988	13.7825459617541	13.6748581402242	13.8037582340781	13.7463133121087	13.8291015488437	0	0	0	0	0	11.2781245805806	12.1479340974112	8.95015884855972	9.40765422269585
Mir-187	0	0	0	1.6832459638687	1.31400097922241	0	0	0	1.48245369299614	2.31816639064438	2.99923808426947	2.39759829554767	2.72637231730374	3.29287194539679	0	0	0	4.07312744454903	0	3.07285466911703	0	3.38194025370973	2.15709348027692	0	0	1.76925718725172	1.65426755789772	3.0769477366436	2.94674992848661	0	0	3.98600750392208	4.60333438137623	4.20957267542522	4.39261869270243	2.11180087023049	3.29440963269816	2.95219506569975	3.25703906497248	0	2.33049001764978	1.52312552904802	0.961691675863634	0	0	0	0	1.6727228292708	2.58892448391718	1.56887233004962	0.993078815701568	2.67563002213424	0	2.67143578140483	1.7732032383926	4.32652775023531	4.43552441317067	4.32470379306534	4.04413629872408	6.05307512585034	5.84005945376709	5.9547049681002	6.37976740834574	6.54894891380218	6.71837755643038	6.83741513409937	6.45884050913408	6.2054056972027	5.85174286982309	6.38701276488911	5.62473109152038	5.54139806705686	0	0	0	0	0	0	0	7.95307271475572	6.42244728169308
Mir-188-P1	0	0	0	1.6832459638687	1.31400097922241	5.27162446177103	4.8365565724271	4.70074494805537	4.89276842589797	3.03149468427259	3.13308418392191	3.4913664519491	3.61303525493053	0	0	0	0	3.25170053319166	0	0	3.77757497013055	0	0	3.26537195911095	0.494099345006295	4.90233449843905	2.67108583026443	3.31120190448655	2.94674992848661	3.00876697253339	0	2.18099410926111	1.67133216927205	1.45951188267731	0.756857972372857	2.93444289319457	3.672208705986	2.12751062648816	3.63384787769828	4.44343927861653	4.96454704900878	4.55394809431458	4.62584363176379	3.12658572011525	3.98859312062283	3.049863509461	3.41692796212082	4.51611435295351	3.91132728644446	3.43744569719433	3.68763610071453	3.18329037307815	1.78657782372909	3.55351504184089	2.54503943613696	3.89381166704117	3.88351898826238	4.05110824656355	4.3176543388335	3.4249459071449	2.66911242541594	2.87900857871701	3.69407510670721	3.15115746075381	2.74182383123227	3.40689325302281	2.71169103855838	4.30144982779525	3.83204024670853	2.38973209243396	2.81612731370579	7.93478092277425	0	0	0	0	0	0	6.08161444745164	0	0
Mir-188-P2	7.57848358641971	8.40186235336835	9.97044790454714	7.67565877760671	8.63605313406733	10.4902894409347	10.4064426183246	10.6258855964502	10.4700956769586	8.34669174116379	8.12152896346743	8.32346051297599	8.34532883947144	11.4116252127213	10.9237666578151	11.3266807155868	11.3078378433949	11.4780473394135	10.8683054594374	11.2639032983478	11.2456795903713	9.48033128839091	9.05094659722027	9.63623684024176	7.7619859699798	8.20394330646411	7.29189292211199	8.68507344797225	8.77200644876333	10.6114080259726	8.44313585614591	7.89373935237723	8.07166171576755	7.79508287622364	7.98566632471326	8.71290671770489	8.51250603186215	8.87460752128713	8.59323604175149	11.3430525502842	11.4762571246804	11.2332502444438	11.3460085681197	9.45305632308008	9.40859703644418	9.43992901689839	9.33479058769043	10.4937570056512	10.5641270217288	10.4104428083133	10.4506798853215	8.75533536882184	8.78787651362587	8.75037304372063	8.7690499526726	10.4999662162861	10.4889359725228	10.5472694766855	10.6114677913552	9.54192488721906	9.6360372452576	9.59608463337352	9.53162532770442	9.0795703683398	9.01879283947826	8.92235757107187	9.19855332783635	9.93136074925513	9.85784516337849	10.0340124672926	9.93354627281549	12.5675604074791	0	0	0	8.0562500135055	0	8.07345591069506	8.96992391837022	0	0
Mir-188-P3	6.66763940047172	8.04164749077962	10.0928148566416	6.8852002545055	8.20597697925835	9.41779387654108	9.20124033675917	9.4336616697236	9.41912545098826	7.55756368688093	7.55116245917082	7.63110036912153	7.59703596020532	8.24269433573352	8.54337630838271	8.56261010201349	8.15517209430431	8.86861448749005	8.04412156457559	8.69812208632813	9.00613611989137	6.14124261640409	5.78683358209523	5.88643012505669	7.46458430524225	6.73314144920871	5.45787888807781	7.97964596090204	8.50519823997253	10.0742095796572	7.44727503536783	8.15218170827785	8.32530935496215	8.06082158652251	8.19371315579849	8.49108721214517	8.23158688608101	8.31172596863487	8.20408105968998	10.1568709553227	10.0834871288751	10.0699555028338	10.0191263473281	9.10352276860526	9.04719681543189	8.95986047530719	9.12568627400156	10.0228875552097	9.98916685027638	10.0092432361897	9.99035830996786	7.87914935336167	8.01259853512273	7.95448089773179	8.0475336421756	10.4017343895912	10.4397632797198	10.4789293027761	10.5043792266297	9.2238417729268	9.26702853178592	9.16259266294947	9.00713757587304	8.35831154541382	8.06818847156618	8.25062639431003	8.31016177123167	9.09799246895394	9.13167923801279	9.03538786651594	9.11087305717739	11.4837262042933	0	0	0	0	0	0	0	0	0
Mir-19-P1a	5.64192193891164	6.78524014338204	6.84773377213192	5.69667358346389	4.79459357758572	7.77643348794947	8.13901452294173	7.84484077147915	8.01886743803622	5.99987111088692	5.92725059343054	6.0606200110337	5.93526473467644	11.1673385403246	11.2308172945906	10.4460059894881	11.1553873593287	11.0566974180607	10.9216033646536	11.6050321747475	11.8946235025184	12.0300387638443	8.90931709789664	9.75966269604204	12.8441058459111	11.5285367388607	10.9914387401708	9.09138664915865	8.56606320179927	7.84159518362463	7.66848604536393	8.46662296727763	8.55778813119865	8.23574109070575	8.41976712141002	8.9924077721087	8.90609234813775	9.04073368176473	8.89940876853962	7.89889214345418	7.91754068685059	7.79537337866375	7.84153123742367	7.30018355066401	7.24411807984063	7.29965423462481	7.51567049715057	7.94934641640244	7.49657980940343	7.26135561238852	7.55605325655731	9.29035179968014	9.16563469212732	9.34617260233719	9.07745895252884	8.66725503511933	8.87284285551935	8.78903611581652	8.93669114788401	7.46207843422689	7.69609496363099	7.64812274170575	7.56552448817181	7.96194696470179	8.13783622224955	8.16630025594498	7.91610988860814	8.95416776347114	8.72396747066267	8.88821641349061	8.78828319539765	9.19437180976117	0	0	0	0	0	7.66020256532945	6.08161444745164	0	6.42244728169308
Mir-19-P2a	6.35911676422781	8.25077563450224	5.69338151825597	6.8852002545055	4.6311518128511	5.64149166585896	10.204235366738	10.3285605741165	8.43998659046187	8.85390919694405	7.70955717190848	7.60602804783644	1.76878525837759	13.3568573908936	13.3770221437717	12.9599356147574	13.2324058930521	13.7889347773096	13.2035112426955	13.993043815582	5.59659097185177	14.126216282276	5.55873860235049	11.2173824644838	6.962984895515	9.52882543561112	12.1306300470857	10.1422727889167	9.12396218806242	7.68239147720886	7.76754888336005	11.3503824907874	11.0267309610803	11.0405870382778	3.5893922800449	9.83705053190698	10.8451570916253	10.2456314430994	6.73573415525073	8.97833518167874	10.8427874888325	10.6307924712937	1.94214918074719	11.2020615313257	5.91876713050381	10.7230379363378	9.48267123921835	9.99840634665939	10.4935941200991	10.3883846991883	8.64793679131263	7.43840640552091	11.2805997031758	9.31000876871751	2.54503943613696	11.8950352375759	5.85189149966377	11.8307326456443	11.4832055553597	9.18987195272493	11.6095297022357	4.65274389857898	0	8.66191563120105	8.77204563743415	10.3398194400996	9.6774222705602	9.38053254373336	10.9756506559509	9.3296863727621	5.29537011846986	10.4405443979841	0	0	0	0	0	0	8.52351078865592	0	0
Mir-19-P2c	4.98904321683669	3.99516771968323	7.48068328609108	5.49920619849841	6.92351032085595	10.4712946279367	8.27364461252773	8.13868657887094	10.2496963030041	2.88345813314193	8.52007758545546	8.30020143612034	8.90001689369728	4.51160808302457	4.13691766514978	6.0545090029241	7.591161226887	3.29709416373541	6.30309406043748	8.13443336727931	14.0643835497807	8.64113279750911	10.7312643324553	7.43722227574618	14.3612538707212	12.4666979818292	9.09123724787649	4.71644924293405	8.70399462335793	7.91084010796107	6.67556004510934	4.16722655122605	9.22637632176958	2.89088005217454	11.3071832293108	11.0502776019196	9.77999736028697	10.9821216323204	11.3350126206596	10.7091290920456	9.07406965289984	8.87219941256877	11.0243502987787	5.83463554388374	11.2993697249457	9.5100393500703	10.8457441377681	8.52595309405128	1.00237849534382	1.98188588144377	9.87640323650528	11.5259512105703	9.17789173243995	11.3549003477792	11.5399857382838	6.23883246467503	11.8892426527928	6.09803617863009	9.72528148121001	11.380263113176	5.62185843326108	11.5066590748147	11.6265552852766	9.82594971510015	9.77664648774145	4.58831833162346	8.80983832612239	10.6042598795998	2.25801136368953	10.71448400477	11.1452926984558	10.3705354724533	0	0	0	0	0	7.07880176675778	7.65230506537109	0	0
Mir-190-P1	7.75692479897333	6.39471810985133	4.85351765764223	7.51050908208818	4.23539102778833	8.38378852862546	8.08510269073543	8.39922458968382	8.20581595164291	10.5032923694933	10.5086849018967	10.5899752969502	10.5470511835219	5.20819422086927	5.13318974122762	3.65902222656078	0	3.99263571555372	3.72518212109759	2.91496401139966	4.07005881648141	5.56442759905437	3.99945889481216	4.49434635190898	3.13099394302289	6.09689331882519	6.34936979703926	1.31478616941387	3.85001965015716	4.55802510924706	0	8.86687112555284	8.9032956004931	8.57503463251941	8.83375103306939	6.14503348815481	6.21772578153816	6.23135227684562	5.45289000933053	5.75305793999391	5.86849176498583	6.15542322099991	6.28086305241572	6.66586924602062	6.76601793337123	6.49499737861296	6.96477242350218	5.3743756652516	5.1339005077082	4.8346193232865	4.94077027158881	7.02613873467325	7.00447549071859	6.89668156289024	6.29241099041292	7.56913853539898	7.37597339560725	7.47199192343952	7.50619993932043	5.10412249033701	4.79711096249029	4.65274389857898	5.03770731683927	6.87386588535167	7.18115467302726	6.71082722424537	7.10770843639456	6.79738796346057	6.54984261576419	7.09486110752804	7.14970834402662	6.41247731609216	0	0	0	0	0	0	0	0	0
Mir-190-P3	1.92454533655116	0	0	0	1.31400097922241	5.4057287888359	4.65110672074635	4.98986570012285	4.89276842589797	2.71847602260998	2.28881398316065	2.80259719824726	1.76878525837759	3.76839248759311	5.15175756290186	5.48617530175411	0	2.76229316532562	3.67395869811934	0.522195601058411	6.16772013282925	3.83134514448407	3.77475868859853	2.40810955078785	2.56103146123568	3.04025280791359	3.09029744088326	1.31478616941387	2.94674992848661	3.24161368305883	0	2.18099410926111	1.96844010402342	1.45951188267731	1.61796570082883	2.11180087023049	1.97710455401973	0	0	2.04040900376453	1.00535715333026	2.24739919023902	1.5336553038736	4.59699286261651	4.85243516993306	4.39394288092158	3.86323618808569	3.57782598322377	3.58932008446346	3.14843131385487	3.30944595665488	5.17111265390515	5.14157091307703	5.2703196882654	5.01950470476753	3.51076861644781	3.26293655560256	1.44931003566882	2.62426091899581	3.4249459071449	2.66911242541594	1.82479947403407	3.16379661774887	1.57090978297909	2.26085957392237	3.40689325302281	2.23284297951258	2.36725402140542	1.53189714850589	2.87988227457315	1.59179007653147	8.36690256003553	0	0	0	0	0	0	0	0	0
Mir-1908	2.99827311438567	0	0	1.6832459638687	1.31400097922241	0	0	0	0	2.5321613069548	0	2.61426293196027	0.850044378990743	0	0	0	0	0	0	0	0	2.20460306498222	2.98555648442163	2.89949959885145	1.60511787037442	2.38277016299004	1.65426755789772	2.44968383849089	3.31423283712094	4.37410292604921	3.95049331164109	3.2453712128247	3.28397251861805	1.96972027651603	2.98149906909172	0	1.97710455401973	0	0	0	2.00802828865477	0	0	1.55258070593448	0	0	0	0	0	0	0	0	0	0	1.7732032383926	1.45052704271402	0	0	1.4446112134343	0	0	1.18351117428896	0	1.57090978297909	0	0	2.23284297951258	0	0	0	0	0	0	0	0	0	0	0	0	0	0
Mir-191	14.5235471404574	14.2254990256979	14.1617614779154	14.3919794302615	13.7072228619663	14.0194882143341	13.9656250100929	14.1101355201317	14.0100906831474	13.9757397096624	13.968825554355	14.0746351234022	13.9913155747348	15.0518853147414	14.8591214475031	14.6324076487085	14.7119448031838	14.8312379905943	14.9584531315895	15.2593480631538	14.9208581761276	13.5615195282709	14.0300236730601	13.0113787960365	10.8599933184118	13.6322796333301	14.3739139745847	14.3516991066115	14.5254311758843	14.7210040287294	14.1950619520326	14.2757374537336	14.3312097972107	13.9983712882578	14.2441084262598	15.200719593765	15.0292435928531	15.2775348168954	15.0070794820928	14.5571439486598	14.5911292946876	14.4722199074034	14.5085949689284	14.3312757470209	14.3322819934055	14.2462258497431	14.3757031893755	15.1949185997587	15.13528328794	15.0593600779382	15.0898222703307	14.1431014338335	14.0294552532152	14.1823502498348	14.0633002493166	14.0450529232612	14.043157351227	14.0186691147616	14.0518926181352	13.1371949081996	13.0904985889065	13.0471187460481	13.162977304483	14.4070340791729	14.3700154842302	14.4013431233002	14.3791765175457	14.6388721341226	14.5491822547394	14.6967306454091	14.6335960107683	18.411404579769	9.48305012733213	0	0	0	0	9.24040241032892	11.6899466801241	10.7554288285063	9.57734318639889
Mir-1910	1.26188337846119	0	1.82265302529723	1.6832459638687	1.31400097922241	0	0	0	0	2.06680697500783	0.829694090990264	1.43706842214372	2.32561145568561	5.50416586782721	4.97536037438748	4.9172168598317	6.50456382944731	4.55643145756971	6.09491456987558	4.4835463161433	4.7857476119581	0	0	1.65713316502257	0	0	0	6.87082157925978	6.7891858058273	3.91624014308984	7.66848604536393	2.57253144509293	1.29673565130016	1.96972027651603	1.61796570082883	0	0	0	0	0	0	0	0	1.55258070593448	0	0	0	0	2.0035662741426	1.56887233004962	0.993078815701568	0	0	0	0	0	0	0	0	0	0	0	0	0	0	0	1.51111217476574	0	0	0	0	0	0	0	0	0	0	0	0	0	0
Mir-1911	0	0	0	0	0	0	0	0	0	0	0	0	0	0	0	0	0	0	0	0	0	0	0	0	0	0	0	0	0	0	0	2.88017347721068	2.42496810961413	1.96972027651603	3.10230043042492	0	0	2.12751062648816	0	0	0	0	0	0	0	0	0	0	0	0	0	0	0	0	0	0	0	0	0	0	0	0	0	0	0	0	0	0	0	0	0	0	0	0	0	0	0	0	0	0	0
Mir-1912	0	0	0	0	0	0	0	0	0	0	0	0	0	0	0	0	0	0	0	0	0	0	0	0	0	0	0	0	0	0	0	2.88017347721068	1.96844010402342	1.45951188267731	1.61796570082883	0	0	0	0	0	0	0	0	0	0	0	0	0	0	0	0	0	0	0	0	0	0	0	0	0	0	0	0	0	0	0	0	0	0	0	0	0	0	0	0	0	10.5989262798274	0	0	0	0
Mir-1913	1.26188337846119	0	0	0	0	2.25185002066947	0	0	1.48245369299614	0	0.829694090990264	0	0	0	0	0	0	0	0	0	0	0	0	0	0	0	1.0522884103283	0	0	1.26888496964859	0	0.771405439911369	0.78940532022063	1.96972027651603	1.25072685083557	0	0	0	0	0	0	0	0.961691675863634	0	0	0	0	0	0	0	0	0	0	0	0	0	0	1.44931003566882	0	0	0	0	0	0	0	0	0	0	0	0	0	0	0	0	0	0	0	0	0	0	0
Mir-1914	0	0	0	0	0	0	0	0	0	0	0	0	0	0	0	0	0	0	0	0	0	0	0	0	0	0.680050647660377	0	1.31478616941387	0	1.26888496964859	0	0	0	0	0	0	0	0	0	0	0	0	0.961691675863634	0	0	0	0	0	0	0	0	0	0	0	0	0	0	0	0	0	0	0	1.21845573574718	0	0	0	0	1.62283230801153	0	0	0	0	0	0	0	0	0	0	0	0	0
Mir-192-P1	3.76370621484117	2.91439094046863	3.47887393119371	3.83481052677172	3.9875946658049	5.9356227642675	6.38745855832163	6.51419336715976	5.99544489263653	2.88345813314193	3.47313878760151	3.95563440370631	3.70468891608217	3.76839248759311	3.62818668515507	4.992704188272	5.42909486483556	3.90738639731156	5.32954921622152	0	4.16607007648645	6.53044666055805	6.84781001418503	8.04316292694453	5.91226603938961	9.54868212719341	4.79936806920636	2.79714131501984	3.31423283712094	4.93568613877768	3.95049331164109	2.3900047746031	2.21468729068628	2.50260421078998	3.10230043042492	7.78314314832338	7.66997971633368	8.11535341982728	7.60755919894182	3.04703515298415	3.33155669407696	3.49923581703944	2.93227775858729	5.16194620873828	5.02712015994045	4.62435487005533	4.90890700127185	3.43918534573948	3.32620656719812	3.67811292100456	3.30944595665488	7.56697632050701	7.4906243895703	7.75371919857658	7.21437107355183	7.58224485970453	7.33044985006759	7.47199192343952	7.69785271823904	13.0183476698191	12.9961584194551	12.8967468273593	13.028991892932	16.1034149839999	16.0759139544974	16.1089906171619	16.0828420880853	15.8119248032516	15.7244143105574	15.8538208385773	15.8154943521364	0	0	0	0	0	0	0	0	0	0
Mir-192-P2	8.23643752700166	8.64344014309958	8.58546565000172	8.69540211895047	8.47664878609076	10.8255418515453	10.7123155734913	10.9073812585085	10.8665101321206	9.66525012287481	9.57067233605658	9.73519879144228	9.62847839915991	13.4472094985908	13.7947280703473	13.6595745094307	13.6970855073982	14.0931698426182	13.8308325768849	14.1766533251403	13.7172675535378	10.1039261194986	9.90261004366262	9.61261553745571	9.72113791720162	10.9854076008611	7.54512121523342	9.9166077338564	9.98616257756731	9.94399051110367	9.31571959597679	10.0450077050814	10.1091362364295	9.77395202396968	9.97744787401551	18.1750843009181	18.0123812818939	18.2097988066932	17.9879757344983	10.7823708340605	10.7206335065936	10.6110476466677	10.6219587591467	11.6743996040554	11.716922664377	11.6153700513528	11.7234408384228	11.9426614697437	11.8923532479725	11.8047334821152	11.8086989479799	16.2821735211171	16.1915180020968	16.3063183938628	16.164312547088	16.6811903396224	16.6752116359314	16.669482288103	16.6672267556866	16.1760494957274	16.1347204771087	16.0727970378092	16.1575852464033	18.284454629117	18.2568135310907	18.2747103626528	18.2545275094237	17.9013338599046	17.8008316506361	17.9400674018927	17.8961817538281	11.7401248384079	0	0	0	10.0521792538466	0	9.52947527817479	9.2324787240484	0	0
Mir-193-P1a	8.77676498877283	9.0541991321411	10.1028360686566	9.09602926285646	9.52497065482067	12.1081714183377	12.0173286615352	12.1740665662623	12.145755461649	9.16372593391448	9.19169749961587	9.34033676008673	9.11989825364975	10.3746012405111	9.87647660542362	10.0384744641098	9.70411980558045	10.7702250399637	8.7909699005825	10.1187419968562	9.87460031039891	4.15738541531838	5.32966458170236	5.05781315078073	2.74806979256362	5.36971535986993	1.65426755789772	9.73712236823575	10.6759818691279	9.13824937681277	10.4549632947652	7.68657216888677	7.73931934682938	7.3503279031209	7.59586156898296	10.645974492255	10.6506485282955	10.6300171498821	10.5877592688389	8.84467505109356	8.89331496268257	8.88369351361721	8.78359681428004	9.87155473749923	9.90745030373231	9.9263824931218	9.97142235803456	10.5495861013207	10.4204913702947	10.4352458987163	10.4363144808964	10.038767363188	9.87549291617897	9.97342126728214	9.96881345700174	8.91008149324412	9.00910377019649	8.89248858508667	8.89555382080773	9.400570254153	9.34639358852214	9.32009423132699	9.38471564931252	7.43020199950303	7.34156513143864	7.41004029202616	7.52496779831431	8.07303291751515	8.07475961386663	7.96043711076817	8.15485150930969	9.66948342045107	0	0	9.36752163008088	0	0	10.7693566885056	12.435453235686	8.95015884855972	10.9298301876325
Mir-193-P1b	9.66265373607386	9.07433932094976	9.25255809177275	9.90142011504694	8.54713189625774	6.25282898336237	6.1629872655475	6.42011188965297	6.55918974619229	8.38848626293276	8.41557744941329	8.58958642969452	8.42497066131863	5.77000829738922	5.93626889689374	5.49485597755154	5.30957486295978	7.17088805444741	6.17998833919066	6.68117424780014	5.41309899001554	7.83919515510981	6.91829082226992	8.08953187006578	7.30233207186206	7.26639100385863	4.68357210752538	8.48994728468014	10.0484315633066	7.2729844874398	6.67556004510934	5.03614864820546	4.76664963657405	4.38094185728812	4.72916319657475	8.02314326451557	7.71100281503172	7.86730571501433	7.99408331049817	7.41086196232203	7.95316567943404	7.31618214001562	7.39851994683275	6.87042441311303	6.95082341986401	6.8987127229819	6.91934125540481	4.20986339969551	3.70482772820197	3.88431377176509	4.1568236542088	6.6147860872123	6.43876604867435	6.76038831491558	6.10239301224932	7.31025075364076	7.54493303975442	7.29250274785831	7.43620734001389	7.62347916362911	7.64871037932967	7.49386924767156	7.62492194606009	6.5182569344419	6.76942705217756	6.83741513409937	6.73426143346302	5.60984908665497	5.85174286982309	5.96552353860381	5.73795740396321	5.58008895629416	0	0	0	0	9.01582299546751	10.9268124566021	9.52154920270588	8.95015884855972	10.2140985006031
Mir-193-P2a	8.40657410244596	8.1966801473113	8.45593912268613	5.35074285934018	4.11680648772231	5.19958818187455	1.44534677601554	4.89977992714311	4.89276842589797	5.29553963194051	8.11345309804162	3.95563440370631	8.36653253938091	5.83913812220664	6.68411909282825	7.22932976949675	6.37020091987424	7.77474289029498	7.09653139482458	5.21721343481076	5.24740012132296	0.263667248600585	0	4.00694808440103	2.56103146123568	4.71656471838477	0	4.1180440609977	8.54893364480434	5.77005185438753	7.32249545710013	4.68608664953084	6.92100435799844	6.37950297929614	1.25072685083557	6.78967792931274	3.97132346533563	6.93435875107868	4.17954106693148	4.57490217236638	7.54979601284713	7.44590100444889	7.30652032486866	7.15116091167463	5.38899813183725	7.14124593836626	5.93121143815544	8.2060725358707	6.17461216946203	5.95346423308815	3.30944595665488	8.44543659003864	5.23837932602297	5.62455888471775	8.12455484247546	4.92895482378543	7.49078235755167	3.71319205032341	7.4217919108436	7.70270346836706	5.66059476312392	5.54740039798313	7.57559544599101	6.72053516668315	6.46325787496002	6.60089729506379	6.94391653957657	6.79738796346057	2.73876249733365	6.79773426270017	6.61003703976496	10.1900165591979	0	0	0	0	0	7.66020256532945	6.6594586548024	0	8.40977682634357
Mir-193-P2b	4.85607534813986	5.54762410829272	6.87917030879352	8.11601706515735	8.69415478135227	10.1201684932869	9.95152411459227	10.1446812627264	10.0759278311132	8.18612482665701	5.90870347939612	8.53084877370828	4.50265025044642	7.45202767259688	3.23420650575597	5.89969555859335	0	4.51860522553263	0	7.6586411964919	7.08581975033054	2.20460306498222	2.48891045811883	3.55697609900461	2.65757958174062	4.00494177697449	2.07773870067745	7.43935659656481	2.45243762834759	8.27489430623574	0	6.86083728653871	3.8913098912448	4.38094185728812	6.97561825848917	9.0111077841446	9.08838798782528	9.07719107320388	9.00733935506018	7.48795488914467	5.29582347675984	3.91226453478722	4.62584363176379	5.83463554388374	7.01444663033804	4.51374386572384	6.87243279091619	4.20986339969551	7.99908790373767	8.01480873491415	8.16608143499659	4.31194758102156	8.20454512791415	8.28769608888477	5.99709211055752	7.6208642309163	5.85189149966377	7.33951157271155	4.64999043582118	3.75735241708837	7.50710281468063	7.55366351824142	4.8513230816422	2.78926187160716	3.38983163278759	4.03303476592037	2.23284297951258	4.57759183010768	6.83919756260348	3.98569179521064	4.25762021939456	9.87502499102646	0	0	0	0	0	0	7.07092379323656	0	7.41401268773809
Mir-194-P1	1.26188337846119	1.92693624548686	0	1.6832459638687	1.31400097922241	0	2.62523499990772	6.38733676837475	6.18526052329715	5.5622108811111	0	5.96525870163873	2.32561145568561	5.84874885551456	6.40337288302038	6.0427172357188	4.39667394548721	6.87035516986644	5.48623237359631	6.21473461969438	5.75935653224867	4.31103010283375	7.50843963070787	6.3723930194383	5.77910839490869	8.0777856841419	4.90655642645029	1.9910670551664	5.20113236536779	1.26888496964859	0	0	0.78940532022063	2.34587615300547	0.756857972372857	9.53503038840676	9.14187239880481	6.6736815630069	9.27655940172543	1.62093710370287	2.33049001764978	6.13633138183703	6.43100951407019	6.98495284041066	1.51563629299423	4.72708593018051	4.59893489508512	1.6727228292708	7.47233181632604	7.16578866740274	7.59352608046792	7.11295032984185	4.18187297657636	10.4840903663628	10.5346023234616	8.18201764083968	4.64836056979696	11.7626576998605	11.9442343380614	8.70886375744097	8.5959928717689	8.4537003992856	10.2438025987507	14.0267612504815	14.0850964742788	12.6314528053216	12.6466213829202	13.293493158256	13.2638167376443	13.3858995027298	12.0753063951788	10.5383451895861	0	0	0	0	0	0	6.08161444745164	0	0
Mir-194-P2	1.26188337846119	1.52020208391082	1.82265302529723	0	1.31400097922241	6.78299866235702	6.29549755554535	3.40837227582676	3.3177639893336	3.40173309249684	5.96364447432535	3.95563440370631	5.89691639370984	3.40134148604961	0	3.27149203162334	4.47812369914161	3.78526974823304	0	0	4.07005881648141	8.11021123280088	7.22676491048053	3.55697609900461	6.71633945704984	10.9668623802833	7.10197279186016	5.31030444514447	2.45243762834759	3.61800600637165	5.87875150837616	6.87828088504265	6.7655023758288	6.37950297929614	6.66834233328372	14.1366079071511	13.978084377883	14.18050384547	13.9419169118053	6.6678035439583	6.4368353421873	3.2378064250249	3.25222343783925	4.20169079717216	7.17154889712094	6.60700031040996	7.19189616888958	8.00570543085227	5.36218933789594	5.56126784025584	5.27188394664834	10.7023939882391	10.6065641922863	8.10277395805846	8.08655817291738	11.9729832593168	12.1451096942531	9.90145126449818	9.15721332067916	10.6586381405285	10.6568481958221	10.5700360696139	9.76954464940346	11.1368570226489	10.6349656943403	13.6053300890563	13.6280730825408	10.6957443539488	9.98177504160222	9.95608640076887	12.8703449409453	10.6218446779498	0	0	0	8.0562500135055	0	6.08943441674269	0	0	0
Mir-196-P1	7.4914924091161	8.25959758330563	7.63597381233813	7.67565877760671	7.5452550914676	8.57385980852017	8.50338600923558	8.76722780548311	8.40222888417767	1.37561887557387	1.7363560937758	1.83250583487512	0.850044378990743	9.2719083633165	8.85163390644439	8.86590145439844	8.59656333535844	9.71335659678045	8.4530519816868	9.56049466202142	9.52224492920575	6.82393833993758	5.69345694178377	5.53081137333793	5.90244829881884	5.95004366493013	6.56105199668867	0	0	0	0	0	0	0.663011481921439	0	2.11180087023049	1.97710455401973	2.95219506569975	1.94613051722549	6.22282462412537	5.86849176498583	5.68934169582095	5.98961792172173	1.55258070593448	2.23832772712435	3.33652189005873	2.28459148918587	7.9429462046311	7.81851317688277	7.88278923426054	8.06832475701478	2.67563002213424	0	3.17886491324099	3.04515659866357	0	1.44353758141309	0	0	4.45100061409922	4.79711096249029	4.85640581178793	5.30313325836217	2.30504833278199	2.26085957392237	1.54662249830223	1.51111217476574	2.36725402140542	2.25801136368953	2.87988227457315	3.46873395991548	4.94244596766259	0	0	0	0	0	8.39431245318683	6.08161444745164	0	6.42244728169308
Mir-196-P3	7.93231491606108	6.83330619360857	4.02004568302411	6.12011152734535	7.66630880024323	3.37952816666867	6.65750280241721	7.16328746373191	0	0	0.829694090990264	0	0.850044378990743	6.33932955987373	5.86491516799202	7.39384155684651	6.48892839306541	5.94456617677541	5.43330720024669	6.92849541122635	6.89819022902948	0	0	0	0	2.00395477484855	1.0522884103283	0	0	0	0	0	0	0	0	0	0	0	0	5.63749629162066	0	5.60852320964801	5.41596344566957	1.55258070593448	0	0	0	3.43918534573948	3.70482772820197	0	1.98960573221573	2.67563002213424	0	0	0	0	0	0	0	3.4249459071449	4.09433175985343	3.77746056023688	5.56815758668566	2.78926187160716	3.10190872756461	2.27579629039564	2.23284297951258	2.36725402140542	1.53189714850589	3.53623955202953	0	2.058225813613	0	0	0	0	0	8.65663204834097	8.38639926224633	8.95015884855972	7.41401268773809
Mir-196-P4	7.45746908838538	8.88207651337464	8.79775686197857	8.97444277409597	8.18402583602332	9.96315190983157	9.82566913162262	9.95920439811685	10.0997133436064	0.845908281885073	0	0	0.850044378990743	11.2366918078379	10.5075132043172	10.9069097247208	10.6010562840833	11.6387505089215	10.7152009298871	11.2822096211782	11.1702638703546	0	0	2.89949959885145	0	3.63711450564505	0	0	0	0	0	0	1.29673565130016	0	0	0	0	0	0	7.35707851268681	7.67597791634442	6.87278057957536	7.39039459769373	0	2.71759355703859	2.21433246896568	2.28459148918587	4.88000198802258	4.95879630537317	5.56126784025584	5.03094083039215	0	2.56069327422785	3.17886491324099	0	1.45052704271402	2.1504750497362	1.44931003566882	0	6.02252049814647	5.77092882521531	5.62377836584576	4.47453991842031	3.4402346926456	3.10190872756461	3.11857518443607	1.51111217476574	2.85586456954887	3.62643336488444	2.38973209243396	3.17902127432894	0.707478534362859	0	0	0	0	0	8.07345591069506	7.39070421791823	0	9.86650640702073
Mir-197	8.15386334448127	7.84466339977184	8.32508582200691	8.20520239536641	8.48863770445675	10.1610454413064	9.86085325963964	10.0219377945155	10.012185234839	10.1922712467807	10.1013973589421	10.2193154791558	10.0902037411151	6.92062076654195	6.36410271036582	5.64278854988145	7.1465864479599	6.57565377994104	5.61402854766213	6.86513801616771	6.8841422525023	9.74188072342132	9.69545478568065	9.08688122424992	7.71227563820582	8.84698074187279	9.03032210369472	9.16800680485361	9.28780350230035	9.91689525883232	8.55829418273396	9.66255612752511	9.7623471607299	9.35014426586831	9.58767315131423	8.93480788722836	8.95813685896659	8.95517151136395	8.85564772415579	9.65904294251795	9.59939528545996	9.68769116932694	9.54449139934544	8.15589016857079	8.29164887061659	8.26123041050241	8.43308985454608	7.75844641744112	7.71208950317504	7.64125309026726	7.62281895012853	9.36299482162304	9.45971291054982	9.43839914754944	9.21295717470167	7.78856176844917	8.19661620448985	8.09133780382399	8.19830793857728	9.35837601477279	9.34936059474586	9.35692232353134	9.40179746477324	8.14385034997333	8.30286678067727	8.37272479274346	8.3268849357178	9.36241259519921	9.05165585131359	9.4172969622586	9.17762970355118	8.77599479805405	9.48305012733213	10.4674525353375	0	0	0	0	10.7334263237863	0	0
Mir-199-P1-v1	9.24738001656064	9.93525561603394	11.5749944469216	9.52635938816087	12.5236203589091	1.52680305375237	9.53529788927415	7.82049499574487	9.56295445004588	7.75154083941429	2.0388694335583	10.776396058112	8.49724434654443	0	0	0	0	1.90309195971402	0	0	0.470169270988792	10.1570882559235	6.59590526839719	6.40942114852357	6.22743032278253	8.21568069629054	8.23682114287703	0	0	7.96881762011451	0	3.2453712128247	1.67133216927205	2.34587615300547	7.09689287257427	7.73895368954824	4.61448436515358	9.76547532528776	11.9085895097991	8.93310247755218	11.0337506171547	11.656118914714	11.1053876458576	7.89971898237317	0	11.6671632098596	10.1143497334912	10.720223074435	12.518726538288	11.0572916466992	6.72772155348216	10.2767183746149	2.56069327422785	9.13501845135174	8.43792358357841	8.20761661928229	12.0464964460196	8.44661031523747	10.1450211214958	9.0939455004318	9.03611017075041	10.6792085062021	7.84071314608254	8.58994849390364	2.74182383123227	8.11723109998269	8.71773598976631	12.3229208695947	12.9652504232749	12.7524761472114	7.89892952434115	3.20606793063472	10.4820417716071	10.4674525353375	0	0	0	8.65663204834097	9.96848463933276	0	0
Mir-199-P1-v2	11.4590970622376	9.53122059558678	10.9806390608593	9.53067945610775	13.344179651629	6.54213172461542	6.82034975430049	4.58988338363318	11.7566757056872	8.14200890743076	12.1181785864346	7.84978527022877	10.6457484533802	0	3.51800268169261	0	0	0	0	0	0	8.52656026994425	11.5147058691015	5.65933980931436	10.5456108011144	9.72431088930049	2.07773870067745	1.31478616941387	0	6.88275865970128	0	3.44586513758152	3.05026117122928	3.96204999297435	5.38192627892584	7.1348042359793	10.642719295913	8.31172596863487	8.14713480180435	15.0665157946321	5.59543499311802	10.1719151092389	14.3930007155214	6.66586924602062	8.5133834213339	3.33652189005873	6.84839392557095	7.91051219120229	11.1690294464915	4.2250084775578	10.0414198070533	3.55806594216254	6.51803715566	9.12117106901734	8.51623656528409	7.67079939005003	7.25123187113098	10.2924142811592	12.3200404040243	9.48982832402621	8.66429975942593	10.9571197701022	11.2844690781455	1.57090978297909	12.5308258438435	7.80654068459531	3.07059324226191	7.23596567163969	5.80369445498816	9.63682862315697	8.59140325279521	3.20606793063472	0	0	0	0	0	8.07345591069506	10.1488874635904	0	0
Mir-199-P1-v3	13.3810556535818	14.3153020683394	11.6233682492568	6.29282584233989	9.38124629083344	4.00465679151571	7.34862705287944	8.23393606003255	7.26218911076266	11.9772214871942	2.99923808426947	5.73022908662592	8.38396730049967	0	0	0	0	0	0	0	0	12.7161043766546	7.87735824132595	3.26537195911095	6.22743032278253	5.5658741157407	7.45969495574149	0	0	9.65710121923236	0	4.22290466825575	6.31583941709154	6.29627598221201	3.5893922800449	4.38776437228855	11.7919706483529	6.0228769137423	11.4335546084502	11.5449647951675	6.01052799438457	11.7367631647943	9.19159431973513	8.89669522309542	7.78392404569627	9.86575026720746	2.76731407405506	10.1561209742817	4.091936757453	11.0486108111254	7.42083308647526	8.6235519308216	10.0556630727845	3.17886491324099	11.0427544696001	7.55591205280038	8.33367261059445	8.8498302360653	4.18736761032302	7.01138112408372	7.58971481076047	8.44319987711741	3.16379661774887	12.7940553406454	9.10080739099948	8.38106310682063	3.35776089214979	6.5315497488336	8.23732322361542	8.62708087804408	9.13174450218244	3.77177498025926	0	0	0	0	0	8.07345591069506	9.52154920270588	0	0
Mir-199-P2-v1	8.33966234541255	7.70954440279442	11.1334762843091	11.7038765558364	9.61795766211896	10.3805454908136	10.3805666484296	9.2814444913618	10.2109093712008	6.41825698744622	6.13299735727778	6.71657611895096	11.9805211922314	0	0	0	4.32803233311402	0	0	4.61774028290161	0	5.95792811295283	7.57975688234936	8.03133402776252	0	9.79838025304273	10.5672233609155	0	2.94674992848661	6.24254309238157	0	1.93648805423278	7.43373902509683	5.21606013298742	1.61796570082883	6.33512804463237	6.03594212033712	6.93435875107868	7.56471461910487	9.69742138834133	6.05492715927239	6.35027814033483	6.59554571190588	10.1198658926493	11.0740542415002	8.90064797157041	9.08511807824324	4.37109991806683	7.85022249509545	10.4525602772214	7.47001793479322	10.2093610846651	12.6647544851269	11.3174401375254	7.45207377274808	11.8195680994521	9.72651779374207	7.06898904880245	10.0568149940497	11.0565865569083	8.57586750159309	7.85239390613666	12.8129511353623	8.0610968433491	3.62974229700264	9.84453785910199	10.4960863347596	9.21368834631266	7.03918700725397	9.11477914186772	12.4054937426391	5.16237603438909	9.48305012733213	10.4674525353375	0	0	0	8.39431245318683	9.52154920270588	0	0
Mir-199-P2-v2	9.82933565947572	8.91315989913498	8.25492140482808	5.97549071859903	15.3345066219518	11.8108603101936	12.0428892125464	7.80816628927574	7.63202038485633	9.85855846541272	9.92690806270073	10.7043964959272	9.35730127160086	0	4.83305322212163	0	0	0	0	5.46524907509792	0	3.51442250682189	3.99945889481216	2.89949959885145	3.48684695664852	3.63711450564505	13.2750082847496	2.79714131501984	1.69452393572146	10.8970780531542	0	3.2453712128247	4.72752112325583	1.73705388436462	6.44668303132627	6.55496542748409	4.77785062325408	10.1375751399628	6.65633713159213	10.8480172308712	10.6454988364692	13.2071554455183	12.4061680341209	9.86259418938886	1.51563629299423	9.6242555698711	2.28459148918587	11.758122833843	7.6842100275766	12.076136323094	11.3181662242755	8.21628370594895	5.6438306070491	8.36022536379961	12.4459469893628	10.2477948896489	10.3070005702786	5.41070001073186	5.51630706588662	8.37576072390013	6.86106356415426	9.7295351727985	9.90948800561857	7.11857156789535	9.39300470976738	12.8641354663622	10.7008010919908	11.1083009317734	7.720921992573	10.5850539119881	10.0144398261255	5.00065062094977	0	0	0	0	0	8.87851367369686	9.45452847620549	0	0
Mir-199-P2-v3	8.86592693913364	9.0541991321411	14.3019244501929	4.66257395348983	12.1579435192537	10.0139156779971	3.50331011607601	10.885544321544	10.5290946710569	6.1692885196992	8.60605067138304	9.60521612868118	5.61921879090382	0	0	4.06089519226842	0	0	0	0	0	6.99698463389208	11.1873460844039	5.38970254434242	10.0162255001599	5.5658741157407	9.90838085795232	2.44968383849089	3.6068571120945	8.38849669331386	0	4.10931308365667	1.96844010402342	2.34587615300547	3.81826994247529	8.75788881328405	5.8279055476591	4.40720119599839	7.16661310718406	8.26777285736737	9.0246943485235	7.40660246559548	9.84574798319549	7.65874745133863	8.20340356181431	7.15973058662919	9.75251132067741	7.98092838125268	10.5371057970379	6.82149921748557	8.86879685621857	8.58357752599592	10.5837148649411	12.2222437761674	7.83480804636238	10.3316755826011	9.21518126082513	10.1347759990127	8.36580569194346	10.8545830026077	12.9665133485175	8.22762977253357	10.8267882711549	10.1968448274272	10.1936108692319	8.04560363106361	6.42817011251452	9.48471818565834	10.5205469301164	7.32213107755937	10.965147441924	5.0288954071155	0	0	0	0	0	7.66020256532945	8.87059373894649	0	0
Mir-199-P3-v1	9.79568999268383	9.6178184856545	11.4846336128185	10.3628651543988	7.09014834956473	8.64339018233682	6.50160956004241	7.49093516929965	0	5.3808400794422	9.99552508290389	8.3576608015711	7.90303370632569	0	0	0	0	0	0	0	0	10.3218807696816	5.48634804185147	9.22829422213309	5.35851014835753	9.68790774613647	6.56105199668867	1.9910670551664	0	6.86542031367749	4.90306399973185	4.27651360150114	3.28397251861805	7.00200243039686	3.5893922800449	12.2442345648674	4.21894606829712	12.0860767492858	5.71042435536738	10.3145076344918	13.0275014896363	14.1301526977704	6.13286953314724	1.55258070593448	8.6730459340814	5.88875997632584	11.7959324240593	9.29189128821201	10.1106572783669	8.7340765268381	11.2887687110364	11.2698530424208	6.91943337993998	10.7136627443781	2.54503943613696	8.49084007431544	7.25123187113098	8.00649206165952	9.91991324571154	9.1829809403212	10.4786285288317	10.0670262037504	9.85264596213875	10.775732017595	11.1235708223484	11.031578607616	9.86943947123338	9.64695360704753	0	7.26361298858576	6.6966308465666	3.30177301908403	10.4820417716071	11.4669429651077	0	0	0	8.07345591069506	9.38424195761421	0	0
Mir-199-P3-v2	5.64192193891164	12.4855401057504	10.9986416107737	11.1804440244081	4.44679974261278	8.5595423754777	8.50338600923558	6.01067922940708	7.39114832467287	10.6544032122468	10.233015859989	2.14254477573674	1.38134581200857	5.36375666533178	0	0	0	3.25170053319166	0	0	4.44656641404939	9.22971698461772	1.72542237294981	7.71374738755335	7.02311584852614	11.1057991717711	11.5708276784851	0	0	10.4865517609284	0	7.92345041301649	5.73990359688911	0	3.21376359985171	10.4577245860071	11.1988238490576	10.8748915185658	0	9.1115239537105	14.9182890054858	12.4876731519561	11.3216457922212	11.6546365519298	11.7280354070472	8.27824860340104	8.51935589104165	12.08388152399	3.32620656719812	7.87071725649377	4.57166759615929	4.31194758102156	7.79113690158404	9.75767541866186	8.87687103300089	10.1674573207314	4.74405594281699	12.2669370661101	4.04413629872408	10.5676564370114	10.7405907093277	12.6824598828675	10.2183169466984	11.2520906674218	11.0219777579069	10.7631103642509	11.1184262459322	2.85586456954887	8.16309826852021	6.31199540589689	4.53334799443493	3.89964434686171	0	0	0	0	0	7.66020256532945	9.81664153670631	0	0
Mir-199-P3-v3	9.45991771281506	9.54752096541244	14.4301653449183	13.2249920800432	11.6523259215943	9.46848406083424	7.75762563959812	12.0727076705826	6.73957680471778	10.1534051781871	7.92328547676986	11.9696318243446	10.2725560908831	0	0	0	0	4.19803949509906	0	0	0	6.71249572685005	2.15709348027692	0	8.91576177081894	8.8222425856793	10.6563111075143	0	2.45243762834759	3.00876697253339	0	1.93648805423278	2.77122957800882	3.0001103619038	2.36144229461087	10.5942049780844	0	7.12054653384838	0	11.1217129628066	11.3297978931228	7.37437422178095	13.185909080591	10.0740231630321	9.85917023072479	10.512649457072	10.3271648053382	7.73641046774385	8.26212541108182	7.49163015038367	12.0522167096048	12.3595978188192	10.0015228589021	0	10.2552066283025	8.92043914084021	10.5613315479437	8.1095334703324	8.31990015643537	12.7862737143848	10.947607035032	9.26451884123663	7.01921906948255	7.83071044382662	8.85710356224551	4.69917487818453	12.6150562815535	11.0011223263272	9.33551435250973	10.6757378205471	11.1049621292384	2.87371014459181	0	0	0	0	0	7.07880176675778	9.96848463933276	0	0
Mir-202	0	0	0	0	0	1.52680305375237	1.44534677601554	1.5476966437991	0	1.76221610498131	2.68732035761046	0.890524894614324	2.07389750363558	0	0	0	0	0	0	0	0	0	2.15709348027692	0	2.09340118656229	0	1.0522884103283	0	0	0	0	0	0	0	0	0	1.97710455401973	0	0	11.0280194314345	11.0941689047472	10.8935330957005	10.8867191292776	0	1.51563629299423	0	1.55391615072	3.28579122837544	3.58932008446346	2.3025982432924	1.57572685667555	2.67563002213424	1.78657782372909	2.67143578140483	0	3.27282852460369	4.04254173699713	3.71319205032341	3.70633851331011	0	1.22656673517064	1.18351117428896	0	0	0	0	0	0	0	2.38973209243396	0	0.707478534362859	0	0	0	0	0	0	0	0	0
Mir-203-v1	0	1.92693624548686	3.1063370451116	0	1.99008428092361	0	0	1.5476966437991	2.19801358191114	0	2.28881398316065	3.69531536486781	4.22158636408818	14.8683438402642	15.0056940097681	16.1948922486243	14.1294535557019	16.0381107939287	15.140398443642	15.2815716589659	16.4946305718038	3.87142989354252	4.09991664965357	3.26537195911095	4.27648582994904	0	1.65426755789772	10.1908232752083	9.78506014922307	6.39532670923058	9.5838239392725	6.07578058366375	5.2534771275113	5.59258055054563	5.25737071570985	7.20145173805816	7.4931213516188	4.61984724741147	7.16661310718406	5.95964389670987	5.21985985288256	6.7015098720627	6.34953057421676	7.26434601852968	8.90895174658779	8.95457682729709	9.11060656737534	7.61283903946709	7.88124982969127	9.33777781180221	6.27170522762342	8.09356767319547	7.62202584714259	7.52043309024001	5.99709211055752	9.92924401308293	10.4451126671496	9.55156453470749	8.96679220330815	5.5942330059114	5.16359753709298	5.69631529185479	3.53801665276048	7.05584252144337	7.67181115452291	6.48189491749372	5.91191920534574	8.11692696548918	8.14392960670486	8.00874413778309	8.82719030692578	0	0	0	0	0	0	15.0047719938919	15.2150093684601	0	16.0330838908454
Mir-203-v2	1.26188337846119	0.951704251394096	1.82265302529723	1.6832459638687	0	0	0	1.5476966437991	1.48245369299614	4.27352391463362	3.74813223001729	2.61426293196027	1.76878525837759	16.3981823135493	15.696676120632	14.5403782952114	15.7648254267108	16.2892868069182	15.0365709767259	16.1368395775649	13.3273443170977	3.79011474828438	2.48891045811883	4.1883324258792	2.22526594802343	2.00395477484855	1.0522884103283	9.42063629941476	10.5132987840542	9.46038727261735	8.18093023674609	5.09701218460002	5.92423470391534	4.76830582365159	5.84709808011793	5.92603476317305	3.97132346533563	7.61793355274864	6.17662006246243	6.35674519213382	7.12955890392982	4.81633812900593	5.98961792172173	8.49431562770024	6.40371436388594	2.69175790032083	5.56885706574229	9.67451482918835	9.47235192357116	7.88878755293356	9.64791957844201	3.18329037307815	6.59317851961517	6.7242036152365	7.56691707833176	10.3566803552196	9.58184466478003	10.4666297049208	10.7096710882963	4.45100061409922	5.10862315144175	4.02285299817911	5.89207286312457	7.6300268461179	7.04275977476957	7.89070740288232	8.3678639268287	8.52795764130266	8.68471313886299	8.78103879657891	7.84938856100047	0	0	0	0	0	0	15.1070500408361	15.2213229767525	0	0
Mir-204-P1	0	0	0	0	0	1.52680305375237	0	0	0	1.37561887557387	0.829694090990264	1.43706842214372	0	12.5740994804406	11.9684431630491	12.4319428153651	13.2251251266052	12.3543851047774	11.7899038306313	13.77984050744	13.2838111075439	0	1.72542237294981	0	0	0.680050647660377	0	0	0	0	0	2.57253144509293	1.29673565130016	2.17002310132925	2.15349148476431	4.38776437228855	4.77785062325408	4.40720119599839	4.39051452010763	1.62093710370287	2.00802828865477	0	1.5336553038736	0	2.23832772712435	1.49586600862742	0	3.28579122837544	3.46375324317578	4.2250084775578	3.15759762394301	0	1.78657782372909	0	0	0	0	0	0	1.25788798244504	1.87977978791294	2.60529408029441	1.86945692385663	5.3369403451213	5.21067371101244	5.49794626626232	4.74975713172576	7.19559710232436	6.57868096065649	7.20262059399819	6.85563069748868	0.707478534362859	0	0	0	0	0	0	0	0	0
Mir-204-P2	1.26188337846119	3.81538951670302	0	3.83481052677172	1.99008428092361	7.51965365201927	7.61272808840067	7.65136754982717	7.49524396761226	7.21449647499889	7.13070661180914	7.32795713384941	7.11100146259891	9.91817280881621	8.33576198421135	8.21403824729476	10.2612967558138	9.71178605106371	9.97106980505531	10.2670452995259	11.779652218306	2.68127282082087	4.36510028939465	2.40810955078785	2.91361887668775	4.87298690879155	2.07773870067745	1.31478616941387	1.69452393572146	4.86765186259691	3.95049331164109	12.9821250998023	13.0007971924158	12.6623123176792	12.9193915073959	8.88498646142879	8.58049519102821	8.72179493863322	8.52782143544475	11.2272853535432	11.1724515800503	11.0284457237188	11.0960500041189	10.1223704972925	10.1367933751586	10.0454780579814	10.0233415014571	8.97179652198073	8.97628717706206	8.82134005464244	8.87489693111801	9.14685768318401	9.08982162377036	9.31609937787566	9.03818412094281	10.2923399873104	10.1801481502747	10.3023355081164	10.2260710616169	8.21616226717889	8.17552608769503	8.2214981135599	8.14794609887966	6.94482382169461	6.79429000929267	6.81297057360477	7.06847060480625	8.90494122032237	8.78710727369404	8.70244572961722	8.67198221435896	1.18008119085046	0	0	0	0	0	0	5.102760991841	0	0
Mir-205-P4	2.3769176484058	1.92693624548686	0	0	0	0	2.15269143163183	2.75926244844499	3.3177639893336	3.86351545763959	4.40667407686885	3.87397141152802	4.28235058510177	15.7862899301504	15.4730013008887	15.4075577435424	15.583861818521	16.4943927701416	15.2787197891302	15.9323276962433	15.3085690364584	3.81087723043204	2.7584999950763	0	2.8332176251655	4.81243764422988	1.65426755789772	16.4726483845184	16.7044175057689	10.1187918118046	15.2666287120771	1.93648805423278	1.67133216927205	2.34587615300547	1.25072685083557	3.45508583701279	3.672208705986	0	1.94613051722549	0	0	0	0.961691675863634	5.50679621733548	5.72952486318971	5.29377559051059	5.44608659171569	11.4706314173277	11.3578980874026	11.2886894947975	11.2738422242026	2.67563002213424	3.06175321911136	3.55351504184089	2.54503943613696	10.1143114975424	10.1032835985719	10.1611844962585	10.1049795730841	1.91949561640633	0	0	2.31641372235756	2.78926187160716	3.38983163278759	3.85292467794796	2.23284297951258	5.00884811088874	3.83204024670853	4.16690833192208	4.25762021939456	3.20606793063472	0	0	12.1730032635775	0	0	14.3349465257241	16.4232093748107	0	14.7587273600566
Mir-208-P1	0	0	0	0	0	11.7420012945064	11.710402512406	11.7864927115303	11.697113503398	14.1659258610807	14.1399678992491	14.2716628151506	14.1689594975338	0	0	0	0	0	0	0	0	1.26524814208861	2.15709348027692	3.26537195911095	0.494099345006295	2.00395477484855	0	0	0	0	0	2.18099410926111	1.67133216927205	1.11554513343675	2.54316049606998	0	0	0	0	0	0	0	0	8.85513617787415	9.03702038914662	8.80993579686357	9.01666032144642	0	0	0	0.993078815701568	0	0	0	1.7732032383926	0	0	0	0	2.37138090759824	1.87977978791294	2.26719612330756	1.21845573574718	3.4402346926456	3.83538785769676	4.69917487818453	4.41638479211833	2.36725402140542	0	0	0	0	0	0	0	0	0	6.08943441674269	0	0	0
Mir-208-P2	0	0	0	0	0	4.86898260746593	4.92104621145871	4.98986570012285	5.7288139344837	6.78454650788322	6.78921400790726	7.01209454549354	6.92342799176156	0	0	0	0	0	0	0	0	0	2.15709348027692	1.65713316502257	2.65757958174062	2.38277016299004	1.0522884103283	0	0	0	0	0	0	0	0	0	0	0	0	0	0	0	0	2.28298180006373	3.36404642369147	1.49586600862742	2.76731407405506	0	0	0	0	0	0	0	0	0	0	0	0	1.25788798244504	0	0	0	0	0	2.27579629039564	1.51111217476574	0	0	0	0	0	0	0	0	0	0	0	0	0	0
Mir-21	14.8427026601131	16.4073776851248	16.0276870079247	14.8112974906613	15.435606382296	14.5659933501798	14.4948442670301	14.6075721518359	14.5321176978646	14.2391994620305	14.2129422884627	14.3355597922421	14.236078704917	14.4152353716695	15.3174500523374	14.9215029574114	15.2709381932742	15.2347694025209	15.9084655993904	15.6001711988681	15.6685524707866	17.1522932882851	16.6231801325936	16.0398278358126	17.3124511238978	16.5351616560502	16.6431170025711	17.0424377025935	17.8236156108212	15.8582661558893	14.8743558019506	12.6935401619718	12.7581652217669	12.4255168691006	12.6901410902011	15.4708363631136	15.2876170651463	15.4964032911081	15.2303940185916	14.384125230304	14.3948031729602	14.2615770727423	14.2774867234561	14.8237790535201	14.8127948206193	14.7402931190238	14.8156699572892	15.1676886456647	15.102990685047	15.0276438471704	15.0394142351561	16.18622351632	16.1089097280094	16.2214537534884	16.050648809558	16.1885224662497	16.1767480112009	16.1880416394635	16.1688676248069	15.4187281420452	15.3956618802126	15.2961999836679	15.3850522781675	15.9967871374717	15.948197746924	15.9688630631823	15.9112746276886	16.2237185214432	16.1468361495838	16.24238396156	16.2136727481343	14.7513903137119	0	0	0	10.3738355559227	0	10.3171489743096	10.5529670611153	12.1174887967574	12.2131872812816
Mir-210	5.55878304688805	8.87348169288077	10.3245653689051	7.75164589612255	10.3058818229092	6.06288401224891	6.1278666185443	6.45215893606136	6.18526052329715	7.67479941661869	7.64938750328801	7.76737687434656	7.63247811662285	10.5271608506554	9.97621229288678	10.2146656844283	9.38948250917677	11.3058740859408	9.92525900761665	10.8360402128974	10.9338789896588	7.48112516923307	8.03157673712174	7.72847426176844	5.42859281482009	7.54284900344687	6.05534363653067	10.7261763422018	10.6010931388593	9.93778277473963	10.4697498086979	5.46345379643097	5.87136535206593	5.38670416556631	5.81210059432943	7.06492809693581	7.02490629262696	7.28542913652791	6.91698578599711	5.09642889918906	5.05476569357967	4.81633812900593	4.87910621495821	5.16194620873828	5.6780641440584	5.74925763729552	5.44608659171569	5.8552943558229	5.93541262024523	5.80911509286898	6.00870656736581	5.70589990329372	5.84169593149014	5.2703196882654	5.6943378141382	7.56913853539898	7.65981586992082	7.66888912018803	7.69785271823904	6.47023742554378	6.54637768526591	6.70008447494652	7.06282872142971	6.12891615177262	5.90178231093521	5.87380649487324	6.11813092463879	6.97484408481969	7.37133480559269	7.07230854181068	7.44479859171627	0	0	0	0	0	0	9.52947527817479	11.7470736292032	0	8.73085625448754
Mir-2114	1.26188337846119	2.50354734240906	1.82265302529723	1.6832459638687	1.99008428092361	1.52680305375237	0	0	0	0.845908281885073	0	0.890524894614324	0	0	0	0	0	0	0	0	0	0	1.10660602580349	0	0	1.76925718725172	0	0	0	0	0	1.93648805423278	0.78940532022063	0.663011481921439	1.25072685083557	0	0	2.12751062648816	0	3.04703515298415	3.81728814114049	2.91828250783353	4.09668930981766	1.55258070593448	0	0	1.55391615072	1.06631564158912	0	0.987949226811437	1.57572685667555	4.49548452983471	3.43293571958275	1.88178770628316	4.16404955471223	2.15903414483269	1.44353758141309	0	1.4446112134343	2.37138090759824	1.87977978791294	1.18351117428896	0	0	0	0	1.51111217476574	1.62283230801153	0	2.38973209243396	0	0	0	0	0	0	0	0	0	0	0
Mir-2115	0	0	0	0	0	0	0	0	0	0.845908281885073	0	0.890524894614324	0	0	0	0	0	0	0	0	0	0	1.72542237294981	0	0	0	0	0	0	0	0	0.771405439911369	1.67133216927205	0	1.25072685083557	0	0	2.12751062648816	0	0	0	0.95387252234241	0	0	0	0	0	3.28579122837544	2.0035662741426	3.78489418743113	2.79546962662603	1.88541361357369	1.78657782372909	1.88178770628316	1.7732032383926	0	0	0	1.4446112134343	0	0	1.18351117428896	1.21845573574718	0	1.53425327332603	0	0	0	0	0	0	0	0	0	0	0	0	0	0	0	0
Mir-2116	1.92454533655116	1.52020208391082	2.60279459058997	0	1.99008428092361	2.73213856770259	1.44534677601554	2.75926244844499	1.48245369299614	1.76221610498131	0.829694090990264	1.43706842214372	1.38134581200857	3.76839248759311	3.12568064462854	3.49563471704457	0	0	2.9428114112068	0	0	1.13957361397743	0	2.40810955078785	2.56103146123568	1.76925718725172	0	3.0769477366436	3.85001965015716	3.77481576782407	0	2.73453721621086	2.21468729068628	2.34587615300547	2.84965057994117	0	1.97710455401973	0	1.94613051722549	1.62093710370287	1.00535715333026	0.95387252234241	2.26013680830463	2.28298180006373	0	1.49586600862742	0	2.91923938864548	2.0035662741426	3.14843131385487	2.98786605007424	0	0	1.88178770628316	0	0	1.44353758141309	1.44931003566882	0	0	1.22656673517064	1.82479947403407	2.93260457456171	2.30504833278199	1.53425327332603	1.54662249830223	2.23284297951258	1.62283230801153	1.53189714850589	1.64168482374576	0	0	0	0	0	0	0	0	0	0	0
Mir-214-v1	6.38348091025057	7.8328896192717	6.40482241249237	7.80967939675988	8.72488723841361	4.95900307100769	6.35745151975957	5.87541155853884	3.76124798498218	6.47108270155571	5.98150282480434	6.02322843362615	6.27132959244459	0	0	0	0	0	0	0	0	0.486511530586811	1.72542237294981	0	0.86146505796231	3.49022764517584	0	1.31478616941387	0	6.69921750769387	0	2.3900047746031	1.96844010402342	1.73705388436462	2.36144229461087	7.52141806881003	7.11935623670909	4.61984724741147	6.81098864573824	7.47117561640505	8.80508635605974	8.05122193628695	7.82353894580646	6.74601402457814	6.49575838765107	5.74925763729552	4.99901186245957	5.77108941539647	4.3968445164106	5.26182485465624	5.71430776750979	6.69201362268173	5.14157091307703	6.56964304995988	7.01301982594693	6.23883246467503	7.21828521598017	6.61358109966138	6.47275785608144	7.5716596010596	6.82741168961073	7.04376825534862	7.97612463233711	7.74051857951244	6.76942705217756	6.97597491172775	6.63031420146182	6.92632992355396	6.49037672540313	7.91045637296257	7.06543507854188	0	0	0	0	0	0	8.39431245318683	8.64871492490779	9.53414875124716	10.7283072547655
Mir-214-v2	7.70953057743611	5.83413898160169	9.6849041557755	6.48316893971846	8.40254454345977	5.52842087619081	3.70741205529201	3.85444462306812	6.2882133406194	5.80787838973283	5.52619062136127	5.90486178743009	5.68820978037649	0	0	0	0	0	0	0	0	0	0	0	1.39712653759989	2.38277016299004	0	0	0	6.51134404174413	0	0	1.67133216927205	1.11554513343675	0.756857972372857	5.09689642485397	5.5847323239064	7.59297141269662	5.71042435536738	8.59264828965024	6.92946966471171	7.59319216179337	8.38199660405296	6.10159735778112	5.10712218871093	6.09491917841726	6.42944435795056	5.51907716294438	6.23350849488626	5.73113636232001	5.63025928391742	6.90161374592344	7.74245188407771	6.76038831491558	5.62534090049838	6.36552986796312	4.54586381656057	5.62823928150116	5.80994501213947	6.42422824679894	7.91215223129646	7.582656279059	6.86352753659676	5.02390827014376	6.93508990048324	6.2466293732455	7.04844410399397	6.59500188843978	7.61353768242818	6.01366335732198	6.7243777221717	0	0	0	0	0	0	0	7.65230506537109	0	0
Mir-216-P2a	0	0	0	1.6832459638687	0	0	1.44534677601554	1.5476966437991	0	0.845908281885073	0	0	0	0	0	0	0	0	0	0	0	0	0	0	0	2.00395477484855	1.0522884103283	0	0	0	0	2.57253144509293	1.29673565130016	1.45951188267731	1.61796570082883	0	0	2.12751062648816	1.94613051722549	0	1.00535715333026	0	1.5336553038736	1.55258070593448	0	0	0	1.06631564158912	0	0	0	11.677246063282	11.6173954515896	11.7051337546465	11.5187417164963	0	0	0	0	1.25788798244504	0	0	1.21845573574718	0	2.26085957392237	0	0	5.54706094843373	5.53604675524899	5.86413920267235	6.07616633149883	0	0	0	0	0	0	0	0	0	0
Mir-216-P2b	1.26188337846119	0	0	0	0	0	0	0	0	0	0.829694090990264	0	0	0	0	0	0	0	0	0	0	0	0	1.65713316502257	0	0	0	0	0	0	3.95049331164109	0.771405439911369	0.78940532022063	0.663011481921439	0	3.45508583701279	1.97710455401973	0	0	1.62093710370287	1.00535715333026	0	0.961691675863634	1.55258070593448	2.23832772712435	0	1.55391615072	0	0	0.987949226811437	0	11.0781907286892	11.0449826807514	11.1855987348678	11.0294639791119	0	2.1504750497362	1.44931003566882	0	1.25788798244504	2.3277687582711	2.26719612330756	1.21845573574718	0	2.26085957392237	0	1.51111217476574	5.48141534893177	5.27921752531531	5.50862842480392	4.86785875087034	0	0	0	0	0	0	0	0	0	0
Mir-217-v1	0	0	0	0	0	0	0	0	0	0	0	0	0	0	0	0	0	0	0	0	0	0	0	1.65713316502257	0	2.2057603370744	0	0	0	0	0	0.771405439911369	0.78940532022063	0	0	0	0	0	0	1.02706470079385	0	0	0	1.55258070593448	0	0	1.55391615072	0	0	0.987949226811437	0	10.4534619399	10.0118301209063	9.27291506244063	8.55385454188088	1.45052704271402	0	0	0	0	1.22656673517064	1.18351117428896	0	0	0	0	0	4.4461177086075	4.31589834224757	4.47268283042197	3.70988470491148	0	0	0	0	0	0	6.08943441674269	0	0	0
Mir-217-v2	0	0	0	0	0	0	0	0	0	0	0	0	0	0	0	0	0	0	0	0	0	0	0	1.65713316502257	0	0.680050647660377	0	0	0	0	0	0	1.67133216927205	0.663011481921439	1.25072685083557	0	0	0	0	0	0	0	0	0	0	0	0	0	0	0	0	8.94079829846921	10.0423172997228	10.4975516448207	10.6968203218396	1.45052704271402	0	0	1.4446112134343	0	0	0	0	0	0	0	0	4.14064170511135	3.09872840635708	4.60426718462528	4.0970924071356	0	0	0	0	0	0	0	0	0	0
Mir-218-P2	2.72079149910524	4.15500520723812	1.82265302529723	4.38567077404645	1.99008428092361	4.00465679151571	5.81108686996294	5.30268469186428	5.67915909899723	5.4613773871361	5.90870347939612	7.35077649783418	7.51078584535429	0	0	4.01335302418251	0	0	0	0	0	2.8512636102156	0	0	2.34608096743299	1.76925718725172	0	3.0769477366436	2.94674992848661	3.44205006160109	3.95049331164109	8.98227867773037	8.77484348289925	8.31979785340078	8.61261209018008	4.78546893640718	5.39637528743869	4.40720119599839	4.57453566513204	5.40989838233105	6.27734264566124	4.49521545308721	5.13394656890312	5.56687409194166	7.80806248683365	7.74132590738038	7.76716898121803	6.05841867880468	7.28084686624366	5.70417784005058	6.25309187062427	6.6147860872123	4.36454759470457	6.30148005922204	6.37879069268981	7.05217661558941	6.9438129851628	4.92709818605975	5.97700982454315	5.36989089529965	8.1140517562237	4.5779241723878	6.87987486498133	6.57900152845537	7.32459750638443	6.65690905632817	6.70896829680279	5.67001818413755	7.33798724966113	6.90372292690434	6.03244027246344	0	0	0	0	0	0	6.08943441674269	6.08161444745164	8.95015884855972	0
Mir-218-P4	1.92454533655116	1.92693624548686	0	1.6832459638687	2.44861108198143	4.67010721853814	4.4382524511393	3.85444462306812	3.94053185886368	7.01547920472615	6.83904042600722	3.95563440370631	1.76878525837759	0	0	0	0	0	0	3.81600328528206	0	0.486511530586811	0	0	0	2.93057764172421	1.0522884103283	1.31478616941387	1.69452393572146	4.37410292604921	0	5.59587456298411	6.46603037719396	6.97549545840028	6.93552961113614	2.93444289319457	0	2.12751062648816	1.94613051722549	5.18140905740996	2.81652647077442	4.71703262104608	5.62431165276478	7.28237606033889	2.71759355703859	3.049863509461	1.55391615072	6.29791745221535	0	5.85885361715685	6.23423522562064	4.31194758102156	6.01566810575686	5.36736114427012	2.54503943613696	3.89381166704117	3.50070247396359	6.48009519898985	6.2296161591227	8.18890462498681	6.14333033745597	7.93715282406638	7.74579518864742	7.01245473992773	5.90178231093521	7.2186065086561	6.87736022797451	7.15406636859033	4.67759616642994	6.14913548541758	6.77832009198377	0	0	0	0	0	0	6.08943441674269	5.102760991841	0	0
Mir-219-P2	0	0	0	0	1.31400097922241	0	0	0	0	0	0	0	0	0	0	0	0	0	0	0	0	0	0	0	0	0.680050647660377	0	0	0	0	0	11.5486115656684	11.5728333294431	11.2821043856654	11.4608956863998	2.11180087023049	0	0	0	0	0	0	0	0	0	0	0	0	0	0	0	0	1.78657782372909	0	0	0	0	0	0	0	0	0	0	0	0	0	0	0	0	0	0	1.53547716393402	0	0	0	0	0	0	0	0	0
Mir-219-P2-as	1.26188337846119	1.92693624548686	0	1.6832459638687	0	0	1.44534677601554	1.5476966437991	0	0	0.829694090990264	0	0.850044378990743	0	3.23420650575597	0	0	2.01599670843097	0	0	0	2.0732800599811	1.10660602580349	0	0	0	1.65426755789772	1.9910670551664	2.45243762834759	1.26888496964859	0	1.27134418850794	0	1.11554513343675	0	0	0	0	0	1.02706470079385	0	0.95387252234241	0	1.55258070593448	0	0	0	0	0	1.56887233004962	2.57340867796331	0	0	0	1.7732032383926	0	0	0	1.4446112134343	0	0	1.18351117428896	0	0	0	1.54662249830223	1.51111217476574	2.36725402140542	2.73876249733365	0	1.59179007653147	0	0	0	0	0	0	0	0	0	0
Mir-219-P3	2.72079149910524	0.951704251394096	2.60279459058997	2.43908959205042	1.31400097922241	0	0	1.5476966437991	1.48245369299614	2.06680697500783	0.829694090990264	1.43706842214372	1.38134581200857	6.02862962341784	4.56863639216789	0	6.60226149288835	5.8101151343785	5.46378747029107	4.97864158213746	5.57343242725068	1.38084689497683	0	2.89949959885145	2.34608096743299	0	1.0522884103283	3.68943744586169	3.85001965015716	3.61800600637165	4.90306399973185	6.4234406722525	6.4778681410912	4.76830582365159	5.28315698284224	2.11180087023049	3.29440963269816	2.12751062648816	3.93234288145897	3.37028483354107	2.81652647077442	3.61409524568548	2.93227775858729	2.7655861005038	2.23832772712435	3.049863509461	2.28459148918587	1.06631564158912	1.58813295724365	0.987949226811437	0.993078815701568	3.55806594216254	2.56069327422785	2.67143578140483	0	2.63209050256798	2.97810026304091	2.15754450173878	2.15179039474782	2.71497423499928	2.66911242541594	2.26719612330756	1.21845573574718	1.57090978297909	3.10190872756461	3.11857518443607	3.59714748235133	2.85586456954887	1.53189714850589	2.87988227457315	3.17902127432894	6.07594977319942	0	0	0	0	0	0	0	0	0
Mir-22-P1b	15.359044791432	16.3176930319788	14.8681350984138	15.553250347885	15.7905420404714	19.4843485681491	19.4095178935526	19.5528207151102	19.4875832309958	18.2763071989311	18.2443419693515	18.3715076087825	18.2712328103522	14.5773583845504	14.6234946929234	14.4768945377325	14.7108921644914	15.2530954022956	14.2609587575436	14.7752636624124	14.8271556419041	14.141488320373	14.8880380375646	14.3906801108211	13.0568903472288	14.687464022982	14.223385121664	17.0481027943372	18.4821149766692	15.8523308546699	15.7925246239186	15.5051889258187	15.5451330363837	15.2247779047812	15.4527583989303	18.1101287639314	17.9446460290077	18.1328526809317	17.9125812975104	15.1264320150368	15.1569446396074	15.0012914235298	15.0553623162995	17.0339756960538	17.0439221152215	16.9797050864087	17.1004709890132	16.4234559850707	16.3796057199801	16.3016648232172	16.3308711148086	15.9815551196641	15.9080064075521	16.0237467842742	15.9016145430378	16.6433671941261	16.6328910799149	16.6327503685324	16.6315089043712	16.1296262158207	16.1164679393309	16.0433893522566	16.1682569937803	15.952320326277	15.9209396213827	15.953656774422	15.9469127570865	16.2134094323313	16.1259993792615	16.2556201592794	16.2009219350931	11.8591996069735	13.3880578884693	14.1669513678153	12.1730032635775	0	11.0137312085024	13.9010744941747	11.4869208209733	12.6479036104366	10.4065917486206
Mir-221-P1a	14.4060110226068	13.9648837782366	13.449992172499	14.4518614301761	12.9231274215942	9.0894338147378	8.85436903907193	9.03923582363246	9.09393944604067	12.4572369786384	12.4441729562121	12.5313550359221	12.4651090092639	15.7868173144555	14.890996910572	15.6218919028973	15.3473218979281	16.0008307492118	15.4700538204976	15.6547717819699	16.209877032574	11.6213509890926	11.5032869652581	9.56006935821555	11.6200507437375	10.6620497330978	12.3282358106642	14.3250722796679	14.1789543618867	14.6175183638574	13.5666681769081	10.982659918067	11.0844884713295	10.7197287802424	10.9668216256047	9.34910819500267	9.19344468163248	9.29404838079042	9.24298348662135	11.7938180075708	11.824472719044	11.7026938526237	11.7123019885023	10.4319755779586	10.4993434140923	10.3986020555408	10.5278010209416	11.4560976559814	11.3567946863121	11.3421284048874	11.3480733386884	10.0788578524605	9.991141426963	10.2464581023081	10.0133749277835	9.99442460721527	10.075958211544	10.0288134107546	10.0045704832063	10.4274678022209	10.4691124507076	10.39856996041	10.4246063445624	10.9781750428282	10.9141035310952	10.9244108216913	10.9491825515145	10.7577115662055	10.7939085667776	10.8248447274372	10.8859732116283	8.87656054350927	0	0	0	0	0	8.39431245318683	11.2505701356204	8.95015884855972	10.2140985006031
Mir-221-P2a	14.9590418277688	14.5389304717042	13.9278856737913	15.1020756537761	13.9144500754767	9.48751567114775	9.36854419776237	9.46933256945245	9.29275470020052	12.8661625325259	12.8211689738027	12.9703732010045	12.875775816811	13.8328932999422	13.2643251306489	13.310979564778	13.3686982140808	13.7358020487829	12.8599141085414	14.1333326195561	14.2599108889643	13.8989134693482	12.7210479474173	13.0132592818041	13.157893784445	11.5688465244463	13.1304691733131	12.9913328972603	13.1463057710077	13.8558376252871	13.3540059502874	11.3797677579276	11.4323731023812	11.1191212000222	11.4135246533297	8.73557307168456	8.39154623136436	8.47090689349647	8.63525401602863	11.0863404068904	11.0578133642236	10.9445005615641	11.0256624032413	11.1733625436926	11.1807438855971	11.1339719516798	11.1362117565215	11.9550386345094	11.8611773247316	11.8527040260946	11.8304415206539	10.1660307612963	9.98417873682645	10.2400656094819	9.86788796494249	10.7190059072847	10.6855507151566	10.7464538772618	10.6319636337787	11.6419515497519	11.5807841575964	11.4933610067311	11.638013664916	11.1100926522234	11.1247965331744	11.1631086151427	11.052086036894	11.2822251774203	11.2263155932674	11.3632657205604	11.3349684215373	10.1552049990411	0	0	0	8.0562500135055	0	10.5284988650733	10.7048741195993	10.7554288285063	12.1607311145183
Mir-223	0	0	3.77468739805016	0	1.31400097922241	6.96782297041774	6.72955613124919	6.86307126465178	7.19311220414499	8.32891356762037	8.26331396669104	8.3614112668614	8.19539937442583	1.8790969403998	0.75009032064274	0	1.78524481683322	0	0.547268201979657	1.45657321720142	0.470169270988792	14.4823474996498	14.2308286659725	14.7175628293091	13.5817140637466	12.633077238123	13.4997446740199	1.9910670551664	2.45243762834759	1.26888496964859	0	7.61554271789221	7.68418538181668	7.42569099874498	7.58553626685215	8.4367936358135	8.39154623136436	8.84319708886525	8.60385581852542	6.86051579637369	7.0218391441082	6.76503739740579	6.70442322190907	7.84010348612297	7.99840494593097	7.87038166146393	7.87818462771969	9.28684613637711	9.13917095252338	9.07912912999542	9.13080714391655	7.34585139240224	7.62202584714259	7.87419666152449	7.58519929286835	6.87179779849919	6.83934749045953	6.82655260701724	6.92519982362042	8.01356818014155	7.59971646528011	7.59219248558453	7.92189719943404	9.08481639717354	8.84525517369626	9.0163520774924	8.92963736320779	8.68929412018262	8.76218196082492	8.76706393415027	8.68616139567639	13.9776648430936	0	0	0	0	0	0	0	0	0
Mir-224	8.49308725020506	8.29435562148711	6.56803975749249	8.93587471174124	7.3618833703897	6.1029264095724	5.89703739792481	6.13434425017662	6.50321804614777	7.81421887598614	7.58659874311749	7.78981677931239	7.75545583873319	9.76481329478361	9.07358012081941	9.32486988597166	7.89981605897011	9.85384019081991	9.29074199749946	9.78035007745852	10.4039129262292	8.02947163754459	9.04780598074514	9.08115542471109	7.67527765992986	8.34688441925558	10.9552236710254	10.7833117764336	10.3448762749919	9.04891507455324	9.61075617178131	3.01244679383522	4.31740602763181	2.89088005217454	3.50425122981611	6.78967792931274	7.0885548911662	6.93435875107868	7.07798658895264	5.54431370973924	5.09784391395374	5.43188815802396	5.41596344566957	6.45949114258653	6.43505274566626	6.87653381635284	6.79908011994661	11.0684977370352	11.060711081426	10.9227155842611	11.0528927000478	7.95943473510643	7.99884645122011	7.97001521195095	8.08655817291738	5.63012019197851	5.97533927310148	5.62823928150116	5.56958693108002	7.20067952220899	6.92610022339382	6.60907455760664	7.01921906948255	7.37987464200992	7.21837445760603	7.12241747164353	7.27215981455522	7.79088809099953	7.54212280101404	7.8718006527204	7.66123026328778	1.53547716393402	0	0	0	0	0	8.39431245318683	8.52351078865592	0	0
Mir-2276	0	0.951704251394096	0	0	0	0	0	0	0	0	0	0	0	0	0	0	0	0	0	0	0	2.43605066972992	1.10660602580349	0	0	0	0	0	0	0	0	1.27134418850794	0.78940532022063	1.73705388436462	0	2.11180087023049	1.97710455401973	0	1.94613051722549	0	0	0	0	0	1.51563629299423	0	0	0	0	0	1.57572685667555	0	1.78657782372909	0	0	0	0	0	0	0	0	1.18351117428896	0	0	0	0	0	0	0	1.64168482374576	0	0	0	0	0	0	0	0	0	0	0
Mir-23-P2	9.8922397847113	11.1203414949494	12.15097248725	10.5468674522436	11.8900843157297	12.4317547045772	12.4015154169374	12.4655894409838	12.4843180188458	12.5082844506105	12.4708892367659	12.606955210703	12.5219268605923	11.504232833608	11.7417126861176	11.6482837075406	11.587116126463	11.8181751728312	11.2891463415223	11.8615783695113	11.4456426061076	9.98421438117641	9.66503275727315	8.80366490001612	10.4991386377856	11.189275848256	11.5368188856946	9.74464723633938	10.0545131568773	9.95427774675784	9.37975149818263	11.3123877095478	11.3002727467109	10.9806227009633	11.2669614073172	12.3545118429772	12.1656926132658	12.2862081417801	12.1017229798564	11.3080476062779	11.3737300726301	11.1957026397272	11.3076913310088	13.4066106904904	13.4887034932067	13.3609444493964	13.5592382497904	12.607452995373	12.6553553600693	12.4751487937933	12.6045119871974	12.9281018279016	12.9313762597967	12.9663679054886	12.8970422064886	11.8244022317973	11.8209312935806	11.8211035364011	11.7829967327284	12.0190053097348	12.053396265957	11.8940475063365	12.1473959630425	12.2645647116306	12.3142413995121	12.2855757260529	12.357164762515	12.8643892309052	12.8623598692897	12.9416553855101	12.9067495703923	12.9483643596836	10.4820417716071	11.4669429651077	0	0	0	8.07345591069506	11.1693043593601	11.6481283825029	12.0782874887033
Mir-23-P3	10.8263225217006	11.8811859649727	12.4996325240852	11.2593541267549	12.4871101026998	11.4822172953232	11.4660290226264	11.4843655782483	11.4976091859394	11.2155557025014	11.1690545858151	11.3886828579275	11.2048863857188	12.771595283157	12.7261453105085	12.6052954998529	12.9279144908384	13.0979192323485	12.4588544716012	12.9796798925072	12.6790278744088	13.548950134153	13.3309427553745	12.4909007235033	13.0017760439294	13.025242888932	13.5870585690146	12.0261415399948	12.4986858204905	11.3121930480466	11.9042472558622	8.40477292597828	8.51534228883649	8.17296986163959	8.38446644761895	9.75066845018022	9.52785301787508	9.82564264889587	9.66420639163066	10.4944623000744	10.5214513525261	10.3028980125198	10.4988749257356	10.563129297237	10.592622151172	10.5569046966007	10.5596120257107	12.4636863327149	12.4307548268668	12.3399362301081	12.354087614894	10.4282917290453	10.4811174255455	10.6378850178343	10.4398320688782	10.7512765012543	10.5938047887164	10.6749433166807	10.6736236428985	11.49737772298	11.5385136684778	11.3629515276051	11.5353318529118	11.5885165431089	11.5521777588723	11.6096742825541	11.567712193039	11.1204815754435	11.1248689341534	11.1577026938629	11.0810163556086	14.2106470505894	0	0	0	0	0	11.0229799582298	13.1792499423624	12.7548027578655	13.8150195323159
Mir-2355	3.60699737490802	5.152336626504	5.08682798773648	4.04268629010933	2.79601709188554	2.73213856770259	4.04522842646424	4.33878101971953	2.67416840857219	3.94046067975073	4.23864125502666	4.03292149520349	4.15814987798092	0	3.60141951941312	0	0	2.47687381622502	0	0	0	7.5947344936407	7.49004552027739	6.25524036120642	5.09101166089713	5.81767523767316	6.49388409211915	7.04344952325299	6.90141159298847	6.84787105767533	6.4555179366053	4.60459030946703	4.981450794217	4.29780026286016	4.97046172991348	4.38776437228855	3.672208705986	4.15770202915441	1.94613051722549	3.75001530842599	3.71031436147027	3.61409524568548	3.10110175432935	2.7655861005038	3.07672945720567	0	1.55391615072	2.4266175817084	2.81142994505069	2.3025982432924	2.31083820596294	1.88541361357369	1.78657782372909	2.67143578140483	3.04515659866357	2.63209050256798	3.50070247396359	3.71319205032341	2.97958245531887	3.4249459071449	2.94494688679439	2.60529408029441	2.93260457456171	2.78926187160716	3.38983163278759	4.03303476592037	3.80240809363414	2.36725402140542	4.01196675060063	0	2.33011731701284	0	0	0	0	0	0	0	0	0	0
Mir-24-P2	7.5464734230369	10.0928817862849	10.4838594477758	5.49920619849841	9.2917065309172	8.40796408650888	9.63559722932903	9.76557129075531	5.95428966356313	9.45841863020069	9.26643751944947	9.81941266837774	9.19688769255798	10.0870442288487	9.88551869358169	9.47829041460319	6.38716965529448	9.85668547798412	9.32279345127802	5.56165472986645	9.79236784960399	12.3052883439111	12.9876159580289	11.5019060136794	12.2807168234036	12.3708812520529	13.4899481235242	8.67460665898242	8.2106444805419	7.8592204815603	9.37975149818263	4.87170928058905	8.32858171648811	7.51121917426708	8.4570592810058	7.80474046083875	4.77785062325408	5.25042779200127	7.56471461910487	8.77118237488044	8.41580451980947	8.67793253069673	4.7325400811117	10.1123258837	9.90745030373231	9.9073654064451	7.92490943662803	10.2197150805035	5.78602650942684	5.10577714292415	11.0427685285491	8.59367544494063	5.14157091307703	8.75037304372063	4.34659979658497	8.21604965869026	9.18139111123348	8.8977332713355	8.26442966285105	8.45226154547131	7.75097560847315	6.17377054624048	9.08675402604025	10.0246490566931	9.60458613837415	7.54973425336327	7.82487102805815	8.82118269388354	5.89824249366598	8.80858885428021	8.80136916407231	7.32075414998835	11.0666679970748	12.0517355690813	0	0	10.014428807869	12.7547994503178	13.9244322653576	12.8543245156491	12.2131872812816
Mir-24-P3	8.9458132736685	9.42151037300006	9.84471603455888	9.81196513134376	10.4975371201704	9.41381985238197	7.3638006327334	7.86878251591973	9.94286800221145	9.35505306644062	9.45240108291155	8.81691710472388	9.48720261804722	7.77293807723339	7.64631786076428	7.83606407028147	10.3152108963168	8.12240062209955	7.41195985463206	10.2644898597596	8.06397861326704	12.0805408265025	10.8112300597663	11.1830455597869	10.2971249626783	12.7543431593418	10.0856433723781	9.25488304920265	10.1051970824785	10.1459719320182	11.0445300169881	8.22897335283725	6.68608956321015	7.2038811036243	3.66978748445024	7.88803483505988	8.61332480340276	8.85374340132585	7.47500835463762	5.3376826872508	6.8050143601809	5.60852320964801	8.73629681852285	5.16194620873828	7.69610961816752	6.05597699330746	9.79085623135583	10.5818691676701	11.3490471586576	11.251349347156	8.57861742532892	7.95943473510643	9.37707598743095	8.08861205862251	9.23048613763966	8.41960849049872	6.29267391390597	7.78665075965289	8.37331658648732	9.99764124534643	10.3182828043823	10.3059846279097	9.8732047375806	6.45484183957115	8.19496982407723	9.6717913405095	9.68392764103067	9.5896933828878	10.105836774409	9.6521167499638	9.42595612916154	7.4464849755513	10.4820417716071	11.4669429651077	10.3664291740457	0	0	13.1016773086582	14.046080553932	12.9918103282285	12.1871975970238
Mir-2467	4.63037410217207	3.49514731278527	3.1063370451116	2.43908959205042	2.44861108198143	4.00465679151571	3.26549896326262	3.64858055929813	3.76124798498218	3.16574472396543	2.85169262068423	2.96916041819176	3.17401704465908	4.67178370620351	4.52657212170707	3.74885174221942	4.87688652548564	5.01611164576992	4.92093956087069	3.34467561469197	0	0	0	0	0	0	0	4.44805278590536	2.45243762834759	4.46899295324142	3.95049331164109	4.64591385842341	4.55944399190653	4.11559606835127	4.43923696059179	2.11180087023049	1.97710455401973	3.4736421774783	2.74562293223415	3.85722056339932	2.81652647077442	3.08687234965292	1.94214918074719	0	1.51563629299423	2.21433246896568	0	2.4266175817084	2.0035662741426	3.43744569719433	1.57572685667555	3.85528626750858	3.43293571958275	3.17886491324099	3.71045956913623	3.71496546777026	1.44353758141309	1.44931003566882	1.4446112134343	3.4249459071449	1.22656673517064	3.10898151970837	1.86945692385663	3.4402346926456	4.17532203413511	3.85292467794796	2.71169103855838	3.75261418074035	2.73876249733365	3.53623955202953	2.81612731370579	0	0	0	0	0	0	0	0	0	0
Mir-26-P1	8.98216374243314	14.772874164517	14.2381927243145	13.5973809527645	5.64523860542257	17.7655875638706	13.3681435072404	17.8033114000219	13.5499856909225	8.66561006958827	12.3536542620868	16.8021854845468	16.6757815995686	17.1349162203178	16.9094949391785	17.0870225905173	17.107414617059	17.8491942756974	16.7298052678659	11.2234242809179	17.2506870519481	11.7471956802423	10.4273001177603	14.0351799285713	12.7818773632321	14.0557312019749	15.0902308311548	7.64634782353461	14.6275056359331	13.9926337522574	8.61260021486909	16.7780962210052	16.7525269067261	16.5157900359205	16.7826160213158	12.6234373560204	12.4471549663133	17.3539046791803	8.28549553930807	10.8593454685241	18.5281293349168	18.2819271643226	18.4179867108866	13.1096079464673	9.75747470499458	17.3733216855466	9.3519904828311	17.8219704026147	17.7743132911339	12.7460513666375	12.9576695574345	18.3880439627416	10.8249326500926	18.3597537001413	18.2567172219191	16.3486326594904	12.7165730878329	12.4337300157595	16.3995282369425	16.9227026109489	16.8302786135831	16.7099780822389	11.1392511385492	5.95648701800058	17.4714042393073	17.4460590261875	17.548999577313	18.2094903760058	13.6301413741597	18.1671916877407	13.4656840372017	6.18036836339408	0	0	11.3658826356551	0	9.01582299546751	10.5925867347552	13.7397388939553	13.3049336544804	12.2884599592294
Mir-26-P2	9.58073535016679	11.0710784368291	10.9770114358409	10.2257134306685	11.0939869417201	13.7361262473463	13.6623630790033	13.8068592921487	13.7065020151755	14.3252190063356	14.3000219724658	14.414737270506	14.3300906795578	12.2149553610188	12.0600665911284	12.1471714233851	12.1655589071758	13.0479662832658	11.8936852412638	12.515096631716	12.5600898153525	14.1043236237049	14.230569007355	12.8678587389105	12.644419425575	13.7117446677203	13.9402704097325	11.5094362085036	11.9731057619832	10.2697501825542	10.2475269339397	13.0410318245723	13.0952010640232	12.763217416117	13.004930282703	14.4877608457689	14.2829844482232	14.4483173741181	14.2491560876345	14.2168846989704	14.2145007253751	14.1011372373617	14.101318640286	14.0280525667365	14.0353162419237	13.9524198619023	14.0635807209686	14.4079418779236	14.3793848387375	14.3111186894524	14.3194899721322	13.79758094315	13.7556178226363	13.7923344007116	13.6435961932004	13.6800963636376	13.6353323043606	13.6741709550364	13.6529314160349	13.5518580957192	13.5311443119289	13.4503641550619	13.5104046265493	13.7512884570968	13.7059484431705	13.7469420084038	13.655846022558	13.7606620840638	13.6926936671374	13.8067498393032	13.7146725717531	9.46114744313316	9.48305012733213	0	0	8.0562500135055	0	8.87851367369686	11.0150469382368	13.6477912112698	12.0782874887033
Mir-26-P4	13.180358734061	8.73168179533686	7.75936510046423	9.69750867456568	15.1342474005785	13.3912666195859	17.7801600327726	13.5008433283333	17.8319493100946	16.6802230254062	16.5864346874853	9.95342030970023	12.5455533326563	12.9510794058408	11.1495697882613	11.1890358231442	12.84815457808	13.4068806086381	10.8952878840987	17.3485954435256	9.52526533936754	15.1888385519198	15.4496377785169	10.4500521374002	12.1136673745331	12.7811270330623	13.0120655007989	14.4416376253126	10.1569897847966	7.53665578049026	12.6486628216293	9.66883465059214	12.4742724377371	9.09552291942363	8.36949903468616	17.2917199726044	17.1248125716196	12.6551883297571	17.1920048489985	18.5008997729324	14.2174793721673	14.2236387132598	14.3035470151889	17.4470605403741	17.579010321896	13.1264593441598	17.6189496051935	13.2105196870083	13.0026376235654	17.6963352562881	17.7271896645625	11.1119552714413	18.3293414843448	13.6100817427635	13.5726399371778	12.7415500396846	16.3436046299959	16.4081839658062	12.7852575176056	10.2899232693225	13.3095069280281	13.0557605277659	16.9607766168761	17.5472931372599	13.1537307510003	13.2818175608559	10.5734524481995	8.86688670557469	18.083571773573	13.7525932543801	18.1589093918308	10.9188043236864	0	10.4674525353375	10.3664291740457	9.0535374503772	0	11.0229799582298	13.6339140093045	13.6752698268688	11.9908454983425
Mir-27-P2	13.9498756679793	15.5073907574988	15.2873162974307	14.7626574604286	16.2285610031411	16.0028600298019	15.9358420683507	16.0817464574404	16.0071981764815	16.6459919525482	16.623804111228	16.7433538525798	16.6693860523825	17.6995679308506	17.9666530868136	17.8549875180681	18.0554622576468	18.501059715176	17.859268534313	18.2866080840092	18.0823069545341	11.9816442681884	12.6399459504386	10.4456025594106	10.4384362357651	12.6516935114159	12.2371520610582	15.2539853861345	15.9236735998704	14.7563400607794	13.1738505129285	15.4720039137615	15.5263527697181	15.18845417605	15.4397184749334	16.7764207012118	16.6121484218626	16.8122000357902	16.6017725789449	16.2844201015116	16.2970896735535	16.1650646225109	16.1950055658723	16.8466671307064	16.8626563448201	16.8067531576575	16.8911136408629	15.7340355516045	15.693986615688	15.631076564826	15.6305441722904	17.0649147972251	16.9866620248373	17.1162994317236	16.9794486719734	16.0426572717891	16.0492535220101	16.0323049106281	16.0681912904877	16.8383436346094	16.8524563123051	16.774157671759	16.8920790607859	16.2039074724182	16.1922149775246	16.2369199081569	16.2195323576745	16.3133649905865	16.2369062321827	16.347921811011	16.3129573202422	9.00829831370122	11.8033645145919	12.7885652314425	9.36752163008088	11.8585632520829	9.01582299546751	13.6755307529578	15.3866164925209	14.1371437163799	11.6913670132172
Mir-27-P3	11.7323977469627	13.0148380476705	12.8258028129446	12.3152314236726	13.3593581253303	12.2773767981661	12.1479691528502	12.4512906664352	12.3264582568592	11.9536327263981	12.0699584793345	12.0412320797144	11.9776531505675	13.2546605380516	12.9690813167519	13.3114787114632	13.291303855895	14.0137400476566	13.1328790755419	13.555204284081	13.7449401465633	13.9705143945189	13.9437407249133	12.6670226647858	11.9384382345518	13.7512176214702	13.5968447519348	13.5200686619141	14.1869351884644	11.92469657976	12.3660482357169	9.03572420176696	9.10949101600569	9.01321588253483	9.23979088802474	10.1386063676586	10.4164966626717	10.2295251295458	10.0609257812068	11.3619492784379	11.3981693761639	11.282383195959	11.4162214425152	12.1332452291295	12.0836413061362	11.9252700844983	12.0409815240325	13.6113789494282	13.5285596311368	13.4562106386057	13.5137246286208	11.220203364969	11.1714322086671	11.3021793947807	11.1010915180298	11.469803005026	11.5166545378233	11.4420903573711	11.4718805449239	13.0994957159783	13.1105294747523	13.0115803549013	13.1377096371698	12.4462238304002	12.5326739560818	12.540860948406	12.5674745352991	11.9463079326725	11.9270494144601	12.0005000442083	12.0685569212296	8.38340388701743	10.4820417716071	10.4674525353375	0	9.0535374503772	0	13.8947333827408	15.617645723504	12.2694594224799	11.5352976660818
Mir-28-P1	11.2662181276384	11.4520353008855	10.9346246404418	10.918907876987	11.0277447481629	13.4379974162835	13.3584705813787	13.5118135033057	13.4526768049578	12.6832412995866	12.6117419140951	12.7660854342801	12.6336398155899	13.999823996263	13.1681003903117	13.4312470803158	13.5767163590956	14.0959819537875	13.378537128929	13.9146195246469	14.1336189450681	12.9412765864426	12.8826829971613	11.9761264726532	11.383153559859	10.6173985664558	11.0991727437928	11.7688252733912	11.8438814682085	12.9171673231206	11.1026060095931	9.95231107928679	10.0957546030424	9.81002806415159	10.0278884266452	13.6346730627405	13.4386542401449	13.6288366351643	13.365736331795	12.8122630481912	12.8232714505842	12.6990253024625	12.7395329223294	11.08109971225	11.1181641334018	10.9851529401156	11.114958802722	10.848175728567	10.7991662703109	10.7281917411073	10.7360017917595	12.6716733670785	12.6233410289735	12.7954364471642	12.6311156424714	12.7568030495117	12.741062800111	12.7909165111819	12.7618422779733	12.9217938928589	12.8608006596166	12.8056687855458	12.9205739664433	13.2305017810318	13.1760730347517	13.1878083434886	13.1721587974305	13.3110184599441	13.2052065988533	13.4001176439028	13.3449205860098	0	0	0	0	0	0	9.52947527817479	9.96848463933276	0	0
Mir-28-P2	12.9072820820341	13.0184158917673	12.8874891622633	12.9820409940609	12.8997484314755	13.3306406021875	13.3027255501844	13.4032986959641	13.3197503940571	13.3165766590586	13.283375043455	13.4045020926992	13.3308351307837	13.9537046209085	13.5739400207432	13.692315174346	13.7357400385648	14.0890421935233	13.4799394394799	14.1342776898735	13.9357541273161	15.0072140681283	15.0360851860929	13.8669305258132	13.3963112000125	13.062991033532	13.4911595187199	13.9675923266876	14.2934617051697	14.3780571730795	13.2421884539817	13.9736920446961	14.0211413479443	13.6809068418818	13.9215448834575	13.4909494684012	13.2605650618489	13.4379063484739	13.2236373288679	13.8653030720659	13.9229282339469	13.7498546182713	13.7934788363528	13.0001541231703	13.0302811554566	12.8933348393394	13.0533512371574	12.4745433140392	12.495101756892	12.3705321073836	12.411342705923	13.4210094920363	13.4269920434768	13.4648231409441	13.3143174730077	12.6021313159508	12.5882775022212	12.6106297653845	12.6119669796202	12.5649569189182	12.5881041046319	12.4790442850167	12.5773627481034	12.9477186711213	12.9103477553091	12.8829726672627	12.8670177384094	13.0910587900601	12.9604648262961	13.0868977881534	13.0400329137652	0	0	0	0	0	0	11.2781245805806	11.7187928959077	0	0
Mir-28-P3	0	0.951704251394096	3.77468739805016	2.43908959205042	3.84566158128707	3.82479460923886	3.88618546997876	4.03456796771767	5.05728743532036	4.27352391463362	3.90607787118616	5.10014377778198	4.15814987798092	10.2907102773497	9.66291821640116	10.0008796043688	9.73219857841699	10.1513265929257	9.97933489096556	10.6219590720686	10.1609712808569	2.43605066972992	0	0	3.68311196980032	3.41076658010507	0	8.55986118092961	7.78264879029372	6.15962160344067	8.02947940320084	8.04813574277592	8.07945223378672	7.83985426744321	7.94989023401602	2.93444289319457	3.672208705986	0	0	10.0451011376962	10.0509740898697	9.88502783887305	10.0606809241154	8.19448856140209	8.46106222083792	8.49755698501721	8.2341000766435	3.11412555884283	1.00237849534382	1.98188588144377	1.98960573221573	5.77851785590262	4.92597417244835	5.90873887347239	5.55287774131682	6.39553895387679	6.22794127650149	5.72582911437157	6.29434978966632	6.19683525885484	6.525543043375	6.38601375218294	6.28474642600887	5.86187304523053	5.65265869599319	5.82574501367319	5.95558704334447	5.93814297830807	5.59369619999211	5.75508797905067	5.50185585005509	0	0	0	0	0	0	7.66020256532945	10.0157439018403	0	0
Mir-29-P1b-v1	8.25636317058229	6.48775695098633	3.1063370451116	2.93253199321258	3.0757901928795	1.52680305375237	2.98059768693628	9.88777207404394	9.97408752597619	3.60449170163266	4.35280876632226	7.79537264002029	5.61921879090382	0	3.54634759465676	0	0	1.64672458428398	4.48872031807419	3.86000089558457	0	0.263667248600585	4.36510028939465	5.1482129322318	4.04620867274275	8.09059092647202	3.9030013928442	5.64652561216429	4.54640101084903	7.95248899361495	6.67556004510934	8.1010964858795	6.1919539560895	2.34587615300547	1.25072685083557	5.09689642485397	7.37045375271973	4.40720119599839	3.25703906497248	5.09642889918906	7.34154518433937	6.41508036686588	2.26013680830463	8.17531844558343	5.5692852955088	8.18206207783531	8.92193806995191	5.17034642368068	1.00237849534382	8.42707779055645	2.57340867796331	3.18329037307815	5.14157091307703	5.54381584337453	4.78656107804453	2.15903414483269	7.58425259308039	3.50901743874995	5.46098382880095	5.50863543522806	5.10862315144175	6.51193456261504	4.55818041295031	4.62357664567496	8.0579585310515	6.83741513409937	5.17614880772738	6.62571122018855	4.87651088002064	6.34999162521505	7.83673286801155	11.5778400596042	0	0	0	0	0	0	0	0	0
Mir-29-P1b-v2	4.15194254027787	7.20615978779681	2.60279459058997	8.00861717363924	6.81342947576	9.95770295446324	7.43736320259313	6.65852577791367	5.82327309691477	4.08303628748327	7.51483380445811	6.07895855301678	6.31561195802359	0	0	0	0	1.90309195971402	0	5.20019888898017	0	4.26663000426436	6.31161489979129	5.31361055549875	0	8.67485145884616	5.65522501452494	9.06758398669522	5.71270897434476	5.84272996867666	9.73835533574904	7.25061498006079	5.28076401457894	6.21929295475351	8.02822111647165	5.09689642485397	4.43022837992987	7.40498335067743	4.39051452010763	5.78055779217227	5.33235618415665	5.03827010897004	5.78169435627667	5.83463554388374	6.30539530560863	6.60700031040996	5.38054740375993	2.69385341860028	3.00415979702884	2.97884462579301	5.19595441306468	4.31194758102156	4.92597417244835	3.85065663042808	8.0475336421756	6.76089800271369	2.97810026304091	8.18868808025391	5.3435348974769	3.89864748300545	4.92988930383375	5.79870946560889	5.82611502049025	6.77347687870511	5.53956936687306	5.87380649487324	5.6178778737348	4.14064170511135	7.08010065021194	1.64168482374576	5.21940713494892	0	0	0	0	0	0	0	5.102760991841	0	0
Mir-29-P1d-v1	8.91271444556716	1.92693624548686	6.31572268328873	8.15011089849107	2.44861108198143	4.67010721853814	9.7381344195953	5.23060660176105	6.92141000773234	5.72330568019546	4.64941785495839	4.10627789472385	5.21393189379909	0	0	0	0	3.15638976365525	0	0	0	7.12685247702204	3.89147901811609	4.74667294134641	7.64909628002813	2.38277016299004	7.57792396361136	3.51267972586876	4.79910842918395	0	9.31571959597679	4.22290466825575	5.55110987374032	5.28243912537152	5.17712555503954	7.16851281320198	4.61448436515358	3.85584163118431	7.40386736196285	7.13005657905669	5.40275819879538	2.24739919023902	7.03144085640626	6.91733232412756	8.72468279263916	6.43555686594374	3.65727227883781	4.88000198802258	4.86257043221479	3.88431377176509	8.26693986877961	8.45654531254239	5.41444834368051	8.56844765422921	5.31070101353966	7.90788133202174	5.56792517871853	4.55459283115815	7.90895308999763	7.31854954222124	2.3277687582711	4.32692071716465	6.61278267589684	6.16898537895919	5.94683173446309	7.9702333405669	8.07303314309153	7.66348479358174	6.14957158728519	6.23286229996941	3.46873395991548	11.7234789363544	0	0	0	0	0	0	6.08161444745164	0	0
Mir-29-P1d-v2	4.45754764087458	3.99516771968323	7.28332884280594	5.35074285934018	3.51148159801617	6.78299866235702	5.46212001811134	7.08369213848151	3.55648016717492	7.79880279984832	6.53484598083205	4.82391315978326	7.31382271924379	0	0	0.345412135432516	4.44609346274455	4.96076796984354	0	0	5.46435666608466	5.64757332873743	4.44366785751587	5.38970254434242	5.84209602842581	6.765443040017	6.51097150674801	3.98882514971362	9.6307986393779	8.52726351341791	4.90306399973185	5.73641424958044	8.3351042559798	8.17588313778961	7.28731013538259	3.83685525174689	4.61448436515358	4.61984724741147	3.93234288145897	5.00612804707863	5.46988392796377	7.0566506616767	4.56938259146893	6.45949114258653	6.49575838765107	5.42181847815007	6.10359355775385	8.32896680254682	8.43100403613192	3.14843131385487	5.50998929344004	6.83507403152467	8.24004975027794	3.55351504184089	5.01950470476753	5.52544401376512	7.13246839252844	6.36363346811647	4.74569015069088	0	7.37357524219808	5.19361749416904	4.38575029963376	7.9037693557682	6.36710097906466	2.27579629039564	4.84571346865752	6.03283945270041	7.69481591815122	7.51842352565811	7.14970834402662	11.6698366757748	0	0	0	0	0	0	6.08161444745164	0	0
Mir-29-P2b	13.4100669433685	13.6124420018567	13.9836343040149	13.3463668427354	13.175508630334	13.4215164103531	13.3639048409379	13.4693819239419	13.4685205181222	11.4605582857376	11.4323092307457	11.5592115713619	11.4925416300864	9.74565043737842	10.0013852262176	9.88266044470645	10.2984905531965	10.9205600916748	10.1306674546376	10.5937355928879	10.4774909757684	11.6442174265137	11.7190421659916	11.2303743708592	11.0086811276265	12.3500648322417	11.1828533002383	13.068562912271	13.6183546393224	13.2544373330005	13.5441410192743	11.5434955171133	11.588955398147	11.2444403527675	11.519359308703	12.010983563215	11.8482167754354	12.004423136159	11.7833847320535	12.3361297469494	12.4770240267869	12.2276047173942	12.3671087288371	12.7041655742789	12.7893627048317	12.6673451555453	12.8707409958702	11.1554886459196	11.1827933566876	10.9021054824885	11.1121896219844	12.0191271288705	12.1220091662335	12.1379381548675	12.0767364909344	12.0492964100397	11.9927158663298	11.9963418367137	12.0458454064081	12.3145043056857	12.3396120608469	12.2038011545442	12.4217268746785	11.8966197722656	11.9748191246875	11.8717444418888	12.0397502578598	12.0673026586608	12.0614577374572	12.0554324090366	12.1634623858724	14.7758472080115	0	0	0	8.0562500135055	0	12.0226332620021	11.8154411728686	0	0
Mir-29-P2d	8.49308725020506	8.80281511612977	9.03255835157708	9.07843178214887	8.89668456659247	11.2982926818765	11.2088849509811	11.2774705661271	11.2806609440311	10.001206119126	9.89781547417255	10.1363773751184	10.0227984808621	7.03448000988373	7.46146158381641	7.52676064156265	8.06446187088079	8.75221956485039	7.97173483459997	8.26084233369573	8.35118145158183	9.34363705662919	9.78116146281467	10.1110658707013	9.07828649794818	10.3422193602575	8.91630858635843	8.86154671268391	9.6307986393779	6.3209564588123	8.98615303097984	9.45734661576213	9.4576699147229	9.11690303797602	9.33993551277607	9.6348671039392	9.33138206412757	9.59993989860235	9.37903456425092	9.07866951805336	9.11919964174641	8.79516900502603	8.94208278521675	10.0346757276267	10.0176459847485	10.0102609776714	10.2094238881966	7.87060364780729	7.94724829139782	7.88878755293356	8.03057119914768	10.9326403549256	10.7854263781222	10.9975494695645	10.7982584628197	11.2202068349409	11.2154480842479	11.1789801659279	11.2285777443868	10.320072455843	10.3045897860282	10.2209452759264	10.4846276368106	9.32541568765493	9.45278893363137	9.20663967138524	9.43673448013865	9.49722787411601	9.39752576084491	9.44389349039859	9.56288480970847	12.8701473297201	0	0	0	0	0	0	0	0	0
Mir-296	4.45754764087458	3.37038209399548	5.37840669094825	4.53075560603652	5.0095407339748	4.16456064040259	4.54860157787632	4.19467814570011	4.60437166065597	3.60449170163266	3.13308418392191	4.10627789472385	4.02224094698784	3.45266378752638	0	0	4.19944175808403	2.01599670843097	0	0	0	2.6354500309177	1.72542237294981	0	2.22526594802343	2.68252026542983	2.67108583026443	5.51189927367559	5.44285434665835	5.84272996867666	5.47186378191715	3.44586513758152	3.96044106366125	2.64396213736446	3.21376359985171	0	3.672208705986	3.85584163118431	0	2.62979231703988	2.00802828865477	3.2378064250249	3.10110175432935	4.04153318780264	4.29222889830703	4.72708593018051	4.70982537353549	1.6727228292708	2.58892448391718	2.56482159090694	0.993078815701568	3.55806594216254	3.72789631992849	4.09692690900012	1.7732032383926	2.15903414483269	3.26293655560256	2.63048064510923	3.70633851331011	3.4249459071449	3.17641317022502	2.26719612330756	3.16379661774887	2.78926187160716	3.38983163278759	2.75787084821199	1.51111217476574	1.62283230801153	2.73876249733365	2.38973209243396	3.70988470491148	0	0	0	0	0	0	0	0	0	0
Mir-30-P1a	10.1303992060604	11.7433276424681	12.1225223604091	10.5847548554192	12.5402753547051	15.949469954565	15.8723147784117	16.0255718146948	15.9367686768476	16.2411498797171	16.2132691206146	16.3344196145959	16.2558076740731	13.8795330251672	13.8016340807809	13.6078080652691	13.8247696799188	14.577818896314	13.7156128961378	14.2287089506375	13.9650369584693	14.5698110941526	13.8804926804689	14.1996144427326	14.9886711516501	13.3944981323719	13.8109621194539	13.3341070979806	12.8749507596585	15.3118610642528	11.054373156475	13.7239020815472	13.7865240973531	13.4433286931744	13.7097752629822	15.4330902790819	15.2697088501628	15.4689049530036	15.2449906576461	13.672471124902	13.6828979952805	13.5346745447639	13.5975296407352	14.7539211203404	14.7451547818741	14.7037562929577	14.8022408566403	15.9042182336236	15.8613244207385	15.7924560687891	15.8006819423315	14.6500457537995	14.5571114707511	14.6936874582358	14.5909331357254	14.5100042082867	14.5379778329117	14.4910526409062	14.5146347666404	13.6957190726609	13.6992944939397	13.6071800013074	13.7539281169726	14.1551214868553	14.1315664579257	14.1754990692302	14.170344295731	14.3716559682792	14.2742493136814	14.4013237595476	14.3731999648234	6.98819136981427	9.48305012733213	10.4674525353375	0	0	0	10.2392092856838	12.0491784706607	10.2703357946205	11.3129862550917
Mir-30-P1b	10.8406919449693	11.7644002505238	10.2869700231509	11.3970407795	11.4640208263906	16.6635198633099	16.5683004101967	16.7325164617347	16.6158529733284	16.2479063954548	16.2131215126409	16.3447877350385	16.2437275361738	12.8320461537012	13.7517987716256	13.4273908529761	13.3546806400708	13.9203053672551	13.7319204518507	14.1264534868656	14.4622568388698	10.9311244859043	10.1786625603295	10.6890205166397	11.6473108837452	10.6388075090259	8.45559130758825	14.7754444537931	14.9179751023742	11.2034129509143	11.983661559421	14.7805012751393	14.8159537281831	14.4964129849942	14.7426929132391	15.5826937914586	15.4307115273785	15.6186413876697	15.3746732638519	14.1960542991716	14.222202033587	14.0784978308565	14.0927372068898	16.973854718847	16.9816759658347	16.9123185269793	17.0022700409491	15.874994626453	15.8108997963415	15.7473900151888	15.757098056446	16.158589747075	16.0683354831228	16.1781704881931	16.0555743669064	15.223370047368	15.1959657014133	15.2266045012811	15.213049203913	15.4829068611511	15.4710661250788	15.3983413039551	15.4923580749854	15.091757286387	15.040207014256	15.0973557005923	15.0603046067496	15.240188533104	15.1576478952513	15.3089841036502	15.2309474212972	7.76465993868458	0	10.4674525353375	0	9.63759462883137	0	11.5921195071144	12.5839502810298	12.9016239458435	11.0500652561012
Mir-30-P1d	10.3656609019434	11.08789346893	10.5241893937282	10.6985608000349	10.1102505569287	14.731690265519	14.6817359438739	14.8005990161798	14.7244410133336	14.9861184207312	14.9809690063882	15.070195687294	15.0168866701767	13.9957746655848	14.1392698635786	14.1928154077386	14.2986078280375	14.6125658034764	14.2772066081615	14.4349553341603	14.1946527391431	13.9711990671416	12.9220215846471	13.4972395048115	14.3286334929373	13.1951255028135	13.5642184545606	13.354741927456	13.1215359989801	11.4333374725681	10.7617440359385	12.7343728143573	12.8170141766919	12.4663937910482	12.7073555293335	15.2567630784989	15.0963385481503	15.2611638735918	15.0743678308127	13.3759765658649	13.4249823481041	13.2452455726219	13.3202876911294	13.0883073830368	13.1279016460364	13.0280255677616	13.1499371477715	13.0563671740787	13.0622366380116	12.9644846351397	12.9990996027175	13.8705113162638	13.8341930853972	13.8631999192459	13.8143565060839	13.7348575270045	13.7887273606582	13.7500749640967	13.7715416935805	12.7359593787338	12.7220424258026	12.6411384444312	12.7454156860398	13.8217120791715	13.858145465775	13.8404228435933	13.8464074045273	13.5131728488034	13.4560272155043	13.4874061735928	13.4929103241504	10.3426777034008	0	0	0	0	0	10.5284988650733	11.0381194857204	12.4069363811861	10.3135532001825
Mir-30-P2a	7.4914924091161	8.38985884705803	8.3919955231505	8.38774186398373	9.47763319606263	13.8186598909391	13.788252176978	13.9088904645439	13.8490916971271	14.245135936366	14.266785660824	14.3513813981574	14.2857936110506	10.7700028958795	10.5814980228475	10.6448383258525	10.6702754067188	11.4550761891587	10.492852564758	11.049688129473	10.7026322845812	9.45293612562119	9.44634786635466	7.40090982743768	7.38221012397209	11.0891463779733	10.4110086141851	10.7954386760673	10.567464668103	11.6645584921831	8.02947940320084	11.1985275866497	11.2037807577776	10.9001122949444	11.1825606975871	12.6520169191288	12.521104690496	12.5967435146053	12.4707618055471	11.7140563942388	11.7908210776041	11.5613348429754	11.6772489164676	12.6898834994353	12.7361027047086	12.6511055018099	12.80668721764	13.7335646354954	13.6889534283314	13.5876306011116	13.6786318534425	12.6293514103591	12.6614848064856	12.7313648742568	12.557213858278	12.811042401666	12.8350648405942	12.7792420903502	12.8152089505744	11.6507190233904	11.6605878276846	11.5785847954654	11.6718526797514	11.5009675637163	11.5594479233679	11.5443549179913	11.5011230494292	11.5122595520176	11.3569133093809	11.5675518881838	11.4813928283026	7.61897876897994	0	0	0	8.0562500135055	0	7.07880176675778	9.96848463933276	0	0
Mir-30-P2b	4.2611635197368	9.950318480683	9.8644850242977	10.2547290939997	10.0160637898367	8.47051908928313	13.5776610480352	11.3419644295862	7.43668341327663	11.6152426577016	11.7047618544669	7.86042579374868	15.007777886404	10.9681848847005	8.69745226057213	6.83383633244338	7.9520677206256	9.26037592935493	10.9484581467593	9.32180172307268	11.3264672863601	9.55799296599069	8.60190904563255	3.79943454523419	9.47758227674873	8.94013016891573	10.4502930536176	13.0497028074535	12.9034487604415	5.23471454477968	6.67556004510934	12.9428992749964	13.0451082780093	10.1626222501142	6.9191769550152	11.0389320513028	11.0844488740391	14.0135963060064	13.5633281570065	6.82133225746532	5.25834158038865	12.491199624627	5.44763380630898	13.0473772776902	12.4724027591664	13.6310528185232	13.1295104339536	12.2631522133584	11.9856055082334	11.8781784359566	8.91984343489177	12.7729013165169	11.0416330591942	12.4785909439558	12.4817628277427	13.4282791635477	13.2405986507403	10.6901364731608	13.1898245916932	7.90887336657689	11.9004703346638	10.7200124666615	10.8435548011763	12.0909877234568	11.9645873342401	9.8802705606622	11.7226547301108	8.94201769945777	8.50106791588633	12.0027379705152	9.88212364413894	10.4173609450708	0	0	0	8.0562500135055	0	8.39431245318683	9.86905181905912	8.95015884855972	11.0500652561012
Mir-30-P2d	9.67257405837386	3.49514731278527	7.56041695962529	5.7569146349907	7.49858935102248	13.6139285620169	7.83588190556216	13.4160490217298	13.629752829735	15.0121830944674	14.9756883846676	15.2191441272551	11.6514299843491	9.36191060097661	10.6422617659018	11.3828568698409	10.9842060617837	11.209745930503	8.4473433624663	11.3687463903522	9.45572796605225	7.09968962958356	8.61044908769712	8.49465533287457	9.11806679144455	12.0846208537062	12.0238193136573	5.7297678239636	4.91059396155863	10.5489732387793	10.5964213778551	10.6330514791297	10.7172616759239	12.7394144871356	13.1828444339564	13.7790701144108	13.6505222115967	8.28079777434744	10.8971410554888	12.6416343106017	12.7048330838045	7.07681907098081	12.5754196914603	12.1213994401077	12.8588940477173	4.82298550392597	12.1894993767759	8.29419108966574	10.0882280296595	10.159453313261	12.1393626672406	9.24622367687761	12.320943637247	11.0514797657073	10.5392984970017	8.06551916633778	10.5514453126612	13.1693269453948	10.715592391617	11.8596054131586	5.10862315144175	10.8987559437313	10.9891097546792	4.22791666466431	6.49393683843213	11.7271614699836	9.83478127097707	11.7132929314675	11.7442354224751	4.60426718462528	11.594718762792	10.5771169475147	0	0	0	0	0	6.08943441674269	9.64691649884006	7.95307271475572	11.161046166549
Mir-3059	0	0	0	0	0	0	0	1.5476966437991	0	0	0.829694090990264	0	0	0	0	0	0	0	0	0	0	0	0	0	0	0	0	0	1.69452393572146	0	0	4.83644636341304	5.10871875426985	4.73708699179607	5.00186024934543	0	0	0	0	0	0	0	0	0	0	0	0	0	0	0.987949226811437	0.993078815701568	0	0	0	0	0	0	0	0	0	0	0	0	0	1.53425327332603	0	0	0	0	0	0	0	0	0	0	0	0	0	0	0	0
Mir-3085	0	0	4.57505802705688	0	3.0757901928795	0	0	0	0	0	0	0	0	0	0	0	0	0	0	0	0	0	0	0	0	0	0	0	0	0	0	1.93648805423278	1.67133216927205	1.96972027651603	2.36144229461087	0	0	0	0	0	0	0	0	0	0	0	1.55391615072	0	0	0	0	0	0	0	0	0	1.44353758141309	0	0	0	0	0	0	0	0	1.54662249830223	0	1.62283230801153	0	0	0	0	0	0	0	0	0	0	0	0	0
Mir-31	12.2535863942386	12.99036989115	15.1250077523445	12.4196648037978	13.9093026421492	3.61927174916568	3.50331011607601	3.64858055929813	1.48245369299614	2.71847602260998	2.0388694335583	2.39759829554767	3.17401704465908	8.50675702364973	9.18988111785602	6.48749522997315	7.6591000500544	7.91965142711577	9.14259082486039	9.70846786519132	6.74078994521407	0	0	0	0	0	0	15.6754529833608	16.0200548705789	12.9273858488433	15.1526972794885	8.08240432757529	8.23751332781836	7.81016157898344	8.09889184527773	5.23056251735253	4.21894606829712	4.15770202915441	5.45289000933053	5.37424234218083	5.18032348786729	5.43188815802396	4.92482961212047	9.15335878523581	9.15464146115307	8.92786437161836	9.11060656737534	8.01793618963731	7.91762272208285	7.76380994055774	7.83167493758974	6.72913050616816	6.17090078277926	6.56964304995988	5.99709211055752	11.3007126839611	11.3093671682842	11.262663713091	11.3333779678061	8.32658407475668	8.4977935532969	8.34508872730311	8.48363960326908	10.936707519868	10.8811189085907	10.9885708948946	10.955917580317	11.461027328437	11.3969329170767	11.5078799209186	11.4443325297627	0	0	0	0	0	0	8.07345591069506	8.38639926224633	0	6.42244728169308
Mir-3126	1.26188337846119	1.52020208391082	2.60279459058997	0	1.99008428092361	0	0	0	0	0	0	0	0	0	2.78864055733425	0	0	0	2.54691129152668	3.67533705986399	0	0	0	0	0	0	0	0	0	3.00876697253339	0	0	0	0	0	0	0	0	0	0	1.00535715333026	0.95387252234241	1.5336553038736	0	0	0	0	1.06631564158912	0	0.987949226811437	0	0	0	0	0	0	1.44353758141309	0	0	0	0	1.18351117428896	0	1.57090978297909	2.74182383123227	0	0	0	0	0	0	0	0	0	0	0	0	0	0	0	0
Mir-3127	0	0.951704251394096	0	1.6832459638687	0	2.73213856770259	0	0	1.48245369299614	0.845908281885073	2.28881398316065	2.39759829554767	1.38134581200857	3.59650879498511	0	4.19478744194526	0	2.62663034532242	3.47883624660132	0	3.85643994365037	3.32534215267601	1.72542237294981	0	1.60511787037442	1.14038079833273	2.67108583026443	2.79714131501984	0	1.26888496964859	0	1.93648805423278	0.78940532022063	1.45951188267731	1.61796570082883	2.11180087023049	0	0	0	1.02706470079385	1.00535715333026	0.95387252234241	0.961691675863634	0	0	1.49586600862742	1.55391615072	0	0	0.987949226811437	0	0	0	3.17886491324099	1.7732032383926	2.15903414483269	0	0	0	2.37138090759824	1.22656673517064	2.26719612330756	2.31641372235756	0	0	1.54662249830223	1.51111217476574	1.62283230801153	0	2.38973209243396	1.59179007653147	0	0	0	0	0	0	0	0	0	0
Mir-3136	1.26188337846119	0	0	0	0	1.52680305375237	0	0	0	0	0	0.890524894614324	0.850044378990743	0	0	0	4.47812369914161	0	0	0	0	1.92879515284927	2.98555648442163	0	0	0	1.0522884103283	0	0	0	0	0	0.78940532022063	1.11554513343675	0	0	0	0	0	0	0	0	0	0	0	0	0	0	1.00237849534382	0	0	1.88541361357369	0	1.88178770628316	0	1.45052704271402	0	0	0	0	1.22656673517064	0	0	0	0	0	0	0	0	0	0	0	0	0	0	0	0	0	0	0	0
Mir-3138	0	0.951704251394096	0	1.6832459638687	0	0	0	0	1.48245369299614	0	0	0.890524894614324	0.850044378990743	0	0	0	0	0	0	0	0	0	3.50848716943331	2.40810955078785	0	3.04025280791359	2.89586493667408	1.31478616941387	2.45243762834759	1.26888496964859	0	0	0.78940532022063	0	0	2.11180087023049	0	0	0	0	1.00535715333026	0	0	0	0	0	0	0	0	0.987949226811437	0	0	0	0	0	0	0	0	0	1.25788798244504	1.22656673517064	0	0	0	0	0	0	0	0	0	0	0	0	0	0	0	0	0	0	0	0
Mir-3140	0	0	0	0	0	0	0	0	1.48245369299614	0.845908281885073	0	0	0	0	0	0	0	0	0	0	0	0	1.10660602580349	0	1.39712653759989	1.14038079833273	1.0522884103283	1.31478616941387	0	1.26888496964859	0	0	0	0	0	0	0	0	0	0	0	0	0	0	0	0	0	0	1.00237849534382	0	0	0	0	0	0	2.15903414483269	0	0	0	0	0	0	1.21845573574718	1.57090978297909	0	1.54662249830223	0	0	0	0	0	0	0	0	0	0	0	0	0	0	0
Mir-3144-v1	0	0	0	0	0	0	0	0	0	0	0	0	0	0	0	0	0	0	0	0	0	0	0	0	0	0	0	0	0	0	0	0	0	0.663011481921439	0	0	0	0	0	0	0	0	0	0	0	0	0	0	0	0	0.993078815701568	0	0	0	0	0	0	0	0	1.25788798244504	0	1.18351117428896	0	0	0	0	0	0	0	0	1.59179007653147	0	0	0	0	0	0	0	0	0	0
Mir-3144-v2	0	0	0	0	0	0	0	0	0	0	0	0	0	0	0	0	0	0	0	0	0	0	0	0	0	0	0	0	0	0	0	0	0	0	0	0	0	0	0	0	0	0	0	0	0	0	0	0	1.58813295724365	0	0.993078815701568	0	0	0	1.7732032383926	0	0	0	0	0	0	0	0	0	0	0	0	0	0	0	0	0	0	0	0	0	0	0	0	0	0
Mir-3145	0	0.951704251394096	0	0	0	1.52680305375237	0	0	0	2.88345813314193	2.68732035761046	2.61426293196027	2.89150687066651	3.17557921605008	0	0	0	0	0	0	0	0	0	0	0	0	0	1.31478616941387	1.69452393572146	1.26888496964859	0	0	0	1.11554513343675	1.25072685083557	2.93444289319457	0	2.12751062648816	0	0	0	0	0	0	0	0	0	1.6727228292708	2.32573180748621	2.3025982432924	2.31083820596294	0	0	0	0	0	2.1504750497362	0	2.15179039474782	0	0	1.18351117428896	0	1.57090978297909	0	2.27579629039564	1.51111217476574	0	0	1.64168482374576	2.33011731701284	0	0	0	0	0	0	0	0	0	0
Mir-3146	0	0	0	0	0	0	0	0	0	0	0	0	0	0	0	0	0	1.90309195971402	0	0	0	0	0	0	0	0.680050647660377	0	0	0	0	0	0	0	0	0	0	0	0	0	0	0	0	0	0	0	0	0	1.06631564158912	0	0	0	0	0	0	0	0	0	0	0	0	0	0	1.21845573574718	0	0	0	0	0	0	0	0	0	0	0	0	0	0	0	0	0	0
Mir-3173	0	0	1.82265302529723	0	1.31400097922241	2.73213856770259	3.50331011607601	2.75926244844499	2.19801358191114	2.06680697500783	1.7363560937758	2.14254477573674	1.38134581200857	0	0	0	0	2.47687381622502	0	4.1706805494243	0	3.23605062982738	2.98555648442163	3.79943454523419	2.09340118656229	1.14038079833273	2.67108583026443	3.0769477366436	1.69452393572146	2.73096811242148	0	0	2.21468729068628	0.663011481921439	1.91043550652645	2.93444289319457	2.7811588339805	2.12751062648816	1.94613051722549	2.04040900376453	0	0	1.5336553038736	1.55258070593448	2.23832772712435	1.49586600862742	0	1.06631564158912	0	1.56887233004962	0	1.88541361357369	0	0	3.71045956913623	0	1.44353758141309	2.15754450173878	0	0	0	0	0	0	1.53425327332603	0	1.51111217476574	1.62283230801153	2.25801136368953	1.64168482374576	0	0	0	0	0	0	0	0	0	0	0
Mir-3174	0	0	0	0	0	0	1.44534677601554	0	0	0	1.35310696887963	0.890524894614324	0.850044378990743	0	0	0.345412135432516	0	2.76229316532562	3.62084940456218	4.64314369936513	0	0	0	1.65713316502257	0	1.14038079833273	1.0522884103283	2.79714131501984	0	3.44205006160109	0	0	0	0.663011481921439	0.756857972372857	2.11180087023049	0	0	0	0	0	0	1.5336553038736	0	0	0	0	0	0	0	0	0	0	0	0	0	0	1.44931003566882	0	0	0	0	0	0	0	0	1.51111217476574	1.62283230801153	1.53189714850589	0	0	0	0	0	0	0	0	0	0	0	0
Mir-3180-P1	1.26188337846119	0	0	0	1.31400097922241	1.52680305375237	0	2.27709214581421	0	0	1.7363560937758	1.43706842214372	0	0	0	0	0	0	0	0	0	1.00189769611325	0	0	0	0	0	1.9910670551664	0	0	0	2.18099410926111	1.96844010402342	0.663011481921439	0.756857972372857	0	0	0	0	0	0	0	0	0	0	0	0	0	0	0	0	0	0	0	0	0	1.44353758141309	0	0	0	0	0	0	0	0	0	1.51111217476574	1.62283230801153	0	0	0	0	0	0	0	0	0	0	0	0	0
Mir-3180-P2	0	0	0	2.43908959205042	0	1.52680305375237	1.44534677601554	0	3.03156151085641	0.845908281885073	2.0388694335583	0	1.76878525837759	0	0	0	0	0	0	0	0	0	0	0	0	0	1.0522884103283	0	2.45243762834759	0	5.47186378191715	0	0.78940532022063	0	0	0	0	0	0	0	0	0	0.961691675863634	0	0	0	0	0	0	0	0	0	0	0	0	0	0	0	0	1.25788798244504	0	1.18351117428896	0	1.57090978297909	1.53425327332603	0	0	0	0	0	0	0	0	0	0	0	0	0	0	0	0
Mir-3180-P3	0	0	0	0	1.31400097922241	1.52680305375237	2.15269143163183	2.27709214581421	0	0.845908281885073	0	2.14254477573674	1.76878525837759	0	0	0	0	0	0	0	0	0	0	0	0	0	0	3.0769477366436	1.69452393572146	0	3.95049331164109	0	1.29673565130016	0.663011481921439	1.25072685083557	0	0	0	0	0	0	0	0	0	0	1.49586600862742	0	0	0	0	0	0	0	0	0	0	0	0	0	0	0	0	0	0	0	0	0	0	0	0	0	0	0	0	0	0	0	0	0	0	0
Mir-3187	1.26188337846119	0	1.82265302529723	1.6832459638687	0	0	0	0	0	0	0	0	0	0	0	0	0	0	0	0	0	3.26643267640002	4.51817680031338	5.1482129322318	4.11583632555823	2.2057603370744	2.07773870067745	0	0	2.73096811242148	0	0	0	0	0.756857972372857	0	0	0	0	0	1.00535715333026	0	0	0	0	0	0	0	0	0	0	0	0	0	0	0	0	0	0	1.25788798244504	0	0	0	0	0	0	0	0	0	1.64168482374576	0	0	0	0	0	0	0	0	0	0	0
Mir-3194	0	0	1.82265302529723	0	0	0	0	1.5476966437991	1.48245369299614	0	1.35310696887963	1.43706842214372	0.850044378990743	0	0	0	0	0	0	0	0	0	0	1.65713316502257	0	1.76925718725172	1.65426755789772	0	0	0	0	0.771405439911369	0.78940532022063	0.663011481921439	1.61796570082883	2.93444289319457	1.97710455401973	0	1.94613051722549	0	0	0.95387252234241	0.961691675863634	1.55258070593448	0	0	0	0	0	0	0.993078815701568	0	0	0	1.7732032383926	1.45052704271402	2.1504750497362	2.15754450173878	1.4446112134343	1.91949561640633	1.87977978791294	1.18351117428896	0	0	2.26085957392237	3.11857518443607	1.51111217476574	2.36725402140542	2.25801136368953	2.87988227457315	2.33011731701284	0	0	0	0	0	0	0	0	0	0
Mir-32	2.3769176484058	1.52020208391082	2.60279459058997	2.93253199321258	1.99008428092361	6.1029264095724	6.1278666185443	6.17331743316196	6.32096059614491	5.74491817155001	5.73008741340153	6.02322843362615	5.8575208137398	3.80834400315456	0	4.78190312146449	0	2.30975210958317	0	3.62522599787577	0	7.62142473185634	8.0379219731545	7.90738336849004	6.78740953349799	9.38160519441115	8.06235138599429	5.01081321844378	5.58408198778926	4.27252956030176	4.90306399973185	6.31232814245574	6.32897008373988	5.80317865292721	5.97916968128219	7.10028917664713	6.09911616470324	7.12054653384838	7.01572533154068	6.71132114512921	6.63994347787556	6.53655636595445	6.69125448451343	8.10614304237402	7.94498066959479	7.70402861802319	7.94771634566562	7.02349137858359	6.67713189495707	6.71749201868077	6.34384629481168	7.14076426344368	6.7976356556792	6.7242036152365	7.03978001065759	7.79982610382563	8.10044839014949	8.22252041619832	7.90895308999763	7.61326308496644	7.41947138945325	7.45258364629979	7.59552887846094	7.43020199950303	7.10370433503529	7.29119155623785	7.21939843526446	7.23596567163969	7.2510816152209	7.30288757964923	7.52587342214646	7.67367084917552	0	0	0	0	0	6.08943441674269	0	0	0
Mir-320-P1	10.4108092218251	10.6065647527384	10.9101042701444	10.3458046835156	11.6728306238777	9.04900984955698	8.92256195643529	9.2814444913618	9.01608360070078	9.48434801652264	9.48406517469087	9.58611091527414	9.36434529927787	12.9894625359665	12.1277971087505	12.0504765573752	11.9139445749828	12.8018880458586	11.6444781583163	13.3667892902632	12.9509120009175	12.8423660348409	12.6627073028907	12.7778074731902	11.8607146787807	12.1349388550376	12.442300343069	10.7236401188263	10.4268631923017	10.2812365466351	10.7973476788324	9.54186948739634	9.6306846139432	9.27605640536913	9.64348792732739	10.112866331283	9.98622942448919	10.1842825634476	9.76226979993078	10.8512629569903	10.9047487347744	10.7950157057959	10.7369650954935	10.2308011606396	10.1905758596865	10.169237388281	10.2807659662361	10.8592641597469	10.7861100931956	10.7563505885386	10.7029520133177	9.9706622232422	9.82572775682223	10.1508744125589	9.97229055665049	10.0869859193757	10.218139251081	10.2083792184381	10.17541393288	10.7062755678496	10.8763729471478	10.8696446242776	10.5137271210009	9.89028334886347	9.84368591844093	9.69872563244604	9.72866194701697	10.0884312089787	9.62883413967761	10.1887929298926	9.82560126763498	0	0	0	0	0	0	0	0	0	0
Mir-320-P2a	3.23089710646164	5.57615343835833	3.47887393119371	2.93253199321258	6.94106737926412	2.25185002066947	0	1.5476966437991	4.60437166065597	3.40173309249684	2.99923808426947	1.43706842214372	2.72637231730374	7.55835423451926	5.88169741919209	10.7460192545873	3.85371947046919	7.50659865988887	10.5193947443339	4.0618635814048	10.5197499992141	4.77975863558119	1.10660602580349	5.77734856294719	3.85584621022476	8.84698074187279	5.00632879105838	1.9910670551664	3.31423283712094	4.27252956030176	7.03499040606065	5.61680947545879	1.67133216927205	5.69361064756411	2.36144229461087	2.93444289319457	1.97710455401973	2.95219506569975	6.05805910536007	5.72502369816218	3.59476880266501	4.49521545308721	5.96794087949727	2.7655861005038	2.23832772712435	3.33652189005873	6.06239031508373	2.4266175817084	5.32656253448217	2.97884462579301	1.98960573221573	1.88541361357369	4.52666987325543	0	3.95500796807001	2.15903414483269	5.80827777125115	6.02322531870907	5.51630706588662	9.04157585955829	2.66911242541594	6.47117004056407	9.24971688318688	0	0	4.58831833162346	6.87736022797451	2.85586456954887	0	4.47268283042197	4.76473921529663	0	0	0	0	0	0	0	0	0	0
Mir-320-P2b	3.60699737490802	4.22873915262457	5.82834824912953	3.83481052677172	5.1965765394954	3.61927174916568	2.15269143163183	1.5476966437991	2.19801358191114	1.76221610498131	1.35310696887963	0.890524894614324	0	5.66512535545144	10.4192673431407	7.05539928882997	10.6626737835728	4.19803949509906	6.93730637581037	8.40702988770123	6.28640802638809	8.86735159654001	5.28768255593646	7.09481859628726	8.8225261491839	2.81187378080139	7.09065137455884	6.3976088532472	5.28628646028442	5.94531172000464	5.87875150837616	2.18099410926111	5.75943330554673	3.10164945979927	2.84965057994117	0	5.8279055476591	3.4736421774783	3.93234288145897	3.37028483354107	4.09753043101777	4.43398994001983	4.24825041565858	5.6245498526162	6.12499421737693	6.01595442497054	2.28459148918587	5.33581308145398	1.58813295724365	1.56887233004962	4.23478541945683	3.18329037307815	1.78657782372909	1.88178770628316	4.78656107804453	5.72771256178965	2.62283885480155	3.27110756161846	3.70633851331011	4.53998152967853	6.29875866511155	3.48159739411087	7.10515873119247	4.62357664567496	2.74182383123227	6.41849807422098	1.51111217476574	6.97484408481969	6.60695412859697	4.60426718462528	6.7243777221717	0	0	0	0	0	0	0	0	0	0
Mir-320-P3	1.26188337846119	0	0	2.43908959205042	0	0	0	0	0	1.37561887557387	0	1.83250583487512	0.850044378990743	0	0	0	0	0.383452605952148	3.62084940456218	3.62522599787577	0	5.96257467426589	3.18168974475396	8.01940733910275	0.494099345006295	2.38277016299004	4.55766443686358	3.84688350994896	0	2.3866061014718	0	3.6218654121802	0.78940532022063	3.10164945979927	2.54316049606998	0	0	0	0	0	1.00535715333026	0	2.52053824391428	3.65540725840055	2.23832772712435	0	1.55391615072	0	1.58813295724365	0.987949226811437	0	0	2.56069327422785	1.88178770628316	0	0	1.44353758141309	0	1.4446112134343	2.71497423499928	7.04798820194966	2.26719612330756	2.657159825374	0	3.10190872756461	0	0	0	3.62643336488444	0	0	0	0	0	0	0	0	0	0	0	0
Mir-320-P4	2.3769176484058	0.951704251394096	0	3.29953600097111	2.44861108198143	0	2.62523499990772	1.5476966437991	0	0	0.829694090990264	1.43706842214372	0.850044378990743	0	0.295487207697102	4.12939402783209	0.315771344559238	1.90309195971402	0	0	0	1.00189769611325	2.7584999950763	0	1.60511787037442	0.680050647660377	1.65426755789772	1.31478616941387	2.94674992848661	0	4.90306399973185	0	2.60846228898509	1.11554513343675	0	0	1.97710455401973	0	3.25703906497248	1.02706470079385	2.00802828865477	1.52312552904802	0	1.55258070593448	1.51563629299423	3.5755548342601	0	2.4266175817084	1.00237849534382	1.98188588144377	0.993078815701568	0	0	1.88178770628316	1.7732032383926	0	2.62283885480155	0	0	2.71497423499928	1.87977978791294	6.76897229643997	6.46891483517864	1.57090978297909	4.17532203413511	3.85292467794796	4.14181463318916	1.62283230801153	0	1.64168482374576	0	0	0	0	0	0	0	0	0	0	0
Mir-3200	2.99827311438567	4.365782007082	4.22967838041074	2.93253199321258	3.3100210275349	3.37952816666867	2.62523499990772	2.75926244844499	3.94053185886368	2.5321613069548	3.90607787118616	3.78740710545516	3.61303525493053	0	0	0	0	0	0	0	0	1.48786626400358	0	0	0	3.41076658010507	1.65426755789772	1.9910670551664	2.45243762834759	4.72112898538227	0	7.40902348305051	7.49909154564126	7.24329927818723	7.29366703952855	2.93444289319457	0	2.12751062648816	1.94613051722549	2.36499121144135	0	0.95387252234241	0	3.12658572011525	3.07672945720567	3.33652189005873	2.28459148918587	0	1.58813295724365	0	0.993078815701568	0	2.56069327422785	0	3.41582379957016	2.98774198735876	2.97810026304091	3.27110756161846	2.97958245531887	2.71497423499928	4.09433175985343	2.87900857871701	2.657159825374	0	2.26085957392237	2.27579629039564	2.23284297951258	3.51082947376903	3.38657537339801	2.87988227457315	1.59179007653147	0	0	0	0	0	0	0	0	0	0
Mir-324	4.63037410217207	5.07448249855607	5.08682798773648	4.04268629010933	5.4627960489563	4.67010721853814	4.65110672074635	4.80369209053351	5.05728743532036	4.96813902405317	5.28865809466525	5.33188870708212	5.11717004512488	3.23541725642771	4.79811928655882	4.69417130854009	0	4.57497904513364	4.443554986955	4.93816656254508	3.96719957359308	8.85303338887135	7.9328888666445	8.48601456618352	8.59305514910043	8.4273200555502	8.37388983906216	6.54279328431158	5.71270897434476	6.3209564588123	7.76754888336005	7.03425375665282	7.11541197627549	6.8277323628955	7.04508488592484	6.00278789458061	5.39637528743869	6.29464749510878	5.99491265727624	4.85910447519206	4.81766882558022	4.66469305505974	4.87910621495821	6.77176920060062	6.58228053337346	6.27526833838764	6.69508798766975	6.37601075387341	6.07077143986264	6.26151204343647	6.17613980937659	6.30639096065409	6.21914276603886	5.70102149941604	5.82315755185673	6.17105126154217	5.66891968378192	5.98431299297359	6.16184092405976	6.96392948761721	6.87759964904447	6.78569228695254	6.8133438707941	6.74724885533908	6.8896664751446	6.86145240522601	7.04844410399397	6.85035549059683	6.79072237985104	7.30288757964923	7.02137752190497	11.5068170047873	0	0	0	9.0535374503772	0	6.08943441674269	7.65230506537109	0	0
Mir-325	0	0	0	0	0	0	0	0	0	0	0	0	0	0	0	0	0	0	0	0	0	0	0	0	0	0	0	0	0	0	0	0	0	0	0	0	0	0	0	0	0	0	0	0	0	0	0	0	0	0	0	0	0	0	0	0	0	0	0	0	0	0	0	0	0	0	0	0	0	0	0	0	0	0	0	0	0	0	0	0	6.42244728169308
Mir-326	0	0	0	0	0	0	3.26549896326262	2.75926244844499	2.19801358191114	0.845908281885073	2.28881398316065	1.43706842214372	1.76878525837759	3.50222289818727	4.91141930988428	4.3559324125722	0	4.8123406985508	4.81852568289126	5.11197940339863	3.46166891884733	5.86667506136249	2.48891045811883	6.92621225489013	3.85584621022476	7.97449223830514	6.57736648156814	0	0	4.04503028119919	0	3.85116982006997	3.05026117122928	3.10164945979927	3.66978748445024	4.13844792386717	3.97132346533563	3.85584163118431	4.17954106693148	2.36499121144135	2.81652647077442	2.24739919023902	2.26013680830463	2.7655861005038	3.07672945720567	2.21433246896568	3.86323618808569	1.6727228292708	2.58892448391718	1.56887233004962	1.98960573221573	3.18329037307815	4.18187297657636	3.85065663042808	3.41582379957016	1.45052704271402	1.44353758141309	2.63048064510923	3.50225010351232	5.46385361297764	5.49898848003058	5.54740039798313	5.4851104400381	6.12891615177262	6.15312104352722	6.48189491749372	6.03914693729825	6.5315497488336	6.26052135179718	6.06024858164674	6.57997759346038	9.7501640461395	0	0	0	8.0562500135055	0	8.07345591069506	7.39070421791823	0	0
Mir-328	3.90504851075794	5.29647212766436	5.54447290400462	4.66257395348983	5.68745924674797	6.48266934420496	6.68192261381213	6.45215893606136	7.02441904919664	6.07004292094748	6.24072670459441	6.46095137878183	6.12969202664867	6.09473896115663	6.51873104764107	5.18734487330851	5.17925149283537	5.69612752599733	4.93188276510947	4.71677552505759	6.25763883958365	9.59549732328908	8.52268474084253	8.94277055970982	6.94874523767542	7.65054251261492	8.24705556032596	3.68943744586169	5.01407890872907	4.04503028119919	0	8.81799275322651	8.86999465044897	8.45545298818437	8.76907032439769	5.46564687291367	5.49362559169813	4.80513909355399	5.45289000933053	6.73962031457177	6.68301536546269	6.39915064495508	6.95637028401867	5.56687409194166	5.45163077893282	5.48181606551386	5.68199442083545	2.69385341860028	2.81142994505069	2.78663440565584	2.98786605007424	3.85528626750858	4.36454759470457	4.93255533487245	5.31070101353966	5.47011282361437	5.4593248726014	5.2882490186141	5.28101871267314	5.46385361297764	5.49898848003058	5.42467124515801	5.4851104400381	5.40562895593162	4.01534396940577	4.58831833162346	4.41638479211833	5.60984908665497	4.87651088002064	4.93942417965486	5.36753265582989	11.3803038944849	0	0	0	0	0	8.65663204834097	8.38639926224633	0	0
Mir-33-P1	4.03377058543775	3.37038209399548	4.02004568302411	4.53075560603652	3.84566158128707	4.86898260746593	4.54860157787632	4.98986570012285	5.33889445252759	4.01350903734929	3.66216298501547	3.4913664519491	3.94916274589706	0	0	4.85114583345412	0	3.75305425320087	3.32130216578117	3.51945900275911	4.65947567257066	3.65884406819457	2.48891045811883	3.55697609900461	3.58831439257081	4.10930138229466	4.62199137190574	6.08628392395965	6.30896734810913	4.72112898538227	6.67556004510934	6.74200316564485	7.10781374586885	6.64638354807204	7.00690595860675	6.65347781728817	5.75131334817871	6.09576769456635	6.43632652293505	5.0519848692293	5.50231078783586	4.86353988599595	5.20978499392787	3.86134979460675	3.36404642369147	4.11960565652161	4.59893489508512	3.57782598322377	3.17415073038853	3.30016369946288	3.68763610071453	3.18329037307815	4.6724002608723	3.55351504184089	3.95500796807001	5.22476013993501	4.91828061803948	5.2882490186141	5.21567032853788	4.77808365757389	4.92988930383375	4.72387395687847	5.25381160687518	5.10876032442654	4.97003253972178	4.69917487818453	4.28562181775983	4.4461177086075	4.96654743742741	4.32788145179145	5.29537011846986	3.10356003119634	0	0	0	0	0	0	0	0	0
Mir-33-P3	4.85607534813986	3.81538951670302	6.56803975749249	5.18523037227403	5.1965765394954	2.73213856770259	2.15269143163183	3.40837227582676	3.55648016717492	3.40173309249684	2.0388694335583	3.69531536486781	3.87218440978285	4.58244280521109	4.32863166481219	0	4.39667394548721	5.59978629263079	3.75012757690532	5.39221731365997	6.19073065296128	8.50442517725005	7.45253842200083	7.90738336849004	7.96192572304756	7.45149669090799	7.62577066383793	6.63205298114991	6.49933607772743	3.44205006160109	7.86024442947961	4.90613081231799	5.01433569724456	4.91500533272747	5.60278472291771	2.11180087023049	5.05776370537224	4.40720119599839	3.25703906497248	4.80656732463888	4.33208973668804	3.61409524568548	3.92731660253046	0	3.36404642369147	3.049863509461	3.12837960343253	2.4266175817084	2.0035662741426	1.98188588144377	2.57340867796331	3.85528626750858	3.97266821191938	1.88178770628316	4.34659979658497	4.55643089115776	4.91828061803948	4.84259611360116	4.43714352484173	4.53998152967853	3.84809148907568	3.30728596208954	4.29113573750134	5.18889781207281	5.13483395429365	4.98828422156437	4.28562181775983	5.00884811088874	3.83204024670853	5.12618006411199	4.65367769289179	5.39717307468517	0	0	0	0	0	6.08943441674269	6.08161444745164	0	0
Mir-330-v1	0	0	3.77468739805016	0	1.99008428092361	1.52680305375237	3.50331011607601	3.85444462306812	2.67416840857219	2.06680697500783	4.04842533852419	4.36727049146426	2.07389750363558	0	0	0	0	3.90738639731156	0	0	0	5.53353185394388	4.09991664965357	5.77734856294719	5.59631442170782	5.63743277050044	7.32125056677289	7.71945244334115	7.8401073300559	4.79624976815621	0	8.17353350228198	7.91503933465545	9.56427545057938	8.45422462847382	5.23056251735253	3.97132346533563	0	4.17954106693148	4.05033684997119	1.00535715333026	3.81955711052345	1.94214918074719	1.55258070593448	4.542938290157	4.39394288092158	3.86323618808569	4.02831288905598	3.17415073038853	3.5627919482753	6.71417625082862	5.37221471011976	3.43293571958275	3.55351504184089	1.7732032383926	3.27282852460369	3.50070247396359	5.2882490186141	1.4446112134343	4.25466212015411	5.05147067733601	2.87900857871701	2.657159825374	1.57090978297909	1.53425327332603	5.36973898806007	3.35776089214979	5.26439502671861	5.27921752531531	5.69730689680522	4.86785875087034	0	0	0	0	0	0	0	0	0	0
Mir-330-v2	2.72079149910524	4.365782007082	0	2.93253199321258	2.79601709188554	1.52680305375237	1.44534677601554	1.5476966437991	3.03156151085641	4.3878380900509	1.7363560937758	2.61426293196027	4.45064814985657	0	0	3.98898122422501	0	2.01599670843097	0	2.91496401139966	0	5.58265236508248	4.95363774681355	5.38970254434242	3.63649166902968	4.15878037102681	4.74263155238337	5.80846791954785	3.31423283712094	5.12242671316748	6.19576754938759	9.79013947521752	9.97774426701755	7.86534333273652	9.73858296962931	2.11180087023049	3.29440963269816	5.25042779200127	3.25703906497248	2.04040900376453	3.81728814114049	1.52312552904802	4.56938259146893	4.20169079717216	3.36404642369147	3.96001785335902	4.04343593532579	6.25722617951157	6.54386086180218	6.31594824055548	0.993078815701568	0	5.03779615528263	4.7997682839268	5.82315755185673	4.75468345952835	5.14557131226687	2.63048064510923	5.40345421405521	2.37138090759824	3.37582638759204	3.63710005483573	5.25381160687518	5.02390827014376	5.47951675196613	3.85292467794796	3.80240809363414	4.14064170511135	1.53189714850589	3.24506977336074	3.70988470491148	0	0	0	0	0	0	0	0	0	0
Mir-331	6.88800310066082	4.90490984808687	6.17082050065545	6.74351305096707	5.4627960489563	8.28281928179809	8.28165603213189	8.33192246130474	8.25748241613187	6.33520450156055	6.40853039013544	6.56869420379875	6.53124773653405	5.1780154629324	6.35611875473751	5.54587095796433	6.02470442911546	5.41653602831311	5.3622767734149	3.46351807238243	0	6.95096078698936	7.11116457532123	6.21397557422048	6.18756295220857	5.67192365262964	5.62415217942003	8.08615284997301	8.46009543226311	8.40659022500131	7.86024442947961	7.55717213994849	7.80657370043422	7.37588886193062	7.64640787212544	6.39330677891357	5.8279055476591	6.41347074396158	6.43632652293505	6.00697793295258	5.81785913013747	5.88503845295126	6.07320881184906	7.26434601852968	7.5173261527119	7.50154314643593	7.30219638540224	7.45986261722329	7.50457274580893	7.49949154337156	7.54844046069482	6.30639096065409	6.51803715566	6.48567437405452	6.15229484582621	6.56355862747231	6.67909040786386	6.75899601846697	6.44451353780383	7.55039913452901	7.59971646528011	7.39925762368095	7.46074833945906	6.48689779315221	6.39987056613304	6.38572339133625	6.48887243061793	6.87612741511342	6.88609676814633	7.24356733692308	7.17002933952687	8.15259182680945	0	0	0	0	0	6.08943441674269	7.07092379323656	0	0
Mir-335	10.4788178308675	9.88909978104635	5.19070779473491	11.4146785452279	9.76813866220728	7.70017107815921	7.47976508807002	7.60935244768394	7.40648693221519	8.72390825216007	8.74321756489476	8.92730664395823	8.63176017213423	6.09473896115663	6.75566214636498	6.0778072799066	6.66622010865	7.05013902916643	6.75214187280047	6.92849541122635	7.71563733348038	10.0790010994199	10.1525855667138	8.89134686555282	8.99412074096089	9.49310333417563	10.6753829066281	9.28615865942434	8.64072471717563	9.00208406825532	7.76754888336005	10.0265476667458	10.100548018905	9.78448818586494	10.018324300366	10.0733741572547	9.76058908067554	9.97802243307662	9.62303526739274	10.1142776445315	10.1918375669863	10.1327144235995	10.0426478917893	10.2144602352889	10.1486569718651	10.1181672597193	10.3249888484393	12.981448736885	12.9877460644118	12.8885023634053	12.9096392585563	11.030667501502	10.8652818856812	10.9256787743297	10.8157833348201	8.74507076069722	8.78557233839257	8.62163340384888	8.71225319894102	9.93134205747885	9.83542561885395	9.80733452304781	9.8464207633373	9.39041150210284	9.49889427139868	9.56605737823568	9.29519640020286	9.72348180800041	9.71253505702011	9.88021605489097	9.78665069466911	0	0	0	0	0	0	0	0	0	0
Mir-337-as	0	0	0	0	0	0	0	0	0	0	0	0	0	0	0	0	0	0	0	0	0	0	0	0	0	0	0	0	0	0	0	0.771405439911369	1.29673565130016	0	0	0	0	0	0	0	0	0	0	0	0	0	0	0	0	0.987949226811437	0.993078815701568	0	0	0	0	0	0	0	0	0	0	0	0	0	0	0	0	0	0	0	0	0	0	0	0	0	0	0	0	0	0
Mir-337-v1	6.60685572686093	6.96858344501641	4.22967838041074	7.5450861071075	5.0095407339748	2.73213856770259	1.44534677601554	2.27709214581421	2.67416840857219	4.08303628748327	3.25556011377022	2.14254477573674	3.87218440978285	0	0	0	0	0	0	0	0	0.486511530586811	6.66312344494486	6.61360724561207	1.94826011776133	3.41076658010507	6.25109742082847	4.63241207656851	4.23982610286169	1.93338566920081	0	2.88017347721068	2.60846228898509	2.17002310132925	2.54316049606998	2.11180087023049	1.97710455401973	0	3.63384787769828	4.80656732463888	4.91722987452254	4.43398994001983	2.26013680830463	1.55258070593448	3.07672945720567	3.049863509461	2.28459148918587	6.72834982698144	6.15443335922373	7.27057314598743	6.92875212355932	4.31194758102156	4.52666987325543	0	1.7732032383926	1.45052704271402	3.88351898826238	4.44422249010956	2.15179039474782	3.89864748300545	4.65086215371794	5.42467124515801	4.29113573750134	2.30504833278199	2.74182383123227	3.11857518443607	3.07059324226191	3.22020035167716	4.17192142243449	3.53623955202953	1.59179007653147	0	0	0	0	0	0	0	0	0	0
Mir-337-v2	6.70678417129004	7.03174476536333	4.97488401383661	7.17739269898756	4.86985756541978	3.09184611955232	3.70741205529201	2.27709214581421	4.09997858211246	1.76221610498131	3.57074445584681	3.78740710545516	1.76878525837759	0	0	0	0	0	0	0	0	5.09960655722391	5.05722364277682	2.89949959885145	3.8959812588659	0	3.41472421796083	2.79714131501984	5.01407890872907	4.93568613877768	4.90306399973185	0.771405439911369	1.96844010402342	1.45951188267731	1.61796570082883	4.13844792386717	2.7811588339805	4.15770202915441	3.25703906497248	4.69537980334253	4.65412441646805	4.66469305505974	5.31655426188884	0	2.23832772712435	2.21433246896568	4.04343593532579	6.80092507347775	6.88735591061911	5.59100481005232	6.42922801517124	3.55806594216254	1.78657782372909	3.85065663042808	1.7732032383926	4.4460540593364	4.43552441317067	3.71319205032341	4.54748870133915	4.70299935343379	4.09433175985343	2.87900857871701	4.97821512390964	3.68094545052013	3.62974229700264	4.03303476592037	3.35776089214979	3.51082947376903	3.62643336488444	2.38973209243396	3.70988470491148	0	0	0	0	0	0	0	0	0	0
Mir-338-P2	2.99827311438567	2.72354474182216	1.82265302529723	1.6832459638687	1.31400097922241	7.71316473120288	7.71092495485687	7.79573131776069	7.63202038485633	8.56288462148881	8.4892025198881	8.59596763001817	8.51000469721589	0.467420701244748	5.36569216188637	0	5.13974667800788	4.8735559106089	0	5.43647847156865	4.03658066974007	7.24408217605817	7.31300719515692	6.97642921760537	6.21954449725444	7.15498069733601	5.77322723511357	0	0	9.38937844092924	0	13.6898854979238	13.7396654235285	13.4234718615577	13.6668043337185	7.2336553736441	6.42917439461978	6.57515494781406	6.43632652293505	6.11893421727131	6.31434035666345	6.01614938375777	6.29833876352058	7.97924695878233	8.07002358604074	7.93619476769973	8.03550093252058	4.93263401780446	4.81193851456033	4.67717509734451	4.30874932783869	10.7278320254232	10.5997473117116	10.6974231235385	10.5532959882092	10.0684770287541	9.96861526507661	10.1806783952989	10.0845341847442	9.17952305162688	9.25442150919785	9.11376986816898	9.23708246251581	9.32984103589168	9.47217886393247	9.12955441655285	9.15238912348277	9.07592242665899	9.30563751632275	9.22111423857186	9.22695801179221	10.9928148126755	0	0	0	0	0	0	5.102760991841	0	6.42244728169308
Mir-338-P2-as	2.99827311438567	4.49092888569106	5.08682798773648	2.43908959205042	3.68822604540525	2.73213856770259	2.15269143163183	2.75926244844499	3.3177639893336	3.69609841861674	3.25556011377022	3.69531536486781	3.61303525493053	0	3.70563148556108	0	0	0	0	0	0	3.43640153081138	4.95363774681355	3.26537195911095	2.65757958174062	3.70530559584371	3.41472421796083	5.36340496543648	5.28628646028442	3.77481576782407	3.95049331164109	4.51821324356344	4.64592884382826	4.16334943670202	4.61196421642382	5.23056251735253	5.39637528743869	5.77910356571191	5.54393934772233	0	1.59210096033023	0.95387252234241	1.5336553038736	4.20169079717216	2.71759355703859	2.21433246896568	3.86323618808569	6.23644190309033	5.95887284783087	6.10542859480585	6.00870656736581	4.49548452983471	4.52666987325543	4.93255533487245	4.78656107804453	5.29011962147518	5.27936487942311	5.35077327726785	4.74569015069088	2.37138090759824	3.17641317022502	1.82479947403407	2.657159825374	4.62357664567496	2.74182383123227	4.19313447218923	4.14181463318916	3.75261418074035	4.56680913866111	3.24506977336074	2.81612731370579	0	0	0	0	0	0	0	0	0	0
Mir-339	7.65052255911557	7.86214584759832	7.52110088458982	7.26297143045034	7.67682620101318	7.42805373078183	7.42294770603985	7.53648820983848	7.49524396761226	7.07641505913676	7.0053841296801	7.18289816227203	6.90422327192624	7.39084826998119	6.2947877367793	6.81662827408572	4.93573839566387	6.82458593461529	5.26177891696995	6.37493811605183	5.60803231443677	9.09548579076408	9.56533119929941	8.68787719954085	7.79154225972529	9.39457145533993	10.2046332269695	8.1853345571567	8.07362786935138	7.4921621660357	7.66848604536393	7.16792216372542	7.1304894281095	6.8351226996117	7.09689287257427	7.16851281320198	7.05708156832253	6.80989980909065	6.65633713159213	8.52108783183759	8.61429344165453	8.34529241163856	8.65044695334203	7.40264561051831	7.27907817658442	7.08432702280953	6.98696253854047	6.08191049920433	6.21414231498073	5.67670595680333	5.71430776750979	8.05022770802226	8.07945877550672	8.08861205862251	7.90925662779145	7.60810562975252	7.60988262575234	7.48598821255901	7.79052777709714	6.96392948761721	7.11924954938335	7.17647873316337	7.31206637408531	8.14385034997333	7.9514596989209	8.06643405502725	7.8365964641855	7.25573412122678	6.66189061489778	7.20262059399819	7.32304813124581	9.01889887965889	0	0	9.36752163008088	11.2213491487927	0	10.8762128511111	12.6750837825804	0	0
Mir-34-P1	7.63030441823692	8.40584143058402	7.84145729954534	7.49290475600291	8.21322042811427	6.70709177757688	6.86369001568094	7.08369213848151	6.53147531828792	7.07641505913676	6.97004091938749	7.02160657281238	7.13591249478836	5.87720278443457	5.69808120092079	4.03731993577546	6.19818720992745	5.61778820445133	5.07696251814235	6.16298645163181	6.11255716142468	3.63575560521761	3.99945889481216	5.31361055549875	4.21435580640396	7.40098771436395	5.05374138584508	8.8522889091591	9.41615084778741	8.09319162646421	9.10457290956066	8.54516941947337	8.62586873306064	8.25239691319203	8.47674741488686	8.66647685448833	8.14442399895879	8.3420050225639	8.52782143544475	8.52515791511553	8.68309371420656	8.51380009126115	8.24901635977273	7.76515260783086	7.6163367508892	7.63964026992213	7.68810932501296	7.10601149537507	7.19454513261007	7.22388502379369	7.10516564384307	8.20315282063221	8.43647731653627	8.56844765422921	8.26726094870184	6.58975349049488	6.29267391390597	6.36363346811647	6.29434978966632	7.05732160187637	6.81028674266927	6.92804382175778	7.04843814499389	7.86770231858846	7.90655682495407	7.84321498382422	7.8365964641855	8.38269539813784	8.76845377695155	8.71705752335818	8.70717224929345	8.20922720285743	0	0	0	0	0	7.66020256532945	6.08161444745164	8.95015884855972	8.73085625448754
Mir-34-P2a	4.92409063520635	5.99069306823098	4.97488401383661	5.35074285934018	4.44679974261278	2.73213856770259	1.44534677601554	2.75926244844499	3.03156151085641	0	1.7363560937758	0.890524894614324	1.38134581200857	0	0	0	0	3.96477526029438	4.66957951689829	3.57331153332928	4.84496724567323	0	0	0	0	1.14038079833273	1.0522884103283	6.94236993124614	6.92815513802083	4.86765186259691	7.76754888336005	6.77962089229366	6.89475260048597	6.46773025217938	6.77214438653759	0	1.97710455401973	0	0	2.85344534351768	0	2.72735225005617	2.52053824391428	3.12658572011525	3.80887342543908	3.7805555439424	3.65727227883781	6.03453799356975	5.7325839945176	5.49988939561606	6.05242154266749	0	1.78657782372909	0	1.7732032383926	0	2.97810026304091	3.27110756161846	2.15179039474782	4.02733038949818	2.94494688679439	3.90536794609812	3.69407510670721	3.15115746075381	3.10190872756461	2.27579629039564	2.71169103855838	3.75261418074035	4.17192142243449	4.47268283042197	3.46873395991548	0	0	0	0	0	0	0	0	0	0
Mir-34-P2b	7.4914924091161	8.527701845583	5.69338151825597	7.82383021309142	6.6522307552729	5.19958818187455	4.8365565724271	4.89977992714311	5.27347667325203	2.88345813314193	2.68732035761046	3.4913664519491	4.02224094698784	5.36375666533178	6.34809036945879	4.25734483628106	6.08314542291697	5.93741648014323	7.64260918642036	6.40494957195363	5.74905855367713	0	1.10660602580349	2.40810955078785	3.43330521670687	3.3266725254489	1.65426755789772	10.7249087878415	10.862586938543	7.1918439655738	10.4549632947652	9.66758112997703	9.7317771525723	9.26104545528647	9.58378779831478	2.11180087023049	0	2.12751062648816	0	5.4786709080357	5.56505662040248	5.33473769202459	5.65176346828039	6.52152912984168	6.27107473438321	6.20581003347954	5.88469360711566	9.44467127700642	9.2831948927292	9.23793154149874	9.29448528916635	5.70589990329372	5.23837932602297	5.2703196882654	4.90772930068503	4.84444894739512	4.54586381656057	4.19438197448592	3.50225010351232	5.89338803329172	5.87342096975338	5.66050266422839	5.95514658970751	6.48689779315221	6.22802992283952	6.60089729506379	6.42817011251452	6.62571122018855	6.45969862147336	6.45832141729998	6.48584818211166	1.53547716393402	0	0	0	0	0	0	0	0	0
Mir-34-P3a-v1	2.99827311438567	1.52020208391082	0	1.6832459638687	0	0	0	0	0	0	0	0	0	0	0	0	0	0	0	0	0	0	0	0	0	0	0	1.9910670551664	0	5.06282575083001	0	1.27134418850794	1.96844010402342	1.11554513343675	0	0	0	0	0	2.62979231703988	1.00535715333026	2.72735225005617	2.26013680830463	2.7655861005038	3.60353666200386	1.49586600862742	2.28459148918587	1.06631564158912	0	0	0	1.88541361357369	0	0	0	0	0	0	1.4446112134343	1.25788798244504	0	0	0	0	1.53425327332603	0	0	0	0	0	2.81612731370579	0	0	0	0	0	0	0	0	0	0
Mir-34-P3a-v2	1.26188337846119	0.951704251394096	3.1063370451116	0	0	0	1.44534677601554	1.5476966437991	0	0	0	1.43706842214372	0	0	0	0	0	0	0	0	0	0	0	0	0	0	0	0	0	6.98262824969617	0	1.64191381452072	2.42496810961413	1.73705388436462	2.36144229461087	0	1.97710455401973	0	0	0	2.59388006992893	0.95387252234241	2.93227775858729	0	0	0	0	0	1.00237849534382	0.987949226811437	0	0	0	0	1.7732032383926	1.45052704271402	1.44353758141309	2.15754450173878	0	0	0	1.18351117428896	0	0	1.53425327332603	3.11857518443607	2.23284297951258	2.36725402140542	2.73876249733365	2.87988227457315	0	0	0	0	0	0	0	0	0	0	0
Mir-34-P3b	2.3769176484058	0	0	1.6832459638687	1.99008428092361	0	1.44534677601554	0	0	0	0	0	0	0	0	0	0	0	0	0	0	0	0	0	0	0	0	0	1.69452393572146	6.93355745782255	0	0	0	0.663011481921439	0.756857972372857	0	0	0	0	0	1.00535715333026	1.93024366443099	1.5336553038736	0	0	1.49586600862742	1.55391615072	0	0	0.987949226811437	0	0	0	0	0	0	1.44353758141309	1.44931003566882	0	0	0	1.18351117428896	1.21845573574718	0	0	0	0	0	0	2.87988227457315	0	6.43375954306006	0	0	0	0	0	0	0	0	0
Mir-34-P3c	3.43116852322172	3.90807714034673	4.02004568302411	2.43908959205042	3.0757901928795	1.52680305375237	0	0	0	0	0	0	1.38134581200857	0	0	0	0	0	0	2.53543870529217	0	0	0	2.40810955078785	0	2.00395477484855	2.07773870067745	1.31478616941387	0	8.82056446604493	0	1.93648805423278	2.21468729068628	1.73705388436462	2.54316049606998	0	0	0	0	3.04703515298415	2.00802828865477	2.24739919023902	0.961691675863634	2.28298180006373	3.36404642369147	3.5755548342601	2.28459148918587	1.06631564158912	2.58892448391718	0	2.31083820596294	0	0	3.85065663042808	1.7732032383926	1.45052704271402	2.62283885480155	0	0	1.25788798244504	0	2.26719612330756	0	2.78926187160716	2.26085957392237	1.54662249830223	0	3.22020035167716	1.53189714850589	1.64168482374576	1.59179007653147	8.72295479803865	0	0	0	0	0	0	0	0	0
Mir-340	6.74489482075526	8.42164889280323	8.72176093087136	7.28359579929299	7.5680338550893	10.6809207127569	10.6094504079419	10.6843914881023	10.6516214249174	10.3407052031814	10.2246051812961	10.4070217227287	10.3022032149727	8.96123533086627	10.2599122681798	9.65665967912899	10.6799904350388	10.8045216005442	10.3263394206105	10.1888808742214	10.6332864391496	11.1273953257443	11.4201120611824	9.89636294388379	9.56575245260397	10.2360072519672	10.1741179895221	9.26538376768882	9.82474201329494	8.23494806722472	8.02947940320084	12.7861162315408	12.8467039463736	12.5222580528797	12.7505973331007	11.2206292189641	10.9980028622274	11.2187614004925	11.0112310505038	9.0422120564702	9.09015957631869	8.85478471286628	8.92249415851932	9.24814580412191	9.40464485467188	9.4208983028047	9.463016572766	8.94001179269938	8.95018728692358	8.99821169472802	8.94615419672927	9.88691665361241	9.84122375314859	10.1163892565864	9.68503074135147	10.9323474818224	10.8315780984236	10.931707664706	10.8387107163063	9.96988552832367	9.96873953583253	9.88309581695983	9.86296197052962	10.0436318968177	10.0226713820755	10.0545938871064	10.0439421122236	9.99154685964738	9.7222605019832	10.0222944077692	9.87904093798517	11.2195804661519	0	0	0	0	0	10.5925867347552	7.65230506537109	0	0
Mir-342	7.09396510542956	6.85675173042804	8.78950787689247	7.10970338949073	7.49858935102248	8.74810653355724	8.59624691859855	8.64083968853561	8.71716621978714	9.12097653270758	9.11893651066048	9.19448006421644	9.11573009375833	10.4034181162689	10.2402556158788	10.3836891669137	10.1890523792636	10.2886445541031	10.017719373959	10.6231563980442	10.6962813478131	9.63387318899259	8.75225506803741	10.3248169237703	9.31594521430775	9.87809377606223	10.1333201195581	8.21452923966459	9.04063123962232	7.90236407983243	7.18589298178146	10.7566857831936	10.8021016039027	10.5238513369636	10.7389034722419	9.13563116264825	8.99181857996345	9.26273471881432	8.81965731005913	9.58494132304567	9.6688927834135	9.50253628989773	9.53714994058188	8.91991657072123	8.84038539510824	8.95457682729709	9.08511807824324	8.67241567058606	8.4268040073855	8.40632024099109	8.43737521508989	8.68151048906202	8.85047336548476	8.54789205370258	8.58143799227754	9.39910195578735	9.55900028500067	9.4938595998222	9.5474773325546	10.1253437622109	10.1583072792639	10.0324186863061	10.1907358799974	10.1145974641791	10.0844524424858	10.0335905492599	10.1628114170486	9.34867170178844	9.27071732323512	9.3391631192302	9.36556481931614	9.326824852704	0	0	0	0	0	7.07880176675778	7.87367264360293	0	0
Mir-345	7.44594730847255	8.22398142251244	8.19372618280584	7.73676528388829	8.7400114032212	10.3223754385309	10.2334415496225	10.315553857016	10.4009428644988	8.41231870577974	8.42213089837241	8.57673872541606	8.55994655676721	5.58688920175612	5.14250352338304	4.53494172674581	5.72441870976412	6.92197971791413	5.55154504624898	6.16298645163181	5.39999487534382	6.44004427809417	6.66312344494486	7.00089707717264	6.05203746691982	6.59617729318523	6.33024355923147	9.36963797363111	8.1997105374126	9.78017194988777	8.76423468821185	8.22215876568103	8.29885976920823	7.91151759117433	8.22398414624671	9.16932064804225	9.20066392992519	9.24681927053465	9.10027353221856	8.99896805266192	8.91756288516909	8.69107589595292	9.02577120093866	9.44907116469711	9.3645158932856	9.33810916678463	9.55500832405095	5.61881014098724	5.00460477900888	5.49988939561606	4.94077027158881	7.24694904812358	7.0317442088376	7.21618605606348	7.39103140290751	7.65847669886662	7.93794171634971	7.97706385499415	7.79052777709714	7.36799617252009	7.77765239974894	7.34388461875364	7.79834109642234	8.08223446796653	7.97339769400399	8.17591694586004	8.15959746835223	8.72518733311928	8.65793736604344	8.73870142490139	8.76174969396676	0	0	0	0	0	0	0	5.102760991841	0	0
Mir-346	0	0	0	0	0	1.52680305375237	0	1.5476966437991	0	1.76221610498131	1.35310696887963	1.43706842214372	0	0	0	0	0	0	0	0	0	0	0	0	0	0.680050647660377	0	0	0	0	0	6.63319176768462	6.69625852830225	6.1849997364767	6.64863976455265	0	0	0	1.94613051722549	1.62093710370287	1.00535715333026	0	0	1.55258070593448	3.07672945720567	1.49586600862742	2.28459148918587	0	0	0.987949226811437	0	1.88541361357369	0	1.88178770628316	0	0	0	0	0	1.91949561640633	0	0	1.86945692385663	1.57090978297909	0	1.54662249830223	0	1.62283230801153	0	1.64168482374576	0	0	0	0	0	0	0	0	0	0	0
Mir-361-v1	8.54800866012922	9.01305513016382	10.5316273357442	9.16434816803426	10.1005180054209	6.65417349068422	6.98640684044128	9.2814444913618	9.31730781025172	8.34669174116379	8.78703373641635	8.12154081096108	6.4274549156798	8.83395281537892	9.16038407817896	8.99923957726507	8.98721080487362	5.62670561985491	9.05958603888477	9.71072231989077	6.78682171006726	9.13564310781992	8.15346395665861	9.25396889398288	9.64074607108152	9.32177019549198	9.92759719249571	6.44764473447071	8.72702332301321	8.66891587908713	7.18589298178146	8.08240432757529	9.43051599164259	7.74495937672043	9.35216894684485	9.24236314563983	8.707555983193	7.56756975083252	8.21797320994586	7.56904313241012	9.60873323931495	7.82548492242188	9.44796739535883	8.05461908045285	7.22631512331345	8.88406822233419	8.29761862311772	8.23779138713705	7.46415773255165	7.64125309026726	7.97486384574212	8.56316714567556	9.08332029721664	7.21618605606348	7.75630759338284	9.23867083355798	9.00910377019649	6.97287348067884	9.01079799433032	8.10389843146761	8.80061309134355	7.05760230545316	8.31955475676711	7.13888944107745	7.54570361507779	7.9479554155405	6.57539007421091	9.00176990998137	6.9315192512953	7.55141154419107	8.7482976729498	0	0	0	0	0	0	0	7.07092379323656	0	0
Mir-361-v2	5.68176112754082	8.00539312328712	6.71465418061004	4.53075560603652	6.77478672827113	9.42965068747162	9.32656696290196	7.84484077147915	7.45154790263702	8.54759372522324	7.59822001851304	8.84129342752455	9.16698604233258	6.97428975251245	6.58854132017691	7.63477944183373	4.91248493604635	9.4761757937445	6.7826868809186	6.12742682922851	9.31184586342479	10.8309747101873	10.6361872080809	6.87418412063835	7.93328322673971	7.50986204946925	8.38319964574932	8.34566557820123	6.87416291874444	8.40058422582494	8.18093023674609	9.42655354981763	8.20583332234104	9.16167772738242	7.93370045741301	7.90812812686947	7.90025539415465	9.25479894146524	8.66598340639418	9.39339976421946	7.03298033710724	9.22152301718076	7.43057130725891	8.32198811485919	8.90336071861336	6.96327423487052	8.13821516568713	6.71338615148759	8.09219847119632	7.20477834158974	7.18589145744009	7.72231497273813	6.2658236558611	8.70467741581378	8.60850394272001	7.50175911844284	8.37162419179594	9.53146059344714	7.99910031120471	7.87506895551374	6.60713494397185	8.28167262583153	7.6726175546444	9.04230412520996	8.98139132422974	8.63224202170872	9.32879384645693	7.04468715173363	9.09222231554973	8.92644052377347	7.47777724573463	0	0	0	0	0	0	6.08943441674269	7.07092379323656	0	0
Mir-3611	1.26188337846119	0	0	0	0	0	1.44534677601554	0	1.48245369299614	0	0.829694090990264	0	0	0	0	4.1733173049543	0	0	0	0	0	3.29618807452097	1.72542237294981	1.65713316502257	3.31986452039788	1.14038079833273	2.07773870067745	1.31478616941387	1.69452393572146	0	0	1.27134418850794	0	0	0.756857972372857	0	1.97710455401973	0	1.94613051722549	1.02706470079385	1.59210096033023	0	0.961691675863634	2.28298180006373	0	1.49586600862742	0	0	0	0.987949226811437	0	0	0	0	1.7732032383926	0	0	0	1.4446112134343	0	1.22656673517064	1.18351117428896	0	1.57090978297909	1.53425327332603	0	1.51111217476574	0	0	0	0	0	0	0	0	0	0	0	0	0	0
Mir-3613	4.2611635197368	3.90807714034673	4.41267905632013	4.22434720558783	4.54191841179866	6.32231715148798	6.1278666185443	6.65852577791367	6.66501175375504	5.70136448957849	5.39908044333778	5.94540601588554	5.57132093489725	0	0.295487207697102	3.80577391286427	0	3.00046481908797	0	3.77062156623952	0	7.82139936630641	6.41273203520188	7.07190520059974	6.08713094955037	4.15878037102681	6.44137290809322	2.79714131501984	4.40124173535349	1.26888496964859	0	6.44701184044582	6.34198231892038	6.2079522145112	6.18467436715562	5.46564687291367	5.96987456626368	6.35528208897829	5.62958203758528	3.37028483354107	3.33155669407696	3.37443470805384	2.93227775858729	3.86134979460675	4.94241996133138	4.51374386572384	4.81279744689667	5.55309332508077	5.55924096111889	5.10577714292415	5.50998929344004	5.54868325803201	5.3290981408443	4.7997682839268	5.12323934820738	5.08442560423931	5.51464665900929	5.35077327726785	5.40345421405521	4.62379174955869	5.62185843326108	4.79166121414898	5.03770731683927	5.70719128310124	4.97003253972178	5.49794626626232	5.50484676254206	5.60984908665497	5.85174286982309	5.03582194194562	5.13922104092426	8.39701226673404	0	0	0	0	0	0	6.08161444745164	11.8545193241767	8.99332460501599
Mir-3617	0	0	0	0	0	1.52680305375237	1.44534677601554	1.5476966437991	1.48245369299614	0	0	0	0	0	0	0	0	0	0	0	0	2.48854315395986	1.10660602580349	0	0	3.3266725254489	3.6794220109311	0	0	0	0	0.771405439911369	1.29673565130016	0	0.756857972372857	0	0	0	0	0	0	0	0	0	0	0	0	2.09836430930203	2.58892448391718	0	1.98960573221573	0	0	0	0	0	0	0	0	0	0	2.87900857871701	1.21845573574718	0	0	0	1.51111217476574	0	0	0	0	0	0	0	0	0	0	0	0	0	0
Mir-3619	0	0.951704251394096	0	0	0	0	0	0	0	0.845908281885073	0.829694090990264	1.43706842214372	0	0	0	0	0	0	0	0	0	0	1.10660602580349	0	0	0	0	1.31478616941387	0	0	3.95049331164109	0	0.78940532022063	0	0.756857972372857	0	0	0	0	0	0	0	0	0	0	0	0	0	0	0	0	0	0	0	0	0	0	0	0	0	0	0	1.86945692385663	0	0	0	0	0	0	0	0	0	0	0	0	0	0	0	0	0	0
Mir-362-P1	2.72079149910524	3.71633572734867	4.7209957483837	3.29953600097111	4.11680648772231	8.11673652237569	7.9204099293842	8.19658745320261	8.1431025388101	6.99758553633804	7.09013012768434	7.35077649783418	6.97955431561666	0	4.39247851127012	0	0	3.25170053319166	0	3.90269633290714	4.16607007648645	1.5874922079002	1.10660602580349	3.26537195911095	4.36493502648283	5.36971535986993	4.55766443686358	4.34621297560374	4.05804840695894	5.43604769370491	0	4.37810172575955	4.41914329278644	4.11559606835127	4.2946040582676	3.45508583701279	4.77785062325408	5.11670929067115	4.39051452010763	6.52877278512685	6.54973872477395	6.47709653511941	6.20876313209766	6.10159735778112	6.66390600452254	6.43555686594374	6.22058077048346	6.58773768218637	6.44764202750071	6.41902095677015	6.03072962413457	3.85528626750858	4.6724002608723	4.65350890705815	4.50862413138496	6.91387596310908	7.02225942468416	6.89108674975793	7.21997133973853	4.14546933613955	4.48809788221409	4.72387395687847	5.35082433369721	5.10876032442654	5.41685544846601	5.61568425494599	5.10036139162433	5.67001818413755	5.34783666750821	5.36757037705294	5.13922104092426	8.41317467429372	0	0	0	0	0	0	6.6594586548024	0	0
Mir-362-P2-v1	7.13759160776929	5.63157341185984	7.74237085214467	7.47508295868246	7.6342885829211	8.95368891602564	4.8365565724271	9.42964324057385	8.81811285738238	8.1582075731597	7.9462014121308	7.95777905507239	5.81701918784102	7.43298667014779	5.54495436702799	8.87174504805899	9.3402296154084	9.81827899126817	5.67391783946384	10.4163245008466	9.76260216586549	6.92262483113748	6.00979848519851	6.03599231930725	4.92636797570168	5.977879505185	4.90655642645029	7.86464496479004	7.86800062356795	9.11276000325694	7.86024442947961	4.37810172575955	7.37797526110096	3.72803706311476	5.45180446224044	8.4367936358135	7.17905365208762	7.01174030195262	8.3499984195523	10.4871783819056	9.73860237725006	8.52117835426603	8.54824915601166	6.21858227448531	6.23591776635655	6.92055582372341	8.71815727931108	6.33749243883129	9.313084621332	4.36927614863152	4.51029229957593	8.34141028565394	7.79113690158404	4.09692690900012	7.69027906779681	8.95107325205587	8.86754041126489	9.06557563170238	5.21567032853788	5.78833862363346	8.04252672052415	5.29052263018351	8.30751987224298	5.18889781207281	8.03727842693084	5.61568425494599	7.04844410399397	8.94810552207639	4.01196675060063	9.29114433554465	6.6966308465666	0	0	0	0	0	0	6.08943441674269	6.08161444745164	0	0
Mir-362-P2-v2	5.9661485504835	6.97930423331659	8.89323216527379	2.43908959205042	2.44861108198143	8.10692433520347	9.08702270826605	6.57366998585079	6.38430612075519	5.03983321534769	4.69342399509063	6.66894676512977	7.83873757715786	9.01770752792371	9.21492950730438	6.83383633244338	0	7.70698714644591	9.14788008775391	6.20623779991723	7.31951010338144	6.12889376144636	3.89147901811609	6.51512351940008	6.64747589684862	5.49058001677809	5.38560484321513	7.29649163640769	7.59511762267889	10.1477658619655	4.90306399973185	7.29675044829461	4.08949488363575	7.07872079761395	7.16781879325202	5.5702282206934	8.56938384762323	8.61425674149175	3.25703906497248	5.26166079584362	9.11658365850727	10.0330124907629	9.96407317883795	8.49431562770024	8.33382660446687	8.26123041050241	5.73540104666857	9.29942608868241	5.00460477900888	9.21424209356717	9.29675900605456	3.85528626750858	5.71284526057634	8.10277395805846	5.76018501161865	7.05217661558941	7.23485259136783	5.94432196322289	9.11751341636854	8.22960036693301	4.92988930383375	8.23981545869879	5.20274391994915	7.9957597287244	5.94683173446309	8.35590217849849	8.10246881983916	2.36725402140542	8.76845377695155	4.47268283042197	8.9788757325001	0	0	0	0	0	0	0	6.6594586548024	0	0
Mir-362-P3	7.55722258580959	6.47266120039238	8.96823549606944	7.43876498263797	6.85106411650425	7.57764089250395	7.04406060323666	7.79573131776069	7.50952008855166	6.86570132203813	6.81931587716968	7.04977205579545	6.90422327192624	8.1170994095594	7.84337571107057	7.77144429797261	8.17362762922427	7.23643785134902	7.02934024837572	9.6971424424523	8.72013142233611	7.7559886978746	8.00591298035619	6.7924451982837	7.33554574169331	7.49549057766139	5.95901787833453	7.92770505365814	8.26410469788988	10.3684388857348	8.02947940320084	6.29943701735086	6.68608956321015	6.08935404216371	6.37655020722988	7.29598316593826	7.42077915299464	7.73664948557595	7.32903553723889	7.25294516965733	7.37695212490194	7.21061522263264	7.11270928929898	7.20886315772027	6.88426444429548	6.92055582372341	6.74802084423018	6.77233157588076	7.08153352242848	6.98721339173523	6.8064266112352	5.37221471011976	6.17090078277926	5.54381584337453	5.99709211055752	7.87630595728968	7.86531521812517	8.14525047950131	8.01839044687224	6.64086999893622	6.62683176283431	6.49169627614185	6.57312041779161	6.92155681098529	6.81873173506762	6.48189491749372	6.48887243061793	6.90144702496631	6.81516356006145	6.59116338182186	6.9526609171499	0	0	0	0	0	0	0	0	0	0
Mir-362-P4	3.60699737490802	3.81538951670302	6.00972276903412	4.22434720558783	4.34496433467081	5.64149166585896	7.76906836890093	5.43686150267048	7.551519918717	4.08303628748327	3.90607787118616	4.10627789472385	5.66557739227635	0	0	3.86053518369262	4.71158992879466	0.383452605952148	4.64318852240418	6.51911656269374	4.10277767944907	4.67040035286159	4.95363774681355	1.65713316502257	5.4009669238961	7.32174544131862	4.55766443686358	5.0758919986905	5.93995331793514	7.96881762011451	6.67556004510934	5.12650739393861	5.28076401457894	5.07337136303793	3.88714779259363	6.27450422306824	4.77785062325408	4.40720119599839	6.52839436809654	6.86051579637369	6.4199600659119	6.49219281066778	6.3156053181801	6.18063162370203	5.25493340684441	4.72708593018051	4.59893489508512	5.33581308145398	5.25255570875519	5.46819232242996	5.4458727304072	3.18329037307815	5.95997624659967	6.09027886687229	3.71045956913623	5.86273899801751	5.97533927310148	5.67785921292614	5.80994501213947	4.45100061409922	6.19702198903233	4.02285299817911	4.63723640892822	6.38851059795484	5.99051694143379	3.64707793720826	3.98206947266331	5.888357005072	5.98697352785305	5.03582194194562	4.25762021939456	4.68285181300296	0	0	0	0	0	0	6.6594586548024	0	0
Mir-362-P5	1.92454533655116	1.52020208391082	2.60279459058997	2.43908959205042	2.44861108198143	1.52680305375237	3.88618546997876	0	2.19801358191114	3.16574472396543	1.35310696887963	1.43706842214372	1.38134581200857	4.77620076768325	0	0	0	1.49914912245146	0	0	0	0.849683870771449	1.10660602580349	1.65713316502257	0	2.68252026542983	1.0522884103283	0	2.45243762834759	4.46899295324142	0	3.01244679383522	0.78940532022063	2.50260421078998	2.15349148476431	0	3.29440963269816	2.12751062648816	1.94613051722549	3.21769451814435	3.33155669407696	3.08687234965292	2.74104702588104	3.12658572011525	1.51563629299423	3.5755548342601	1.55391615072	1.06631564158912	1.58813295724365	0.987949226811437	2.31083820596294	1.88541361357369	1.78657782372909	2.67143578140483	0	4.05291221085378	2.1504750497362	4.05110824656355	4.3176543388335	0	3.17641317022502	2.26719612330756	1.21845573574718	0	2.26085957392237	1.54662249830223	2.23284297951258	3.75261418074035	1.53189714850589	2.87988227457315	3.17902127432894	0	0	0	0	0	0	0	0	0	0
Mir-3622	1.26188337846119	0	1.82265302529723	0	2.44861108198143	0	0	0	0	0.845908281885073	0	1.43706842214372	1.38134581200857	0	0	0	0	0	0	0	0	0	0	0	0	0	0	0	0	0	0	0	1.29673565130016	1.11554513343675	1.61796570082883	0	0	0	0	0	1.00535715333026	0.95387252234241	0	0	0	0	0	0	1.00237849534382	0	0	0	0	0	0	1.45052704271402	2.1504750497362	0	0	0	0	1.18351117428896	2.657159825374	0	1.53425327332603	0	0	0	1.53189714850589	1.64168482374576	0	0	0	0	0	0	0	0	0	0	0
Mir-3663	0	0	0	0	0	0	0	0	0	0	0	0	0	0	0	0	0	0	0	0	0	0	0	0	0	0	0	0	0	0	0	1.27134418850794	0	0	0	0	0	0	0	0	0	0	0	0	0	0	0	0	0	0	0	0	0	0	0	0	0	0	0	0	0	0	0	0	0	0	0	0	0	0	0	0	0	0	0	0	0	0	0	0	0
Mir-3690	0	0	0	0	0	0	0	0	0	0.845908281885073	0	0	0.850044378990743	0	0	0	0	0	0	0	0	2.14043527568175	0	0	0	0	0	0	0	0	0	0.771405439911369	1.96844010402342	0.663011481921439	0.756857972372857	0	0	0	0	0	1.00535715333026	1.52312552904802	0	0	0	0	0	3.43918534573948	2.0035662741426	3.14843131385487	2.31083820596294	0	0	0	0	0	1.44353758141309	0	0	0	0	0	0	2.30504833278199	2.26085957392237	1.54662249830223	2.23284297951258	0	0	2.38973209243396	0	0	0	0	0	0	0	0	0	0	0
Mir-370	7.15184545373349	6.78524014338204	5.82834824912953	7.40150908694279	5.1965765394954	2.25185002066947	1.44534677601554	1.5476966437991	1.48245369299614	3.03149468427259	2.99923808426947	2.61426293196027	2.89150687066651	0	0	0	0	2.21832207119816	0	0	0	8.33290471720063	8.54957914306901	7.69886863127847	6.9051630411952	4.93109697626413	7.52002023085671	4.5431752956569	3.31423283712094	5.97794637176572	4.90306399973185	6.04521858267243	6.51280956212265	6.03904319829136	6.32782632241122	3.45508583701279	4.21894606829712	3.85584163118431	0	3.50826863389692	4.46964170909262	3.49923581703944	3.51393471826975	1.55258070593448	0	2.21433246896568	1.55391615072	5.33581308145398	4.91148548761991	4.7840232905232	4.74152807272097	3.18329037307815	3.72789631992849	5.2703196882654	4.16404955471223	1.45052704271402	2.62283885480155	3.89202119551229	2.15179039474782	3.22476937606533	3.84809148907568	3.48159739411087	3.16379661774887	3.15115746075381	3.38983163278759	3.11857518443607	3.35776089214979	2.36725402140542	3.09872840635708	2.87988227457315	3.17902127432894	0	0	0	0	0	0	8.07345591069506	7.07092379323656	0	0
Mir-374-P1	6.80023716250491	7.58872966175001	7.32957738781003	6.48316893971846	6.17677053742988	9.85299737229309	9.86352452071984	9.85817849909085	9.74591736733257	9.08753355149775	9.03591501267881	9.19237600126357	9.07980592535037	9.35518322237569	9.71963555075954	9.56121768712812	10.4868868928529	10.145521414331	10.3036124960186	9.91614231208556	10.027811033586	11.1190949979598	10.5915926925136	9.60465503598134	9.44413567321677	10.708478939476	12.1316661108871	8.14040399673541	8.33576947658899	6.88275865970128	3.95049331164109	8.95376657618876	9.01516015572776	8.70374106096187	8.92051450715935	9.62275885819516	9.64362140904907	10.0113758771459	9.69433157319703	9.57908038201533	9.54400984062599	9.49131001240218	9.453827607908	9.35849154502181	9.44753455953145	9.29276998371377	9.46696898578468	9.5951074042234	9.6194568673226	9.50330702330058	9.5841947581915	9.11916211026621	9.23766192934035	9.10718948658319	9.18924892113164	9.64063581433345	9.60433294615156	9.66356225543838	9.67754338054746	9.0865795090951	9.05803903681842	8.89621740650408	9.13181444226025	8.71701136654833	8.62734431030917	8.53096908788442	8.54982301790464	9.66554621450243	9.54728995213342	9.6329811430401	9.70196047868743	0	0	0	0	0	0	8.07345591069506	7.07092379323656	0	0
Mir-374-P2	3.90504851075794	4.365782007082	3.47887393119371	4.66257395348983	4.54191841179866	8.2652820588064	8.36696474176223	8.50230681014057	8.25748241613187	8.32174049926757	8.35521697028886	8.32730082872631	8.31292726703116	6.91605691067334	5.99914149246659	4.15152281708274	6.28675621471385	5.49654821347079	6.80369000001259	6.24823014503974	3.65055316630094	10.7070020946743	10.3324065448862	8.94907153102363	9.33249166241502	10.6870329126762	11.2105737766739	5.88309603795382	6.08960448149792	4.72112898538227	0	8.61706419707409	8.67039399549711	8.37914303545643	8.67481224963379	7.44095102505307	7.264209054698	7.73664948557595	7.32903553723889	7.98415256555434	7.79854883369364	7.54333279491347	7.81141820336344	8.50202988246189	8.65984268256177	8.27824860340104	8.54201453165302	7.33833138502254	7.47233181632604	7.22388502379369	7.39559721713425	7.19483335772779	7.69206639683416	7.29230539410149	7.01301982594693	7.78856176844917	8.10946067625899	7.99674920515711	7.94971543821805	9.01466046612389	8.97978385305902	8.81709955621509	9.05110842694199	7.68633023365668	7.65833136685685	7.93668610581636	7.80113033018548	8.09514686981038	8.2099344211567	8.12287624523074	8.07088703972537	0.707478534362859	0	0	0	0	0	0	6.08161444745164	0	0
Mir-375	0	0	0	0	0	5.34023425695693	5.00086037143014	5.30268469186428	4.89276842589797	3.94046067975073	3.74813223001729	3.87397141152802	3.79086605701215	13.2645672585983	12.2338568649626	12.5579286068315	13.0196527376409	13.0122597558681	13.1791060393067	12.4174891135378	13.507050464832	8.82332497573103	9.68133763227871	9.49265409060457	7.60437630295458	10.6985801588042	3.41472421796083	5.76965444887858	6.46321904161103	8.74198937374457	7.18589298178146	6.526604176554	6.78469088503109	6.31753715950174	6.43522843616042	12.7373184881607	12.4956512144165	12.7113573889876	12.4001676082059	4.51066762157158	4.65412441646805	4.9092461083787	4.51062158609165	10.3010227720189	10.2622174672636	10.2662545220029	10.3971899933714	5.44853983897403	5.61936607477232	5.1859098147899	5.65882296944489	17.4771327689187	17.3848398366353	17.5229456377092	17.3537752955909	15.382495439805	15.3761328550807	15.3656904272485	15.3637594829373	13.0759756951625	13.0200953655851	12.9466198080678	13.0381247058347	14.1591680984096	14.1167042817847	14.1528515639773	14.0862847258432	15.1986635614956	15.0823992138178	15.2357981966848	15.1470999913188	0	0	0	0	0	0	11.4948549079474	8.23487513206315	0	9.57734318639889
Mir-376-P1	5.83095091229579	5.33036324707929	4.02004568302411	6.93819564238695	3.84566158128707	3.61927174916568	3.70741205529201	3.64858055929813	4.24354391114854	4.14936632902335	3.97900653112525	4.03292149520349	4.0917952318213	0	0	0	0	0	0	0	0	4.99462863787474	7.01151456874664	4.1883324258792	4.30657545463839	3.56553966480009	5.34806309883383	5.31030444514447	5.77296284724254	3.00876697253339	0	7.68161299309364	7.53918920449242	7.33997535155638	7.73782446116419	4.94956970572137	3.672208705986	4.15770202915441	4.73771734059498	4.75204444229123	4.33208973668804	5.19410588929216	4.68017799163185	3.12658572011525	1.51563629299423	2.69175790032083	2.28459148918587	7.62887681094944	7.94137164632681	7.5683804394848	7.5175810919512	4.6582854612605	3.72789631992849	4.93255533487245	4.50862413138496	5.77413979677712	5.66891968378192	5.67785921292614	5.80994501213947	4.98239976286222	4.79711096249029	4.13148698195307	4.71218446866922	3.88717823850436	3.83538785769676	4.80211769395842	4.41638479211833	1.62283230801153	1.53189714850589	1.64168482374576	4.40206124009239	0	0	0	0	0	0	0	0	0	0
Mir-376-P2	6.08975504191761	6.37861112965132	5.08682798773648	6.74351305096707	4.34496433467081	0	0	0	0	2.71847602260998	2.50178325451139	1.83250583487512	3.17401704465908	0	0	0	0	0	0	0	0	5.26672865807622	6.77370831630453	7.28614380779283	4.88708092479746	2.54041617166137	4.26715256876672	3.98882514971362	2.45243762834759	4.64188078425319	0	2.18099410926111	2.21468729068628	1.73705388436462	2.84965057994117	2.11180087023049	0	2.12751062648816	1.94613051722549	2.62979231703988	2.59388006992893	2.91828250783353	2.52053824391428	0	0	0	0	5.55309332508077	5.0490033924347	5.49988939561606	5.54100974143013	2.67563002213424	3.72789631992849	2.67143578140483	3.04515659866357	2.15903414483269	2.1504750497362	0	0	2.99227346407813	2.94494688679439	1.82479947403407	2.93260457456171	2.78926187160716	1.53425327332603	1.54662249830223	2.23284297951258	3.22020035167716	3.38657537339801	3.24506977336074	3.46873395991548	0.707478534362859	0	0	0	0	0	0	0	0	0
Mir-376-P3	3.23089710646164	5.29647212766436	4.22967838041074	5.97549071859903	3.3100210275349	0	0	0	0	0.845908281885073	2.50178325451139	0	1.76878525837759	0	0	0	0	0	0	0	0	1.00189769611325	4.36510028939465	6.12772690088681	3.72827278790354	2.2057603370744	3.55313528152552	0	1.69452393572146	4.55802510924706	0	1.27134418850794	2.21468729068628	0.663011481921439	2.15349148476431	0	1.97710455401973	0	1.94613051722549	2.36499121144135	2.00802828865477	1.93024366443099	0.961691675863634	0	0	0	1.55391615072	5.51907716294438	3.70482772820197	3.67811292100456	5.34401629737633	0	2.56069327422785	0	1.7732032383926	0	0	2.15754450173878	0	1.25788798244504	2.3277687582711	0	1.86945692385663	0	0	0	0	1.62283230801153	0	0	0	0.707478534362859	0	0	0	0	0	0	0	0	0
Mir-376-P4	7.31273517964451	8.272730176202	6.11909455676097	8.04531270884809	6.79423747943548	5.27162446177103	4.4382524511393	4.33878101971953	3.94053185886368	4.3878380900509	4.69342399509063	4.7341955543753	4.60134797085673	0	0	0	0	0	0	0	0	7.36659041179278	8.76378540502922	8.56197929676919	4.88708092479746	6.57810503231924	8.33603795569547	5.7297678239636	6.26768226220773	5.43604769370491	0	5.09701218460002	4.91334304251359	4.49730708309863	4.65209775844987	4.78546893640718	3.29440963269816	4.40720119599839	5.13917288757464	6.794605888103	6.47000502215095	6.81391917071428	6.43100951407019	4.04153318780264	4.65364693896003	4.51374386572384	4.99901186245957	8.14604570615719	8.22873887953457	8.27049542229063	8.13592048018851	5.77851785590262	5.41444834368051	5.90873887347239	5.94141180305894	5.15629853596824	5.56792517871853	4.65711627809005	4.83543470412068	6.16920646138553	6.08756298725566	6.04079886170957	6.15643053764091	4.0675836875877	4.87998857610269	3.64707793720826	4.93568365222949	3.51082947376903	5.05129349714656	5.21121093851026	4.76473921529663	0	0	0	0	0	0	6.08943441674269	0	0	0
Mir-376-P5	0	0	0	0	0	0	0	0	0	0	0	0	0	0	0	0	0	0	0	0	0	0	0	0	0	0	0	0	0	0	0	0	0	0	0	0	0	0	0	0	0	0	0	0	0	0	0	0	0	0	0	0	0	0	0	0	0	0	0	0	0	0	0	0	0	0	0	0	0	0	0	0	0	0	0	0	0	0	0	0	0
Mir-378	4.63037410217207	4.22873915262457	6.56803975749249	4.38567077404645	4.44679974261278	17.4235564059222	17.3800318809991	17.49123880411	17.4103681722775	16.0348023983465	16.0044223723908	16.1231873609047	16.0275122534097	14.4709687175861	13.9598418242862	14.1127548487506	14.1737521241523	14.8918175420156	14.5715766039526	14.0651130443561	14.5339734125121	11.056495007486	10.523135937586	10.6314175110099	10.2801654538389	9.13968758664528	7.42405592155559	12.3608083835131	11.2665566509144	9.09798986619351	9.92159978747206	8.90779133379836	9.0552168439667	8.5904009495361	8.84461557520212	14.4279132663523	14.255950585996	14.4569896617257	14.2108096362424	10.3109758383552	10.3471928068393	10.1399215045388	10.2066480610768	14.2356157559272	14.2838858912905	14.1965963289885	14.3010075242093	10.8895331163076	10.8642853082629	10.7879878256111	10.8047141652507	11.2476419459832	11.1698989079458	11.3067745913283	11.110589074393	13.2338371173902	13.2131651503115	13.1972444809626	13.1900904243038	14.209684581906	14.226137450014	14.0785426491967	14.2316829875223	13.7202324569884	13.6859508562489	13.7143166991364	13.715206719007	14.0665259577081	14.0146411927323	14.1153617218725	14.0620323938166	9.0416030059678	0	10.4674525353375	10.3664291740457	12.5104986689297	10.014428807869	14.6606029152842	13.8448862264744	0	0
Mir-383-v1	0	0	0	0	0	0	0	2.27709214581421	1.48245369299614	0	0	0	0	0	0	0	0	0	0	0	0	0	0	0	0	0	0	0	0	0	0	5.7171560920875	5.88920461144763	5.14647909641747	5.70170634854937	2.11180087023049	4.924585168704	3.4736421774783	4.17954106693148	4.37292437848681	1.00535715333026	4.23298601682854	4.44936524897548	0	0	0	0	0	0	0	0	0	2.56069327422785	0	0	1.45052704271402	3.70477111257937	2.15754450173878	2.97958245531887	2.71497423499928	1.22656673517064	2.26719612330756	0	1.57090978297909	2.74182383123227	0	2.71169103855838	1.62283230801153	0	0	1.59179007653147	3.10356003119634	0	0	0	0	0	6.08943441674269	0	0	0
Mir-383-v2	0	0	0	0	0	2.25185002066947	0	1.5476966437991	0	0	0	0	0	0	0	0	0	0	0	0	0	0	0	0	0	0.680050647660377	0	0	0	0	0	3.2453712128247	2.21468729068628	3.66308118291362	3.10230043042492	4.13844792386717	0	0	0	2.62979231703988	4.86830802390837	1.93024366443099	1.5336553038736	0	0	0	0	0	0	0	0	3.18329037307815	0	1.88178770628316	2.54503943613696	0	0	3.50901743874995	0	0	1.22656673517064	1.82479947403407	2.93260457456171	1.57090978297909	2.26085957392237	0	2.23284297951258	0	1.53189714850589	0	2.81612731370579	2.74341345314188	0	0	0	0	0	6.08943441674269	0	0	0
Mir-3909	4.98904321683669	5.26176566173267	4.02004568302411	5.09476201303325	4.23539102778833	7.39618076471267	7.11751447936654	7.44389676554418	7.06364787183953	5.90706617637258	5.73008741340153	5.4772361240442	5.75405158229248	3.7273030366475	5.63349125729042	3.52982610313495	0	5.19463116872304	3.32130216578117	6.32871685964281	3.93121629987676	0	2.15709348027692	1.65713316502257	0	2.00395477484855	0	3.51267972586876	4.79910842918395	4.79624976815621	5.87875150837616	5.03614864820546	5.01433569724456	4.88683457759717	5.12103670492022	5.35288772441045	5.90063566800594	6.09576769456635	5.54393934772233	4.75204444229123	4.59521296381253	4.86353988599595	4.92482961212047	4.34583208396376	3.80887342543908	3.33652189005873	4.20360646188124	5.79970729992264	6.02704788310323	5.95346423308815	5.84434563363964	2.67563002213424	4.52666987325543	4.30722455564533	2.54503943613696	3.27282852460369	3.50070247396359	3.89202119551229	3.50225010351232	2.99227346407813	3.37582638759204	3.48159739411087	1.86945692385663	4.0675836875877	3.38983163278759	4.58831833162346	3.98206947266331	4.14064170511135	4.67759616642994	1.64168482374576	4.40206124009239	0	0	0	0	0	0	0	0	0	0
Mir-3924	0	0	0	0	0	0	0	0	0	0	0	0	0	0	0	0	0	0	0	0	0	0	0	0	0	0	0	0	0	0	0	0	0	0	0	0	0	0	0	0	0	0	0	2.28298180006373	0	0	0	0	0	0	0	0	0	0	0	0	0	0	0	0	0	0	0	0	0	0	0	0	0	0	0	0	0	0	0	0	0	0	0	0	0
Mir-3934	1.26188337846119	0	1.82265302529723	0	0	0	0	0	1.48245369299614	0	0.829694090990264	0	0.850044378990743	0	0	0	0	2.12070328242176	0	3.40532020830836	0	0	1.72542237294981	0	0	0	0	3.68943744586169	2.45243762834759	3.00876697253339	0	0	0	0	0	0	0	0	0	1.02706470079385	0	0	0	0	0	1.49586600862742	0	1.6727228292708	0	0	0	0	0	1.88178770628316	3.04515659866357	0	2.1504750497362	2.15754450173878	2.15179039474782	0	1.22656673517064	2.26719612330756	1.86945692385663	1.57090978297909	1.53425327332603	1.54662249830223	2.23284297951258	1.62283230801153	0	2.87988227457315	0	0	0	0	0	0	0	0	0	0	0
Mir-3942	0	0	1.82265302529723	1.6832459638687	0	3.37952816666867	2.98059768693628	3.40837227582676	2.67416840857219	0	0	1.43706842214372	0.850044378990743	0	0	0	0	4.33492392175883	3.53732941775316	0	0	2.68127282082087	2.48891045811883	1.65713316502257	0.494099345006295	1.76925718725172	1.0522884103283	2.44968383849089	1.69452393572146	0	0	0.771405439911369	0	0.663011481921439	0.756857972372857	2.93444289319457	1.97710455401973	2.95219506569975	2.74562293223415	1.02706470079385	1.59210096033023	2.24739919023902	0.961691675863634	2.7655861005038	0	1.49586600862742	1.55391615072	1.06631564158912	1.00237849534382	0	0.993078815701568	0	1.78657782372909	0	1.7732032383926	2.15903414483269	2.1504750497362	1.44931003566882	1.4446112134343	0	0	1.82479947403407	0	1.57090978297909	0	2.27579629039564	0	0	1.53189714850589	0	2.81612731370579	0	0	0	0	0	0	0	0	0	0
Mir-3944	0	0	0	0	0	0	0	0	0	0	0	0	0	0	0	0	0	0	0	0	0	0	0	0	0	0.680050647660377	0	0	0	1.93338566920081	0	0	0	0	0	2.11180087023049	0	0	0	0	0	0.95387252234241	0	0	0	0	0	0	0	0	0	0	0	0	0	0	0	0	0	0	0	0	0	0	0	0	0	0	0	1.64168482374576	0	0	0	0	0	0	0	0	0	0	0
Mir-423	11.5132339528109	12.1407583806971	12.510338356384	11.6942806380106	12.4392648685083	12.7904951047576	12.7304497253922	12.8882702472451	12.815472279323	12.0915513565117	12.0002247998786	12.1753793339519	12.065094949387	15.4096455912824	15.0108680894305	15.2622182985895	15.2550483406634	15.7364631161452	14.8555991134353	15.7183116270789	15.7730373402227	13.202544461618	11.989226804442	12.3148534335271	12.1610140566904	11.9710535970942	13.2323417443686	13.3209539645238	13.021468668056	12.654906255538	13.2571816526814	11.4459698017894	11.520140692272	11.1379177465829	11.3973822359569	12.8218342673469	12.670269077897	12.8781946485301	12.6428325980969	12.9839920111425	12.9908327464945	12.8593387226984	12.9065885992726	11.4455234331894	11.4020566834299	11.4821750202217	11.5225729059735	11.255720087052	11.1171904393261	11.0466001018077	11.0339364076398	11.971520772402	11.9078409917959	11.9372116037504	11.9431375225707	11.3872670539364	11.3696844306475	11.4048182163729	11.3458391942646	11.1345534186989	11.0918807531298	11.1299339540638	11.1958427108006	11.4652089292347	11.3698463689877	11.4759373289227	11.4918840958827	11.5853620315023	11.2522797075243	11.5925304100746	11.4526508156633	17.2806298543474	0	0	12.1730032635775	10.6366887380984	0	13.6829097207573	13.7148966548439	0	0
Mir-425	6.6873445466201	7.1118758714247	5.95176172439499	6.74351305096707	6.8877419146678	7.7887609708395	7.69900969377301	7.9155060416684	7.75694506479503	7.96455773970054	7.91865828373455	8.18217241845145	8.08886271172378	7.42978859299537	7.44461839853096	7.57053276781677	8.28984879903894	9.01078461298652	7.73765989866201	8.35801116262348	8.38482809074529	11.3599132505879	11.8786822042894	11.1382531224438	10.8941437780608	11.6219096845664	12.0565554814513	9.73712236823575	9.79599116998118	8.41257132457674	8.61260021486909	9.44715511423957	9.5061623585942	9.1704682958442	9.39714205748129	9.78909852689445	9.52785301787508	9.85743340628065	9.70916150781281	7.84129532877834	7.86862955543853	7.82548492242188	7.95055000007424	7.99025850403621	8.28306330917739	8.28668300640931	8.21542614552636	9.59918331168663	9.37978536070218	9.41254370686583	9.34589504948742	8.44543659003864	8.6093374124088	8.78591524288486	8.44794835819221	9.34245576848937	9.1424065149553	9.12492077223977	9.12197885161196	8.48063754033827	8.51375001272846	8.53506166835775	8.53098782804253	9.39464219085329	9.38892961182411	9.56239590399977	9.46722525018452	9.42048901076377	9.22127874798879	9.54971914669006	9.48797325526082	13.3402091332059	0	0	0	0	0	6.08943441674269	8.06554861117415	0	7.41401268773809
Mir-430-P1	0	0	0	0	0	0	0	1.5476966437991	0	6.15321448794546	6.31303093112526	6.48865077824488	6.45411152820992	0	0	0	0	0	0	0	0	0	0	0	0	0	0	0	0	0	0	0	0	0	0.756857972372857	0	0	0	0	0	0	0	0	0	0	0	0	0	0	0	0	0	0	0	0	0	0	0	0	0	0	0	0	0	0	0	0	0	0	0	0	0	0	0	0	0	0	0	0	0	0
Mir-430-P10	0	0	0	0	0	1.52680305375237	0	2.27709214581421	0	1.37561887557387	2.28881398316065	2.96916041819176	2.32561145568561	0	0	0	0	0	0	0	0	0	0	0	0	0	0	0	0	0	0	0	0.78940532022063	0	0	0	0	0	0	0	0	0	0	1.55258070593448	2.23832772712435	1.49586600862742	0	12.7925882073658	12.7125428620639	12.6902607654515	12.7299088406796	0	0	1.88178770628316	0	0	0	0	0	0	0	0	0	2.30504833278199	0	0	1.51111217476574	0	0	0	0	0	0	0	0	0	0	0	0	0	0
Mir-430-P11	0	0	0	0	0	0	1.44534677601554	2.27709214581421	0	0	0.829694090990264	0	1.38134581200857	0	0	0	0	0	0	0	0	0	1.10660602580349	0	0	0.680050647660377	0	0	0	0	0	0	0	0.663011481921439	0.756857972372857	0	0	0	0	0	0	0	0	0	1.51563629299423	1.49586600862742	1.55391615072	12.2486296602161	12.2227097776395	12.1560221867171	12.1955805771969	0	0	0	0	0	0	0	0	0	0	0	0	1.57090978297909	0	0	0	0	0	0	0	0	0	0	0	0	0	0	0	0	0
Mir-430-P12	0	0	0	0	0	0	0	0	0	0	0	0	0	0	0	0	0	0	0	0	0	0	0	0	0	0	0	0	0	0	0	0.771405439911369	0	0	0	0	0	0	0	0	0	0	0	0	0	0	0	5.68166342661202	6.44764202750071	5.78358764484283	6.37860766504808	0	0	0	0	0	0	0	0	0	0	0	0	0	0	0	0	0	0	0	0	0	0	0	0	0	0	0	0	0	0
Mir-430-P13	0	0	0	0	0	0	2.15269143163183	0	1.48245369299614	0	1.35310696887963	0	0.850044378990743	0	0	0	0	0	0	0	0	0	0	0	3.19673673552985	0	0	0	0	0	0	1.27134418850794	0	0	0.756857972372857	0	0	0	0	1.02706470079385	0	0	0	1.55258070593448	0	0	0	10.9044327277556	10.7778895709839	10.8150140562647	11.5985365138318	0	0	0	0	0	0	0	0	0	0	0	0	0	0	0	0	0	0	0	0	0	0	0	0	0	0	0	0	0	0
Mir-430-P14	0	0	0	0	0	0	0	0	0	0.845908281885073	0.829694090990264	0.890524894614324	0.850044378990743	0	0	0	0	0	0	3.86000089558457	0	0	0	0	0	0	0	0	0	0	0	0	0	0	0	0	0	0	0	0	0	0	0	0	0	1.49586600862742	0	10.2250000997987	10.1759257579146	10.0202141775793	10.1205629922765	0	0	0	0	0	0	0	0	0	0	0	0	0	0	0	0	0	0	0	0	0	0	0	0	0	0	0	0	0	0
Mir-430-P15	0	0	0	0	0	0	0	0	0	0	0.829694090990264	1.43706842214372	1.38134581200857	0	0	0	0	0	0	0	0	0	0	0	0	0.680050647660377	1.0522884103283	0	0	0	0	0.771405439911369	1.96844010402342	1.11554513343675	1.91043550652645	0	0	0	0	0	0	0	0	0	0	0	0	10.7489405655214	11.2353720342484	10.6205697829305	10.6145786154584	0	0	0	0	0	0	0	0	0	0	0	0	0	0	0	0	0	0	0	0	0	0	0	0	0	0	0	0	0	0
Mir-430-P16	0	0	0	0	0	0	0	0	0	1.37561887557387	0	0	0	0	0	0	0	0	0	0	0	0	0	0	0	0	0	0	0	0	0	0.771405439911369	0	1.96972027651603	0	0	0	0	0	0	0	0	0	0	0	0	0	6.667540738475	8.16460782072414	8.56457497506298	8.17599657456995	0	0	0	0	0	0	0	0	0	0	0	0	0	0	0	0	0	0	0	0	0	0	0	0	0	0	0	0	0	0
Mir-430-P17	0	0	0	0	0	0	0	0	0	0	0	0	0.850044378990743	0	0	0	0	0	0	0	0	0	0	0	0	0	0	0	0	0	0	0	0	0	0	0	0	0	0	0	0	0	0	1.55258070593448	0	0	2.28459148918587	9.92399263509274	8.39705637576861	6.94177647466993	7.01965369783722	0	0	0	0	0	0	0	0	0	0	0	0	1.57090978297909	1.53425327332603	0	0	0	0	0	0	0	0	0	0	0	0	0	0	0	0
Mir-430-P18	0	0	0	0	0	2.25185002066947	2.62523499990772	1.5476966437991	1.48245369299614	2.31816639064438	1.35310696887963	1.83250583487512	2.07389750363558	0.467420701244748	3.39870248041544	0	0	0	0	0	0	0	0	0	0	0	0	0	0	0	0	0	0	0.663011481921439	0	0	0	0	0	0	0	0	0	2.28298180006373	0	1.49586600862742	0	11.1713167784362	10.9198830673815	11.3410350469023	10.8023156820477	0	0	0	0	0	0	0	0	0	0	0	0	0	1.53425327332603	0	1.51111217476574	0	0	0	1.59179007653147	0	0	0	0	0	0	0	0	0	0
Mir-430-P19	0	0	0	0	0	0	0	1.5476966437991	0	0.845908281885073	0	0	0.850044378990743	0	0	0	0	0	0	0	0	0	0	0	0	0	0	0	0	0	0	0	0	0	0.756857972372857	0	0	0	0	0	0	0	0	0	0	1.49586600862742	1.55391615072	11.3366783201508	11.258007711641	11.1828215901955	11.22632508538	0	0	0	0	0	0	0	0	0	0	0	0	0	0	0	0	0	0	0	0	0	0	0	0	0	0	0	0	0	0
Mir-430-P2	0	0	0	0	0	0	0	0	0	3.78223405816567	3.47313878760151	3.95563440370631	3.41016149980214	0	0	0	0	0	0	0	0	0	0	0	0	0	0	0	0	0	0	0	0	0	0	0	0	0	0	0	0	0	0	0	0	0	0	0	0	0	0	0	0	0	0	0	0	0	0	0	0	0	0	0	0	0	0	0	0	0	0	0	0	0	0	0	0	0	0	0	0
Mir-430-P20	0	0	0	0	0	0	0	0	0	0	0	0	0	0	0	0	0	0	0	0	0	0	0	0	0	0	0	0	0	0	0	0	0	0	0	0	0	0	0	0	0	0	0	0	0	0	0	6.8150120766968	6.77289386551389	6.57596138651597	6.52543299214649	0	0	0	0	0	0	0	0	0	0	0	0	0	0	0	0	0	0	0	0	0	0	0	0	0	0	0	0	0	0
Mir-430-P21	0	0	0	0	0	0	1.44534677601554	0	0	2.06680697500783	1.7363560937758	1.83250583487512	2.32561145568561	0	0	0	0	0.936123218829633	3.72518212109759	0	0	0	0	0	0	0	0	0	0	0	0	0	0	0	0	0	0	0	0	0	0	0	0	0	0	0	0	10.8592641597469	10.8896842143994	10.726518097203	10.8572668958514	0	0	0	0	0	0	0	0	0	0	0	1.21845573574718	0	0	0	0	0	0	0	0	0	0	0	0	0	0	0	0	0	0
Mir-430-P22	0	0	0	0	0	0	0	0	0	0.845908281885073	0	1.83250583487512	0	0	0	0	0	0	0	0	0	0	0	0	0	0	0	0	0	0	0	0.771405439911369	0	0	0.756857972372857	0	0	0	0	0	0	0	0	0	0	0	2.28459148918587	8.05401837347888	7.26210990346337	7.69701180358082	7.23414350624485	0	0	0	0	0	0	0	0	0	0	0	0	0	1.53425327332603	0	0	0	0	0	0	0	0	0	0	0	0	0	0	0	0
Mir-430-P23	0	0	0	0	0	0	0	1.5476966437991	0	2.71847602260998	0.829694090990264	0	0.850044378990743	0	0	0	0	0	0	0	0	0	0	0	0	0	0	0	0	0	0	0	0	0	0	0	0	0	0	0	0	0	0	0	1.51563629299423	0	0	6.77233157588076	6.09214613224563	7.93009166872699	4.23478541945683	0	0	0	0	0	0	0	0	0	0	0	0	0	0	0	0	0	0	0	0	0	0	0	0	0	0	0	0	0	0
Mir-430-P24	0	0	0	0	0	0	0	0	0	0.845908281885073	1.35310696887963	0.890524894614324	0	0	0	0	0	0	0	0	0	0	0	0	0	0	0	0	0	0	0	0.771405439911369	0.78940532022063	0.663011481921439	0	0	0	0	0	0	0	0	0	0	1.51563629299423	0	1.55391615072	11.1019165753857	11.093539135835	10.9459150031808	11.0202420625426	0	0	0	0	0	0	0	0	0	0	0	0	0	1.53425327332603	0	0	0	0	0	0	0	0	0	0	0	0	0	0	0	0
Mir-430-P25	0	0	0	0	0	0	0	0	0	0	0.829694090990264	0	0.850044378990743	0	0	0	0	0	0	0	0	0	0	0	0	0	0	0	0	0	0	0	0	0	0	0	0	0	0	0	0	0	0	0	0	0	0	5.98555699254709	5.98195767587081	5.43578316692773	6.03072962413457	0	0	0	0	0	0	0	0	0	0	0	0	0	0	0	0	0	0	0	0	0	0	0	0	0	0	0	0	0	0
Mir-430-P26	0	0	0	0	0	1.52680305375237	2.15269143163183	0	0	1.76221610498131	2.0388694335583	1.43706842214372	1.38134581200857	0	0	0	0	0	0	4.51140228420935	0	0	0	0	0	0	0	0	0	0	0	0.771405439911369	0	0	0	0	0	0	0	0	0	0	0	0	0	0	0	8.08341247656409	8.19456138375704	7.94743773608162	8.04687241809207	0	0	0	0	0	0	0	0	0	0	0	0	1.57090978297909	0	0	0	0	0	0	0	0	0	0	0	0	0	0	0	0	0
Mir-430-P27a	0	0	0	0	0	1.52680305375237	0	0	0	0	0.829694090990264	0	0	0	0	0	0	0	0	0	0	0	0	0	0	0.680050647660377	0	0	0	0	0	0	0	0	0	0	0	0	0	0	0	0	0	0	0	0	0	7.25811310969625	7.43935387399878	5.95346423308815	8.99737854345171	0	0	0	0	0	0	0	0	0	0	0	0	0	0	0	0	0	0	0	0	0	0	0	0	0	0	0	0	0	0
Mir-430-P27b	0	0	0	0	0	0	1.44534677601554	0	0	1.76221610498131	0.829694090990264	0.890524894614324	2.07389750363558	0	0	0	0	0	0	0	0	0	0	0	0	0	0	0	0	0	0	0	0	0	0.756857972372857	0	0	0	0	0	0	0	0	0	0	1.49586600862742	0	10.7725931160255	10.5990746103869	10.5635903208936	10.2876315106125	0	0	0	0	0	0	0	0	0	0	0	0	0	0	0	0	1.62283230801153	0	0	0	0	0	0	0	0	0	0	0	0	0
Mir-430-P29a	0	0	0	0	0	0	0	0	0	0	0	0	0	0	0	0	0	0	0	0	0	0	0	0	0	0	0	0	0	0	0	0	0	0	0	0	0	0	0	0	0	0	0	0	0	0	0	6.29791745221535	6.58966614597846	7.47577767277789	7.47805482114839	0	0	0	0	0	0	0	0	0	0	0	0	0	0	0	0	0	0	0	0	0	0	0	0	0	0	0	0	0	0
Mir-430-P29b	0	0	0	0	0	0	0	0	0	0	0	0	0	0	0	0	0	0	0	0	0	0	0	0	0	0	0	0	0	0	0	0	0	0	0	0	0	0	0	0	0	0	0	0	0	0	0	6.96151787258558	6.64856181228789	1.56887233004962	3.89394407554264	0	0	0	0	0	0	0	0	0	0	0	0	0	0	0	0	0	0	0	0	0	0	0	0	0	0	0	0	0	0
Mir-430-P3	0	0	0	0	1.31400097922241	0	1.44534677601554	0	1.48245369299614	6.44491161425436	6.38188374110447	6.44689965897461	6.54371213086014	0	0	0	0	0	0	0	0	0	0	1.65713316502257	0	0	0	0	0	0	0	1.93648805423278	1.96844010402342	1.11554513343675	0.756857972372857	0	0	0	0	0	0	0	0	1.55258070593448	0	0	0	0	0	0	0	0	0	0	0	0	0	0	0	0	1.22656673517064	0	0	0	0	0	0	0	0	0	0	0	0	0	0	0	0	0	0	0	0
Mir-430-P31a	0	0	0	0	0	3.09184611955232	0	0	1.48245369299614	0	0	0.890524894614324	0	0	0	0	0	0	0	4.13531240426622	0	0	0	0	0	0	0	0	0	3.00876697253339	0	2.18099410926111	3.48504889141381	3.10164945979927	1.61796570082883	0	0	0	0	1.02706470079385	0	0	0	2.28298180006373	1.51563629299423	2.21433246896568	0	14.5321233012156	12.1350008013914	12.0659149631528	6.41255113731211	0	0	0	0	0	0	0	0	0	0	0	0	0	2.26085957392237	0	0	0	0	0	0	0	0	0	0	0	0	0	0	0	0
Mir-430-P31b	0	0	0	0	0	2.25185002066947	2.15269143163183	1.5476966437991	0	2.06680697500783	2.99923808426947	0	1.38134581200857	0	0	0	0	0	0	0	0	0	0	0	2.09340118656229	0	0	0	0	1.26888496964859	0	3.44586513758152	0.78940532022063	3.0001103619038	3.31722927963805	0	1.97710455401973	0	0	0	0	0	0	2.7655861005038	2.23832772712435	2.69175790032083	3.12837960343253	12.1083961994692	14.4842173817598	14.4020628088289	14.6726253235497	0	0	0	1.7732032383926	0	0	0	0	0	0	0	0	0	0	0	0	0	0	0	0	0	0	0	0	0	0	0	0	0	0
Mir-430-P33	0	0	0	0	0	2.25185002066947	2.15269143163183	2.75926244844499	1.48245369299614	1.76221610498131	2.99923808426947	2.96916041819176	1.76878525837759	0	0	0	0	3.25170053319166	3.82247589350521	0	0	0	0	0	0	0	0	0	0	0	0	1.27134418850794	1.96844010402342	0.663011481921439	1.61796570082883	0	0	0	0	1.02706470079385	0	0	0	2.28298180006373	3.98859312062283	3.7805555439424	3.12837960343253	15.0561011562891	14.978584801251	15.1299036921684	15.115045344256	0	0	0	2.54503943613696	0	0	0	0	0	0	0	1.21845573574718	2.30504833278199	0	0	1.51111217476574	0	0	0	0	0	0	0	0	0	0	0	0	0	0
Mir-430-P34	0	0	0	0	0	1.52680305375237	0	0	1.48245369299614	0	0.829694090990264	0.890524894614324	0	0	3.65446625688471	0	0	3.38380895003018	0	0	0	0	0	0	0	0	0	0	0	0	0	0	0	1.11554513343675	0.756857972372857	0	0	0	0	0	0	0	0	1.55258070593448	1.51563629299423	1.49586600862742	1.55391615072	12.5001080178378	12.6551309731369	9.11539157246509	10.4919454106666	0	0	0	0	0	0	0	0	0	0	0	0	0	0	0	0	0	0	0	0	0	0	0	0	0	0	0	0	0	0
Mir-430-P35a	0	0	0	0	0	2.25185002066947	0	0	1.48245369299614	0	0.829694090990264	1.83250583487512	0	0	0	0	0	0	0	0	0	0	0	0	0	1.14038079833273	0	0	0	0	0	0	2.21468729068628	1.11554513343675	0	0	0	0	0	0	0	0	0	1.55258070593448	0	2.21433246896568	0	13.2507503418546	13.4304930689271	11.5978565083555	8.58607304406232	0	0	0	0	0	0	0	0	0	0	0	0	0	0	0	0	0	1.53189714850589	0	0	0	0	0	0	0	0	0	0	0	0
Mir-430-P35b	0	0	0	0	0	0	1.44534677601554	1.5476966437991	1.48245369299614	1.76221610498131	2.28881398316065	2.14254477573674	0.850044378990743	0	0	0	0	0	0	0	0	0	1.10660602580349	0	0	0	0	0	0	0	0	0.771405439911369	0	0	0	0	0	0	0	1.02706470079385	0	0	0	2.28298180006373	1.51563629299423	2.21433246896568	1.55391615072	11.8283838230514	11.5395406879759	13.0942541603646	13.7002634753637	0	0	0	0	0	0	0	0	0	0	0	0	0	0	0	0	0	0	0	0	0	0	0	0	0	0	0	0	0	0
Mir-430-P35c	0	0	0	0	0	0	1.44534677601554	0	0	0	0	1.83250583487512	0.850044378990743	0	0	0	0	0	0	0	0	0	0	0	0	0	0	0	0	0	0	0.771405439911369	0	0	0	0	0	0	0	0	0	0	0	1.55258070593448	2.71759355703859	1.49586600862742	0	11.0455316443285	10.9719769644179	10.9321853861611	10.9533574907862	0	0	0	0	0	0	0	0	0	0	0	0	0	0	0	0	0	0	0	0	0	0	0	0	0	0	0	0	0	0
Mir-430-P38	0	0	0	0	0	0	0	0	0	0.845908281885073	0.829694090990264	0	0	0	0	0	0	0	0	0	0	0	0	0	0	0	0	0	0	0	0	0	0	0	0	0	0	0	0	0	0	0	0	0	0	0	0	9.99222057933683	10.1378910627191	9.90211802457224	7.6656723785438	0	0	0	0	0	0	0	0	0	0	0	0	0	0	0	0	0	0	0	0	0	0	0	0	0	0	0	0	0	0
Mir-430-P39	0	0	0	0	0	0	0	0	1.48245369299614	0.845908281885073	1.35310696887963	0	0.850044378990743	0	0	0	0	0	0	0	0	0	0	0	0	0	0	0	0	0	0	0	0.78940532022063	0	0.756857972372857	0	0	0	0	0	0	0	0	0	1.51563629299423	0	0	10.0866937095232	9.67185878118246	9.72569472015123	10.7410198384125	0	0	0	0	0	0	0	0	0	0	0	0	0	0	1.54662249830223	0	1.62283230801153	0	0	0	0	0	0	0	0	0	0	0	0	0
Mir-430-P4	0	0	0	0	0	0	0	0	0	5.65645492145274	5.75106130578758	6.07895855301678	5.89691639370984	0	0	0	0	0	0	0	0	0	0	0	0	0	0	0	0	0	0	0	1.29673565130016	1.45951188267731	1.91043550652645	0	0	0	0	0	0	0	0	0	0	0	0	0	0	0	0	0	0	0	0	0	0	0	0	0	0	0	0	0	0	0	0	0	0	0	0	0	0	0	0	0	0	0	0	0	0
Mir-430-P41	0	0	0	0	0	0	0	0	1.48245369299614	0.845908281885073	1.35310696887963	1.43706842214372	0	0	0	0	0	0	0	0	0	0.849683870771449	0	0	0	0	0	0	0	2.73096811242148	0	1.93648805423278	0.78940532022063	2.17002310132925	1.91043550652645	0	0	0	0	0	0	0	0	0	0	0	0	10.4379576690097	10.4986052343327	10.4187579751744	10.3709184459778	0	0	0	0	0	0	0	0	0	0	0	0	0	0	0	0	0	0	0	0	0	0	0	0	0	0	0	0	0	0
Mir-430-P42	0	0	0	0	0	0	0	2.27709214581421	0	0	0	0	0	0	0	0	0	0	0	0	0	0	0	0	0	0	0	0	0	0	0	0	0	0	0	0	0	0	0	0	0	0	0	1.55258070593448	0	0	1.55391615072	9.79312160762829	9.83288433972335	9.28871827640997	9.19316217924488	0	0	0	0	0	0	0	0	0	0	0	0	0	0	0	0	0	0	0	0	0	0	0	0	0	0	0	0	0	0
Mir-430-P43	0	0	0	0	0	0	1.44534677601554	0	1.48245369299614	0	1.35310696887963	0	1.38134581200857	0	0	0	0	0	0	0	0	0	0	0	0	0	0	0	0	0	0	0	0	0	0	0	0	0	0	0	0	0	0	1.55258070593448	0	0	0	10.0706378775867	9.96475024358916	9.7815680880378	9.94178821601554	0	0	0	0	0	0	0	0	0	0	0	0	0	0	0	0	0	0	0	0	0	0	0	0	0	0	0	0	0	0
Mir-430-P44	0	0	0	0	0	0	0	0	0	0	0	1.83250583487512	0	0	0	0	0	0	0	0	0	0	0	0	0	0	0	0	0	0	0	0	0	0.663011481921439	0.756857972372857	0	0	0	0	0	0	0	0	0	0	1.49586600862742	0	11.2197719902113	11.2479251016992	11.1600629295855	11.2881974619614	0	0	0	0	0	0	0	0	0	0	0	0	0	0	0	0	0	0	0	0	0	0	0	0	0	0	0	0	0	0
Mir-430-P45	0	0	0	0	0	0	0	0	0	0	1.35310696887963	0	0	0	0	0	0	0	0	0	0	0	0	0	0	0	0	0	0	0	0	0	0	0	0	0	0	0	0	0	0	0	0	0	0	0	0	5.44853983897403	7.25264937016558	5.22436661110733	7.12577450082207	0	0	0	0	0	0	0	0	0	0	0	0	0	0	0	0	0	0	0	0	0	0	0	0	0	0	0	0	0	0
Mir-430-P46	0	0	0	0	0	0	0	0	0	0	0	0.890524894614324	0	0	0	0	0	0	0	0	0	0	0	0	0	0	0	0	0	0	0	0	0	0	0	0	0	0	0	0	0	0	0	1.55258070593448	0	0	0	7.48651184630691	3.00415979702884	2.97884462579301	2.31083820596294	0	0	0	0	0	0	0	0	0	0	0	0	0	0	0	0	0	0	0	0	0	0	0	0	0	0	0	0	0	0
Mir-430-P47	0	0	0	0	0	0	0	0	1.48245369299614	0	0.829694090990264	0.890524894614324	0.850044378990743	0	0	0	0	0	0	0	0	3.07373121411012	0	0	2.74806979256362	0	0	0	0	0	0	0	0	0	0	0	0	0	0	0	0	0	0	0	2.71759355703859	0	1.55391615072	11.6473435545334	11.647705815501	11.4721598823803	11.5948455861209	0	0	0	0	0	0	0	0	0	0	0	0	0	0	0	0	0	0	0	0	0	0	0	0	0	0	0	0	0	0
Mir-430-P48	0	0	0	0	0	0	0	0	0	0	0	0	0	0	0	0	0	0	0	0	0	0	0	0	0	0	0	0	0	0	0	0	0	0.663011481921439	0	0	0	0	0	0	0	0	0	0	0	0	0	4.12194207932037	6.27147798853468	6.4023454771098	4.89347954418359	0	0	0	0	0	0	0	0	1.25788798244504	0	0	0	0	0	0	0	0	0	0	0	0	0	0	0	0	0	0	0	0	0
Mir-430-P49	0	0	0	0	0	0	0	0	0	0	0	0	0	0	0	0	0	0	0	0	0	0	0	0	0	0	0	0	0	0	0	1.93648805423278	1.29673565130016	2.50260421078998	0	0	0	0	0	0	0	0	0	0	0	0	0	9.95135337521087	6.30847375625193	9.98004117718063	11.0312079180348	0	0	0	0	0	0	0	0	0	0	0	0	0	0	0	0	0	0	0	0	0	0	0	0	0	0	0	0	0	0
Mir-430-P5	0	0	0	0	0	0	0	0	0	1.37561887557387	2.68732035761046	2.61426293196027	3.17401704465908	0	0	0	0	0	0	0	0	0	0	0	0	0.680050647660377	0	0	0	2.3866061014718	0	0.771405439911369	0	0	0	0	1.97710455401973	2.12751062648816	0	1.02706470079385	1.00535715333026	0.95387252234241	0.961691675863634	0	0	0	0	8.22201913041644	8.29935871237718	8.08962722155613	8.1460443541597	0	0	0	0	0	0	1.44931003566882	0	0	0	0	0	0	0	1.54662249830223	1.51111217476574	0	0	0	0	1.18008119085046	0	0	0	0	0	0	0	0	0
Mir-430-P50	0	0	0	0	0	0	0	0	0	0	0	0	0.850044378990743	0	0	0	0	0	0	0	0	0	0	0	1.39712653759989	0.680050647660377	0	0	0	1.93338566920081	0	0	1.96844010402342	0	2.70452922768783	0	0	0	0	0	0	0	0	0	0	0	1.55391615072	11.5149932774321	11.8565008333671	11.2812983809014	10.6353891267009	0	0	0	0	0	0	0	0	0	0	0	0	0	0	0	0	0	0	0	0	0	0	0	0	0	0	0	0	0	0
Mir-430-P6	0	0	0	0	0	1.52680305375237	1.44534677601554	0	0	2.5321613069548	2.0388694335583	3.87397141152802	3.03966611982601	0	0	0	0	0	0	0	0	0	0	0	0	0	0	0	0	2.73096811242148	0	0	1.29673565130016	0.663011481921439	0	2.11180087023049	0	3.4736421774783	1.94613051722549	1.62093710370287	1.00535715333026	0.95387252234241	0.961691675863634	1.55258070593448	0	0	1.55391615072	9.99686238952528	9.85493477235649	9.69863336067103	9.78542153737535	0	0	0	0	0	0	0	0	0	1.22656673517064	0	0	1.57090978297909	0	0	1.51111217476574	0	0	0	0	0	0	0	0	0	0	0	0	0	0
Mir-430-P7	0	0	0	0	0	0	0	0	1.48245369299614	1.76221610498131	1.35310696887963	2.39759829554767	2.07389750363558	0	0	0	0	0	0	0	0	0	0	0	0	0	0	0	0	1.26888496964859	0	1.27134418850794	0.78940532022063	0	0	0	2.7811588339805	2.12751062648816	1.94613051722549	0	0	0.95387252234241	0.961691675863634	0	0	0	2.28459148918587	8.8809726758474	8.98488325690546	8.81820046270491	8.74104404410651	0	0	0	0	0	0	0	0	0	1.22656673517064	0	1.21845573574718	0	0	0	0	0	0	0	0	3.4760138094461	0	0	0	0	0	0	0	0	0
Mir-430-P8a	0	0	0	0	0	0	2.62523499990772	0	0	0.845908281885073	0	3.37745076184522	3.61303525493053	0	0	0	0	0	0	0	0	0	0	0	2.09340118656229	0.680050647660377	0	0	0	0	0	0	0	0	0	0	0	0	0	0	0	0	0	0	0	1.49586600862742	2.28459148918587	8.72930955326066	9.02711176335065	12.0009423636386	9.20773474323384	0	0	0	0	0	0	0	0	0	0	0	0	2.78926187160716	1.53425327332603	0	0	0	0	0	0	0	0	0	0	0	0	0	0	0	0
Mir-430-P8b	0	0	0	0	0	0	0	0	2.19801358191114	2.31816639064438	2.85169262068423	0	0	0	0	0	0	0	0	0	0	0	0	0	0	0.680050647660377	0	0	0	0	0	0	0	0	0	0	0	0	0	0	0	0	0	1.55258070593448	2.23832772712435	0	0	12.0530120228536	11.9585845618035	6.75737852573444	11.9223976829042	0	0	0	0	0	0	0	0	0	0	0	0	0	0	2.27579629039564	1.51111217476574	0	0	0	0	0	0	0	0	0	0	0	0	0	0
Mir-430-P9a	0	0	0	0	0	0	0	2.75926244844499	2.19801358191114	3.86351545763959	3.36844730930774	3.37745076184522	3.70468891608217	0	0	0	0	0	0	0	0	0	0	1.65713316502257	0	0.680050647660377	1.0522884103283	0	0	0	0	0	0	0	1.61796570082883	0	0	0	0	1.02706470079385	0	0	0	2.7655861005038	3.60353666200386	0	3.86323618808569	14.582338294329	7.85022249509545	14.4352936861842	14.5412531693614	0	1.78657782372909	0	0	0	0	0	0	0	0	0	0	2.30504833278199	1.53425327332603	2.27579629039564	0	0	0	0	0	0	0	0	0	0	0	0	0	0	0
Mir-430-P9b	0	0	0	0	0	0	1.44534677601554	0	0	0.845908281885073	0.829694090990264	0	2.07389750363558	0	0	0	0	0	0	0	0	0	0	0	0	0	0	0	0	0	0	0	1.67133216927205	0	0	0	0	0	0	0	0	0	0	0	0	3.049863509461	0	10.8878680651951	14.5985524790448	10.9408719119191	8.9662914542259	0	0	0	0	0	1.44353758141309	0	0	0	0	0	0	0	0	0	0	0	0	0	0	0	0	0	0	0	0	0	0	0	0
Mir-431	7.19378101353464	8.66684092478439	5.54447290400462	8.16129878414175	6.29071289410926	3.61927174916568	2.15269143163183	3.12002016620792	3.03156151085641	4.21278032703299	3.82926544973099	4.2426680626679	3.94916274589706	0	0	0	0	0	0	0	0	7.61258273653685	9.27697939459578	8.46857620858636	6.08713094955037	4.93109697626413	6.38687799198264	7.05962844645782	6.72961978985695	6.75677231242427	5.47186378191715	7.17499717547081	7.06136431065858	6.78257723203327	7.25509854748941	3.45508583701279	3.29440963269816	3.4736421774783	3.93234288145897	4.13799367357958	4.46964170909262	4.49521545308721	4.01448707909499	1.55258070593448	3.80887342543908	1.49586600862742	2.28459148918587	9.36073122827494	9.4120138514756	9.35304417801257	9.34808923064894	5.46314547858227	4.18187297657636	4.30722455564533	4.34659979658497	2.63209050256798	2.62283885480155	2.98606444080148	3.50225010351232	3.4249459071449	2.3277687582711	3.10898151970837	2.657159825374	2.30504833278199	3.10190872756461	2.75787084821199	3.07059324226191	3.75261418074035	3.38657537339801	3.53623955202953	4.0970924071356	0	0	0	9.36752163008088	0	0	0	0	0	0
Mir-432	7.57848358641971	7.98957223347759	5.76244260620772	7.89257428146786	6.75507014950983	3.37952816666867	2.15269143163183	3.12002016620792	3.3177639893336	3.03149468427259	2.99923808426947	3.95563440370631	2.89150687066651	0	0	0	0	0	0	0	0	7.51631510990893	7.9598726838397	7.63776995030422	7.31348847163285	5.21458179680029	8.11359060697172	5.13816140187757	5.11063508145422	5.91192173319217	3.95049331164109	7.39090762636904	7.37797526110096	7.13369560435269	7.44981897567797	3.45508583701279	2.7811588339805	3.4736421774783	3.25703906497248	4.95876565543665	4.59521296381253	4.15923954301933	3.6289027180168	2.7655861005038	1.51563629299423	3.7805555439424	3.12837960343253	7.92357342609617	7.80563169643509	7.81510731139172	7.88704941194649	5.46314547858227	5.14157091307703	5.45828456538053	4.50862413138496	3.27282852460369	3.70477111257937	4.19438197448592	3.70633851331011	5.2163695531368	5.05147067733601	5.33663878626952	5.64668330663406	3.15115746075381	3.62974229700264	4.03303476592037	4.74975713172576	4.80927444084253	4.56680913866111	4.7248468060755	3.70988470491148	0	0	0	0	0	0	6.08943441674269	0	0	0
Mir-433	3.76370621484117	5.152336626504	3.47887393119371	5.18523037227403	3.9875946658049	1.52680305375237	2.15269143163183	2.27709214581421	1.48245369299614	2.5321613069548	2.28881398316065	3.2537631447425	2.53986310590283	0	0	0	0	0	0	0	0.470169270988792	8.17670726370433	9.32446965266935	9.26411217808689	5.31476593771495	4.25292121919824	6.80223360297959	3.0769477366436	3.85001965015716	3.61800600637165	0	7.82343891337889	7.86182561926915	7.54315727120028	7.9579174981075	2.11180087023049	0	3.4736421774783	0	3.75001530842599	3.81728814114049	4.30314539924	4.17445921364338	2.28298180006373	0	0	0	6.68298498289053	6.71895339989695	6.60540008203836	6.75443650114764	3.85528626750858	3.72789631992849	0	3.71045956913623	2.98774198735876	2.62283885480155	2.98606444080148	2.97958245531887	3.75735241708837	3.55099363318407	3.10898151970837	3.36300636743547	2.78926187160716	3.38983163278759	2.27579629039564	3.07059324226191	2.85586456954887	2.25801136368953	3.24506977336074	3.17902127432894	0	0	0	0	0	0	0	0	0	0
Mir-4424	2.3769176484058	2.24385930163119	0	0	1.99008428092361	0	2.15269143163183	2.27709214581421	2.67416840857219	2.06680697500783	1.35310696887963	1.43706842214372	1.76878525837759	0	3.36726961930544	3.74885174221942	0	3.10626417748895	3.50837925802025	3.46351807238243	4.22670208135586	0	0	0	0	0.680050647660377	0	0	0	1.26888496964859	0	0	1.96844010402342	0.663011481921439	1.61796570082883	2.93444289319457	3.29440963269816	3.85584163118431	2.74562293223415	1.62093710370287	2.00802828865477	0.95387252234241	1.5336553038736	1.55258070593448	1.51563629299423	0	1.55391615072	1.06631564158912	0	0	0	0	0	0	0	0	3.26293655560256	2.15754450173878	2.15179039474782	3.4249459071449	0	1.18351117428896	2.31641372235756	3.15115746075381	2.26085957392237	1.54662249830223	3.07059324226191	2.36725402140542	2.25801136368953	1.64168482374576	2.81612731370579	0	0	0	0	0	0	0	0	0	0
Mir-448	0	0	0	0	0	0	0	0	0	0	0	0	0	0	0	0	0	0	0	0	0	0	0	0	0	0	0	0	0	0	0	3.6218654121802	2.77122957800882	3.19650958120923	3.10230043042492	0	0	0	0	0	0	0	0	0	0	0	0	0	0	0	0	0	0	0	0	0	0	0	0	0	0	0	0	1.57090978297909	0	0	0	0	0	0	0	0	0	0	0	0	0	6.08943441674269	0	0	0
Mir-450-P1	2.72079149910524	4.54965358083001	3.1063370451116	1.6832459638687	1.31400097922241	4.55934456073624	7.22112611731088	4.19467814570011	7.19311220414499	4.6847780942395	2.68732035761046	0.890524894614324	1.76878525837759	0	0	3.88715556510804	0	1.3347396199847	0	0	0	4.81101253224312	5.15386768827505	4.49434635190898	4.11583632555823	3.41076658010507	5.05374138584508	0	7.89536483689436	6.46605041792709	5.87875150837616	3.2453712128247	3.17184422763979	1.11554513343675	0.756857972372857	5.84496769032873	5.75131334817871	4.40720119599839	3.93234288145897	4.69537980334253	7.32351042902043	6.63505561008084	6.52307351212073	2.7655861005038	3.80887342543908	5.42181847815007	5.73540104666857	8.18994770631407	5.0490033924347	8.35090989069089	4.98655991039822	1.88541361357369	2.56069327422785	2.67143578140483	3.41582379957016	5.81911942548641	5.14557131226687	6.20344622753987	6.09072410303855	3.4249459071449	3.37582638759204	2.60529408029441	2.657159825374	3.88717823850436	3.62974229700264	4.33722886528108	4.74975713172576	3.51082947376903	2.25801136368953	3.53623955202953	2.81612731370579	0	0	0	0	0	0	6.08943441674269	0	0	0
Mir-450-P2	4.03377058543775	3.81538951670302	3.47887393119371	3.59185713033734	3.0757901928795	7.36358770133784	5.76611184088864	7.37869376194196	5.57440814870941	0	4.64941785495839	4.90837660069251	4.82206302438496	0	0	0	0	2.01599670843097	0	0	0	6.99924773200424	2.7584999950763	4.00694808440103	4.50127251676333	0.680050647660377	4.62199137190574	6.65353093939616	8.39448453960415	3.00876697253339	3.95049331164109	0	0.78940532022063	2.17002310132925	1.25072685083557	3.83685525174689	2.7811588339805	6.0228769137423	5.62958203758528	7.320075648502	1.00535715333026	5.58054532197239	5.70514803885215	4.90694879683001	5.25493340684441	3.96001785335902	3.86323618808569	6.19395289983319	8.44353125326868	1.56887233004962	8.28537654776178	3.55806594216254	0	0	0	0	5.34187921174494	0	0	3.75735241708837	0	3.30728596208954	2.657159825374	2.30504833278199	2.74182383123227	0	1.51111217476574	2.85586456954887	3.38657537339801	3.77839794888041	1.59179007653147	0	0	0	0	0	0	0	0	0	0
Mir-450-P3	5.99805710827137	6.5174826926935	1.82265302529723	5.27035885773608	4.86985756541978	9.0944080898359	9.171368065416	9.25443704681825	8.97036979618824	6.36342324857593	6.6840810540955	6.40390417513307	6.54371213086014	0	5.93090370733961	3.35013962483162	4.75145068179238	4.12439721689565	0	5.87209924286572	3.69414827182022	4.99462863787474	5.84588758894346	6.48074276845864	2.91361887668775	4.25292121919824	3.9030013928442	7.6885743493115	9.93763111068324	6.84787105767533	6.19576754938759	3.44586513758152	4.60333438137623	4.01506866730427	4.0157598912079	7.44095102505307	7.46940806898599	7.71367496696585	7.27690039506725	9.10065539614265	9.14766667418817	8.92599876286401	8.90263589607959	6.79707264452571	6.55401247048568	6.78424272064806	6.52353277438784	9.74977866361867	9.654003343938	9.62687899360454	9.61913702467387	4.31194758102156	5.23837932602297	4.65350890705815	3.95500796807001	6.91387596310908	6.44283552280098	6.75899601846697	6.72840451824892	4.84945279550306	4.92988930383375	5.03484167623787	4.91616374981599	5.3369403451213	4.87998857610269	5.36973898806007	5.10036139162433	5.54706094843373	5.59369619999211	5.12618006411199	5.56460124575506	0	0	0	0	0	0	0	6.08161444745164	0	0
Mir-451	0	2.72354474182216	0	0	0	11.5961952349888	11.5661750546851	11.7205944932933	11.6260051011946	11.8962398278948	11.8433557114413	11.9414076805339	11.8768916180126	9.25574468542222	5.83650349806833	1.99119172225506	6.16413536887776	6.62544045439345	0	6.32086726901875	8.70156017209094	15.7558807267926	14.7245801366328	14.2334025104619	14.305422130258	15.0755256171884	14.170596493713	0	0	1.26888496964859	0	11.6837170050053	11.7385218094966	11.392980120171	11.6223838338198	13.6271163073095	13.4594927199065	13.7017949741056	13.4608101603523	11.4335310708339	11.4613864524077	11.2621599596046	11.3606391360955	13.6715054411821	13.6609461864002	13.6287740223872	13.7758499769889	14.3078299444832	14.2677285357029	14.2244670390754	14.2432181241725	11.9608331659999	11.9188371391898	11.9607283769182	11.9017970760158	10.1433415792912	10.1607707286599	10.114647471146	10.1537703122517	15.3718237123187	15.3284617129022	15.2843453922836	15.3908119478521	11.1779371348386	11.0736683649859	11.0874224320442	11.1075792302845	12.6932808133497	12.6396943044052	12.7480363602456	12.7294026556386	15.7559754153542	0	0	0	8.0562500135055	0	6.08943441674269	0	10.5331754970906	10.7986560860111
Mir-452-v1	4.85607534813986	5.26176566173267	2.60279459058997	4.53075560603652	1.99008428092361	4.00465679151571	3.50331011607601	0	4.60437166065597	7.17523791680092	7.10649792207448	7.45975413678269	7.06850269355233	6.73616313101678	6.8267161395795	6.204927782607	6.07269436048723	6.13784897868335	7.29392968629703	8.06799001004099	6.63850296045094	5.72071177826908	4.44366785751587	4.96136797036911	3.63649166902968	4.98695678365454	6.4052726299059	4.79585951497786	7.17141542336183	5.23471454477968	0	2.18099410926111	3.17184422763979	1.11554513343675	2.36144229461087	3.83685525174689	5.67042578985559	4.15770202915441	5.25149756639678	2.62979231703988	3.33155669407696	3.08687234965292	3.51393471826975	6.18063162370203	5.38899813183725	4.72708593018051	5.56885706574229	8.83677879529552	8.69124208536959	7.61254421015754	7.03062400940966	6.69201362268173	6.01566810575686	3.85065663042808	5.82315755185673	3.27282852460369	3.70477111257937	2.63048064510923	2.62426091899581	5.41763709286157	5.31696889587954	5.79870946560889	6.10172837311561	5.3369403451213	4.78394830629079	5.55801599849711	6.11813092463879	4.57759183010768	6.18751084329895	6.492696142502	3.70988470491148	0	0	0	0	0	0	7.07880176675778	8.23487513206315	0	0
Mir-452-v2	4.78469416943903	3.49514731278527	3.77468739805016	5.63380708574387	3.68822604540525	2.25185002066947	4.4382524511393	4.89977992714311	1.48245369299614	6.7095867220275	6.61711563245469	6.52922753975062	6.68544486405136	6.86013392694945	6.28220233677397	6.01884056447321	6.86705872487594	7.9214643491094	6.50710679125626	0	6.77164039708816	3.74767128674568	7.31300719515692	6.64499579514768	5.19118302698838	4.84302990638835	5.30951828495639	8.37181721036692	4.23982610286169	6.34617492253547	4.90306399973185	0.771405439911369	0	1.96972027651603	2.54316049606998	4.38776437228855	3.672208705986	4.40720119599839	3.25703906497248	3.04703515298415	4.01002839961055	3.2378064250249	1.94214918074719	4.20169079717216	4.65364693896003	5.64814952096206	5.16391534496384	7.60475279775734	7.94137164632681	8.67282328311207	8.82535849789104	5.77851785590262	6.3110413262079	6.76038831491558	5.76018501161865	4.4460540593364	4.18576331850142	4.32470379306534	5.07536138848106	5.92677081252628	5.77092882521531	5.33663878626952	4.08097315241035	5.86187304523053	5.7060439263533	5.49794626626232	4.14181463318916	6.16416042617896	4.01196675060063	4.16690833192208	6.41950029723196	0	0	0	0	0	0	7.07880176675778	8.38639926224633	0	0
Mir-4524	0	0	0	1.6832459638687	0	0	2.98059768693628	2.75926244844499	2.19801358191114	2.31816639064438	2.68732035761046	0	1.76878525837759	0	0	0	0	0	0	0	0	0	1.10660602580349	0	0	0	0	0	0	1.93338566920081	0	0.771405439911369	1.67133216927205	1.11554513343675	1.25072685083557	0	3.97132346533563	0	3.63384787769828	2.36499121144135	2.81652647077442	2.24739919023902	2.26013680830463	2.28298180006373	1.51563629299423	0	2.28459148918587	1.06631564158912	0	0	0	1.88541361357369	1.78657782372909	1.88178770628316	2.54503943613696	1.45052704271402	0	1.44931003566882	2.62426091899581	1.91949561640633	1.22656673517064	1.18351117428896	1.21845573574718	0	0	1.54662249830223	0	1.62283230801153	3.09872840635708	1.64168482374576	1.59179007653147	0	0	0	0	0	0	0	0	0	0
Mir-455	6.14780118520543	8.42948814452203	10.8419383625356	6.65130096897286	9.92635659351103	6.65417349068422	6.47390734432382	6.09428893930597	6.76359931994774	7.08491381919858	7.07357450288305	7.21641736245671	7.19241812407473	8.25358794862861	8.63118037227538	6.58421648785456	8.48572073771101	8.95523221470097	8.4530519816868	9.15522724131658	9.32663755034648	2.53919256239931	1.72542237294981	1.65713316502257	0	1.14038079833273	1.65426755789772	9.14165012712157	9.84242461414252	8.22138302452339	9.37975149818263	6.74200316564485	6.90355636933006	6.08935404216371	6.687779449525	9.20224134274814	9.13435209704126	9.23072628669041	9.10027353221856	7.64581524026194	7.76553266039949	7.55056193044895	7.76817524935849	6.10159735778112	6.69011950470591	6.34153562802464	6.46149381896446	8.67241567058606	8.66651945688698	8.60521519865444	8.63361746339239	8.38857251105855	8.2516930734257	8.13068740699274	8.03428730825961	7.67079939005003	7.58425259308039	7.65656650987048	7.81279533796787	6.62061240792752	7.07691648485248	6.89760178629364	6.95894332047881	7.67245904304477	7.71151091294499	7.59344658918792	7.63649239360642	6.74240140846028	6.9315192512953	6.7699741267061	7.02137752190497	0	0	0	0	8.0562500135055	0	7.66020256532945	8.64871492490779	0	0
Mir-459	0	0	0	0	0	0	0	0	0	0	0	0	0	0	0	0	0	0	0	0	0	0	0	0	0	0	0	0	0	0	0	0	0	0	0	4.38776437228855	3.97132346533563	2.95219506569975	3.25703906497248	0	0	0	0	0	0	0	0	0	0	0	0	8.31723812641025	8.14335720148862	8.15807101808802	8.0736669304078	0	0	0	0	1.91949561640633	1.87977978791294	1.18351117428896	1.21845573574718	8.19326004698168	8.32862568776183	8.20438827914139	8.29324248265613	7.88274298703232	7.91432904295886	7.84544249666564	7.93499984102771	1.82039979604063	0	0	0	0	0	0	0	0	0
Mir-4637	0	0.951704251394096	0	0	0	0	0	0	0	0	0	0	0	0	0	0	0	0	0	0	0	0	0	0	0	0	0	0	0	0	0	0	0	0	0	0	0	2.12751062648816	0	0	0	0	0	0	0	0	0	0	0	0	0	0	0	0	0	0	0	0	0	0	0	0	0	0	0	0	0	0	0	0	0	0	0	0	0	0	0	0	0	0	0
Mir-4661	0	0	0	0	1.31400097922241	3.61927174916568	2.98059768693628	4.33878101971953	4.09997858211246	0.845908281885073	1.35310696887963	0.890524894614324	0.850044378990743	4.09344896761954	4.40800829579472	4.56822464430006	0	3.25170053319166	0	4.0618635814048	0	1.48786626400358	1.10660602580349	0	0	0	0	2.44968383849089	0	1.26888496964859	3.95049331164109	0.771405439911369	1.29673565130016	1.11554513343675	0	0	0	0	2.74562293223415	1.02706470079385	0	0	0	0	0	0	0	3.57782598322377	2.81142994505069	1.56887233004962	3.15759762394301	0	0	0	0	0	0	0	0	1.25788798244504	0	1.18351117428896	1.86945692385663	2.30504833278199	1.53425327332603	0	2.23284297951258	0	0	0	0	0	0	0	0	0	0	0	0	0	0
Mir-4662	0	1.52020208391082	0	1.6832459638687	1.31400097922241	8.03630435517469	7.69900969377301	7.94958170086562	7.94725869700126	5.43502802486153	5.64300281711051	5.79821725798819	5.30460981885138	5.64320171838019	7.26226288597297	7.01372552396044	5.86429526435788	7.22473910198586	6.9236659715766	7.40014164388596	6.45427787585386	2.14043527568175	1.72542237294981	1.65713316502257	1.15401516292582	2.2057603370744	3.09029744088326	5.31030444514447	7.47329459532111	2.3866061014718	5.87875150837616	4.64591385842341	5.01433569724456	4.38094185728812	4.43923696059179	8.18011071925786	8.12937077599261	8.11535341982728	8.08784805282844	5.37424234218083	5.29582347675984	5.55201411683039	5.28183511770262	2.28298180006373	0	3.049863509461	2.28459148918587	5.61881014098724	5.36218933789594	5.1859098147899	5.54100974143013	5.847655091092	5.23837932602297	5.77363476656606	5.82315755185673	2.63209050256798	2.1504750497362	2.98606444080148	3.50225010351232	3.89864748300545	3.37582638759204	1.18351117428896	1.86945692385663	4.22791666466431	3.83538785769676	4.03303476592037	3.80240809363414	3.95963430477396	3.38657537339801	2.38973209243396	4.40206124009239	0	0	0	0	0	0	0	0	0	0
Mir-4664	1.26188337846119	0	0	0	0	0	0	0	0	0	0	0	0	0	0	3.56322588935902	0	2.88628833157928	3.38639412505416	0	0	1.13957361397743	0	0	0	0.680050647660377	0	1.31478616941387	0	1.26888496964859	0	0	0	0	1.61796570082883	0	0	0	0	0	0	0	0	0	0	0	0	0	0	1.56887233004962	0.993078815701568	0	0	0	0	0	0	0	0	0	0	0	0	0	0	0	1.51111217476574	0	0	0	1.59179007653147	0	0	0	0	0	0	0	0	0	0
Mir-4677	4.36269455551836	3.99516771968323	3.47887393119371	3.59185713033734	3.51148159801617	3.82479460923886	4.74680940648492	5.23060660176105	3.94053185886368	4.08303628748327	4.23864125502666	3.37745076184522	3.87218440978285	6.85059898875441	7.19223658781729	7.19245017606737	7.89389175431953	7.70908779852226	7.06457047043323	7.88844684150539	7.37748545909606	2.53919256239931	3.99945889481216	0	2.22526594802343	1.14038079833273	1.0522884103283	4.23663457157243	5.11063508145422	5.57051854978008	4.90306399973185	3.77871037111646	3.57596917127343	3.66308118291362	3.5893922800449	2.93444289319457	4.77785062325408	4.80513909355399	4.39051452010763	3.63419962438729	4.46964170909262	3.81955711052345	3.25222343783925	4.04153318780264	3.36404642369147	4.39394288092158	3.86323618808569	3.11412555884283	3.58932008446346	3.30016369946288	3.15759762394301	4.10161056853098	4.52666987325543	4.30722455564533	4.34659979658497	3.89381166704117	3.50070247396359	3.71319205032341	3.88510155209743	3.60070164349167	2.94494688679439	3.10898151970837	3.36300636743547	3.15115746075381	3.38983163278759	4.03303476592037	2.71169103855838	4.30144982779525	4.01196675060063	4.7248468060755	2.81612731370579	0	0	0	0	0	0	0	0	0	0
Mir-4731	0	0	0	0	0	0	0	0	0	0	0.829694090990264	0	0	0	0	0	0	0	0	0	0	0	0	0	0	0.680050647660377	0	0	0	1.26888496964859	0	0	0	0.663011481921439	0	0	0	0	0	0	0	0	0	0	0	0	0	0	0	0	0	0	0	0	0	0	0	0	0	0	0	1.18351117428896	0	0	0	0	0	0	0	0	0	0	0	0	0	0	0	0	0	0	0
Mir-4766	0	0	0	0	0	0	0	2.27709214581421	1.48245369299614	0.845908281885073	0	0	0.850044378990743	0	0	0	0	0	0	0	0	1.5874922079002	1.10660602580349	1.65713316502257	0	1.14038079833273	1.0522884103283	0	1.69452393572146	1.93338566920081	0	0	0	1.11554513343675	0.756857972372857	0	0	0	0	0	1.00535715333026	0	0.961691675863634	0	0	0	0	0	1.00237849534382	0	0	0	0	0	0	0	0	0	0	0	0	0	0	0	0	0	1.51111217476574	0	1.53189714850589	0	0	0	0	0	0	0	0	0	0	0	0
Mir-483	0	1.92693624548686	0	4.53075560603652	0	4.00465679151571	3.50331011607601	4.33878101971953	4.24354391114854	5.32453712421291	5.23010683477681	5.42084191330103	5.21393189379909	0	0	0	0	0	0	0	0	3.76904909541218	3.35432195814441	4.85801051298294	3.43330521670687	6.10953081727964	2.67108583026443	3.51267972586876	4.79910842918395	6.41928857463634	4.90306399973185	1.64191381452072	1.96844010402342	1.45951188267731	2.54316049606998	8.46419581566037	8.03559589405045	8.26508143345644	7.7860180241093	3.63419962438729	3.00936200401074	3.7204807057265	3.51393471826975	3.12658572011525	1.51563629299423	2.21433246896568	2.76731407405506	8.74778628205892	8.72241822747437	8.69010057442273	8.57861742532892	4.6582854612605	4.36454759470457	4.65350890705815	3.41582379957016	2.15903414483269	2.1504750497362	0	1.4446112134343	3.22476937606533	1.22656673517064	2.87900857871701	3.36300636743547	1.57090978297909	2.74182383123227	3.11857518443607	0	2.85586456954887	3.38657537339801	2.87988227457315	2.81612731370579	0	0	0	0	0	0	0	6.08161444745164	0	0
Mir-486	9.91957172773102	10.0336831759918	6.40482241249237	8.49774813670222	7.72829295934485	16.4841291689143	16.3901347773364	16.5540240240964	16.4634619482248	15.0321311715933	14.9963185168973	15.1419311435897	15.0180037869745	16.8899646771437	13.6285318152382	12.502982121185	13.1909180407956	12.4178906315255	12.4527533542265	12.9405956798385	16.1404617856056	16.0586218233669	14.9181248410259	15.8012200917614	14.907191053047	13.0204410900079	12.9147107022049	6.58811333603295	5.64982851301949	6.3709601273829	5.47186378191715	12.3109001871206	12.3635789977878	12.0394450178347	12.2236210484896	14.1540655125598	13.9814938649105	14.1588734212229	13.9248133492202	11.5888886465757	11.5748404587122	11.4351965579703	11.49079579267	14.2041880802802	14.1810666750821	14.0934049170306	14.1595063988924	13.6977811329378	13.6367254765865	13.5677886897411	13.5607189377734	12.1877641497006	12.0687018049258	12.2383690954567	12.0815739296488	9.6899027725181	9.8633338230151	9.88041183238801	9.72528148121001	15.0969113929743	15.0960713719681	15.0118934883096	15.1066697627885	11.2683203370462	11.1824386465529	11.2969239160725	11.2259810730905	12.3536302323751	12.211702072904	12.3900291255835	12.2732029123181	19.8456581440935	0	0	0	10.8589517000259	11.0137312085024	9.97641358373028	9.15015763927684	0	0
Mir-488	0	0	0	0	0	0	0	0	0	1.37561887557387	1.35310696887963	1.43706842214372	1.38134581200857	0	0	0	0	0	0	0	0	0	0	0	1.78686700240913	0.680050647660377	0	0	0	0	0	6.78887403679547	7.02954581581742	6.73596299204561	6.95169898869672	0	0	2.12751062648816	0	2.36499121144135	3.00936200401074	2.24739919023902	1.94214918074719	0	1.51563629299423	0	0	1.06631564158912	1.58813295724365	0.987949226811437	0	0	0	0	3.41582379957016	0	0	0	0	0	0	1.82479947403407	0	1.57090978297909	1.53425327332603	0	0	0	0	1.64168482374576	0	0	0	0	0	0	0	0	5.102760991841	0	0
Mir-489-v1	0	0	0	0	0	0	5.46212001811134	3.64858055929813	6.14924290557339	1.76221610498131	1.7363560937758	1.43706842214372	1.38134581200857	0	0	0	0	0	0	0	0	0	0	0	0	1.76925718725172	0	0	0	0	0	0	2.60846228898509	0	1.91043550652645	0	0	0	0	0	2.59388006992893	2.24739919023902	0	0	0	0	2.28459148918587	2.4266175817084	4.52810870172099	4.43633755658424	5.54100974143013	0	0	0	0	0	0	1.44931003566882	0	0	1.87977978791294	1.82479947403407	1.86945692385663	0	2.26085957392237	1.54662249830223	3.35776089214979	1.62283230801153	0	3.24506977336074	1.59179007653147	0	0	0	0	0	0	0	0	0	0
Mir-489-v2	0	0	0	0	0	5.74634101781724	4.8365565724271	5.77763019891025	3.3177639893336	0	0	0	0.850044378990743	0	0	0	0	0	0	0	4.36799103957634	0	0	0	0	0.680050647660377	0	0	0	0	0	2.18099410926111	1.67133216927205	2.17002310132925	0.756857972372857	0	0	4.15770202915441	1.94613051722549	2.04040900376453	1.00535715333026	0	3.10110175432935	3.12658572011525	2.71759355703859	2.21433246896568	0	5.3743756652516	4.81193851456033	4.88350088558353	1.57572685667555	0	1.78657782372909	0	1.7732032383926	1.45052704271402	1.44353758141309	0	2.62426091899581	0	0	0	1.86945692385663	3.15115746075381	2.26085957392237	0	1.51111217476574	2.36725402140542	3.09872840635708	0	2.33011731701284	0	0	0	0	0	0	0	0	0	0
Mir-490	0	0	0	0	0	0	0	0	0	10.3946845707609	10.3866685567233	10.4648200751974	10.3772467099931	0	0	0	0	2.30975210958317	0	0	0	2.20460306498222	0	3.26537195911095	0	1.76925718725172	1.65426755789772	0	0	4.86765186259691	0	6.17792007449798	6.42992288785934	5.72577402473533	6.36452263557119	5.75907271149473	4.61448436515358	5.8650201744293	5.54393934772233	0	1.00535715333026	0.95387252234241	0	0	0	0	1.55391615072	4.51611435295351	3.91132728644446	3.67811292100456	4.07440703314392	2.67563002213424	1.78657782372909	0	3.04515659866357	8.22443369046426	7.98766681786821	8.38818705640721	8.14664869473381	8.97132341116336	8.98360813498464	8.94541098566576	9.06547252455312	8.52195814390718	8.49710578320934	8.52345583542343	8.53550622092341	7.76353262868895	7.65474910402952	7.8718006527204	7.92307632553436	0	0	0	0	0	0	0	0	0	0
Mir-491	0	0	0	1.6832459638687	1.31400097922241	3.82479460923886	3.70741205529201	3.40837227582676	3.55648016717492	3.16574472396543	2.85169262068423	3.2537631447425	2.32561145568561	0	0	0	0	0	0	0	0	4.36818144037857	4.72106974201574	2.89949959885145	4.67279149055238	3.41076658010507	4.26715256876672	1.9910670551664	2.45243762834759	1.26888496964859	0	4.32820165155602	4.76664963657405	4.06620778798603	4.2429809676885	0	0	0	0	0	1.00535715333026	0	0.961691675863634	3.12658572011525	2.23832772712435	2.21433246896568	1.55391615072	0	2.32573180748621	2.3025982432924	0	0	0	1.88178770628316	0	2.15903414483269	1.44353758141309	2.15754450173878	2.15179039474782	1.91949561640633	2.66911242541594	2.60529408029441	0	0	1.53425327332603	0	0	2.36725402140542	1.53189714850589	1.64168482374576	0	0	0	0	0	8.0562500135055	0	0	0	0	0
Mir-493	8.30181324610474	9.60056261708209	7.10867905295921	9.27663430649454	8.08484445004164	5.04373487300583	5.46212001811134	4.19467814570011	5.4014741438029	6.27705514105485	6.27008465230347	6.46095137878183	6.30100167404106	3.64143736662373	0	0	0	0	0	0	0	7.93333167796915	9.85489092132957	8.95534510246765	5.76833781111902	4.61386423901158	8.33603795569547	7.16806872848627	7.69192813339924	6.99862115846679	4.90306399973185	3.44586513758152	3.17184422763979	3.72803706311476	3.66978748445024	5.35288772441045	5.5847323239064	5.77910356571191	5.13917288757464	7.320075648502	7.47006556543319	7.31618214001562	7.4065997896695	4.70787715278913	5.10712218871093	4.9975488295052	5.50877737521602	10.1125874626911	10.0935369571089	9.94880101716082	9.96627764979559	6.49059282120493	6.12098967120727	6.25150709217187	5.94141180305894	5.47011282361437	5.40179682656542	5.62823928150116	5.76497063900078	5.67503512082369	5.8059081724748	5.54740039798313	5.4417225346193	5.81213266589664	5.21067371101244	5.49794626626232	5.17614880772738	5.09915425841075	5.20717094122041	4.93942417965486	5.29537011846986	0	0	0	0	0	0	0	6.08161444745164	0	0
Mir-498	0	0	0	0	0	0	0	0	0	0.845908281885073	0	0	0.850044378990743	0	0	0	0	0	0	0	0	0	0	0	0	0	0	0	0	0	0	0	0.78940532022063	0.663011481921439	0	0	0	0	0	0	0	0	0	1.55258070593448	0	0	0	8.38669885254466	8.38411719282759	8.43939045937599	8.44559549555897	0	0	0	0	0	0	0	0	0	0	0	0	0	0	0	0	0	0	0	0	0	0	0	0	0	0	0	0	0	0
Mir-499	0	2.24385930163119	0	0	1.99008428092361	11.0039953562847	10.9830890418077	11.1598975840371	11.0089765478704	12.8687795263357	12.8189979416191	12.952146524411	12.847777286384	0	0	0	0	1.64672458428398	0	0	0	4.35410445219566	3.64775729172682	2.89949959885145	4.62583098386258	4.57793922825568	4.09653605079195	1.31478616941387	1.69452393572146	0	0	5.94944475308956	5.92423470391534	5.8181734145135	6.07084900557221	4.13844792386717	5.17968050075226	5.25042779200127	4.57453566513204	3.50826863389692	3.81728814114049	3.91226453478722	3.38900540725755	7.93434055561412	8.00885643683871	7.96800866844349	8.2341000766435	2.09836430930203	1.58813295724365	2.56482159090694	1.57572685667555	1.88541361357369	3.43293571958275	1.88178770628316	3.41582379957016	2.63209050256798	3.50070247396359	3.89202119551229	3.70633851331011	3.4249459071449	3.37582638759204	3.63710005483573	4.08097315241035	4.0675836875877	3.62974229700264	4.69917487818453	4.6469609269298	4.57759183010768	3.62643336488444	3.98569179521064	2.33011731701284	1.53547716393402	0	11.4669429651077	0	0	0	7.07880176675778	5.102760991841	9.53414875124716	0
Mir-504-v1	1.92454533655116	0	2.60279459058997	0	2.44861108198143	4.95900307100769	5.14835068003523	5.55961425208311	5.133007665897	2.31816639064438	0	2.80259719824726	0	0	0	0	0	0	0	2.82902732115981	0	0	0	0	0	1.48881729748434	0	0	0	1.93338566920081	0	7.13201711333713	2.42496810961413	6.95529064863419	7.27451167420115	2.11180087023049	2.7811588339805	3.4736421774783	4.17954106693148	4.22062824064054	1.00535715333026	2.91828250783353	2.74104702588104	3.65540725840055	3.80887342543908	4.26328532893718	2.76731407405506	2.91923938864548	2.0035662741426	2.3025982432924	3.89394407554264	2.67563002213424	0	1.88178770628316	3.04515659866357	2.15903414483269	3.50070247396359	2.98606444080148	4.04413629872408	3.22476937606533	3.97645881913914	4.02285299817911	4.38575029963376	3.4402346926456	3.10190872756461	4.03303476592037	3.98206947266331	3.22020035167716	3.09872840635708	1.64168482374576	4.0970924071356	0	0	0	0	0	0	6.08943441674269	5.102760991841	0	0
Mir-504-v2	3.23089710646164	0.951704251394096	5.08682798773648	4.04268629010933	3.68822604540525	5.27162446177103	4.92104621145871	5.49954304703606	4.60437166065597	1.76221610498131	2.0388694335583	1.83250583487512	2.72637231730374	0	0	0	0	0	0	0	0	0	0	1.65713316502257	0	0.680050647660377	1.0522884103283	0	1.69452393572146	3.24161368305883	0	5.09701218460002	7.49327123715987	4.06620778798603	4.48439587111071	0	0	3.85584163118431	3.25703906497248	3.37028483354107	4.25806110527949	4.30314539924	4.24825041565858	2.7655861005038	5.02712015994045	2.69175790032083	3.41692796212082	3.57782598322377	4.25243081741519	3.14843131385487	2.57340867796331	0	1.78657782372909	1.88178770628316	1.7732032383926	2.63209050256798	2.62283885480155	0	1.4446112134343	3.75735241708837	2.94494688679439	3.90536794609812	3.36300636743547	4.0675836875877	4.01534396940577	1.54662249830223	0	1.62283230801153	3.38657537339801	3.77839794888041	2.81612731370579	0	0	0	0	0	0	0	6.08161444745164	0	0
Mir-505-v1	2.3769176484058	3.6099763437264	0	2.93253199321258	2.79601709188554	4.00465679151571	5.57072503357408	4.58988338363318	4.60437166065597	4.14936632902335	4.50872254537318	4.86676291229077	5.08341810992714	0	0	0	0	0	0	0	0	5.65333289986806	4.78281983635122	3.55697609900461	4.24575524796401	6.57810503231924	6.78828514762355	6.75637123152799	7.21550622687533	3.91624014308984	0	5.21153882052293	3.28397251861805	4.85810277329821	5.23111515236207	8.00459960851637	5.67042578985559	6.80989980909065	6.84719326593315	6.28174757571453	5.25834158038865	5.71530548338878	6.07320881184906	5.37857038409095	5.02712015994045	6.16978522877205	5.73540104666857	4.37109991806683	4.0044564669316	3.78489418743113	3.57224819025667	5.46314547858227	5.03779615528263	4.09692690900012	3.95500796807001	5.0087834731564	4.54586381656057	5.08256252446381	3.70633851331011	7.04217007476892	7.51769174374585	5.76537907932698	6.25998004887267	4.50335640551667	6.15312104352722	4.69917487818453	5.86688825239668	5.78331410902224	5.59369619999211	5.81064372361402	6.48584818211166	13.7426092561617	0	0	0	0	0	0	7.07092379323656	0	0
Mir-505-v2	4.15194254027787	4.15500520723812	0	4.22434720558783	2.44861108198143	5.64149166585896	5.21680162764177	5.77763019891025	5.67915909899723	4.4937556540268	4.7361274647269	4.1760841433983	4.34065860841376	0	0	0	0	0	0	0	0	4.10790931453147	1.10660602580349	6.29535761553191	6.41865093000234	6.37327681017546	5.62415217942003	6.02168284666903	4.67828079815988	4.04503028119919	0	4.42633339752196	5.83501111573048	4.67254652321538	3.5893922800449	6.27450422306824	7.75089160001279	6.85259029012317	7.6491680087987	4.63639823934511	6.09800062988168	5.07883533894968	5.31655426188884	6.06039496914475	5.51165707362648	3.5755548342601	5.31188860090023	3.28579122837544	4.46396898495569	4.06469479127197	4.68710014281539	3.85528626750858	2.56069327422785	4.7997682839268	4.78656107804453	5.63012019197851	5.40179682656542	4.05110824656355	5.67058385420416	5.10412249033701	5.6983181613212	6.802220720482	6.87987486498133	5.81213266589664	4.17532203413511	5.96537741110736	5.67123716674654	5.67001818413755	5.75399051072505	5.50862842480392	5.50185585005509	13.8023778539151	0	0	0	0	0	0	5.102760991841	0	0
Mir-506-P1	0	0	0	0	0	0	0	0	0	0	0	0	0	4.67178370620351	5.95224577986617	4.72401197431837	5.59163906115617	4.04679271526618	5.32124999276205	6.79320766665036	5.56171224115315	0	0	0	0	0	0	0	0	1.26888496964859	0	0	0	0.663011481921439	0.756857972372857	0	0	0	0	5.86004550936643	5.25834158038865	5.55201411683039	5.50896216241405	0	0	1.49586600862742	0	1.06631564158912	0	0.987949226811437	0.993078815701568	0	0	0	0	0	0	0	0	0	1.22656673517064	0	0	1.57090978297909	1.53425327332603	1.54662249830223	1.51111217476574	0	0	1.64168482374576	1.59179007653147	0	0	0	0	0	0	0	0	0	0
Mir-506-P10	0	0	0	0	0	0	0	0	0	0	0	0	0	0	0	0	0	0	0	0	0	0	0	0	0	0	0	0	0	0	0	0	0	0	0	0	0	0	0	0	0	0	0	0	0	0	0	0	0	0	0	0	0	0	0	0	0	0	0	0	0	0	0	0	0	0	0	0	0	0	0	0	0	0	0	0	0	0	0	0	0
Mir-506-P11	0	0	0	0	0	0	0	0	0	0	0	0	0	0	3.3022716090724	0	0	3.42528702851604	0	3.86000089558457	0	0	0	0	0	0	0	0	0	1.26888496964859	0	0.771405439911369	0.78940532022063	0	0.756857972372857	0	0	0	0	0	0	0	0	0	1.51563629299423	0	0	0	0	0	0	1.88541361357369	0	0	0	2.15903414483269	0	0	2.15179039474782	0	0	0	0	0	0	0	0	0	0	0	0	0	0	0	0	0	0	0	0	0	0
Mir-506-P12	0	0	0	0	0	0	0	0	0	0	0	0	0	0	0	0	0	0	0	0	0	0	0	0	0	0	0	0	0	0	0	0	0	0	0	0	0	0	0	0	0	0.95387252234241	0	0	0	0	0	0	0	0	0	0	0	0	0	0	0	1.44931003566882	0	0	0	0	0	0	0	0	0	0	0	0	0	0	0	0	0	0	0	0	0	0	0
Mir-506-P13	0	0	0	0	0	0	0	0	0	0	0.829694090990264	0	0	0	0	0	0	0	0	0	0	0	0	0	0	0	0	0	0	0	0	0	0	0	0	0	0	0	0	0	0	0	0	0	0	0	0	0	0	0	0	0	1.78657782372909	0	1.7732032383926	0	0	0	0	0	0	0	0	0	0	0	0	0	0	0	0	0	0	0	0	0	0	0	0	0	0
Mir-506-P2	0	0	0	0	0	0	0	0	0	0	0	0	0	0	0	0	0	0	0	0	0	0	0	0	0	0	0	0	0	0	0	0	0	0	0	0	0	0	0	2.85344534351768	3.46915714931537	2.50724308955643	2.26013680830463	0	0	0	0	0	0	0	0	0	0	0	0	0	0	0	0	0	0	0	0	0	0	0	0	0	0	0	0	0	0	0	0	0	0	0	0	0	0
Mir-506-P29	0	0	0	0	0	0	0	0	0	0	0	0	0	0	0	0	0	0	0	0	0	0	0	0	0	0	0	0	0	0	0	0	0	0	0	0	0	0	0	0	0	0.95387252234241	0	0	0	0	0	0	0	0	0	0	0	0	0	0	0	0	0	0	0	0	0	0	0	0	0	0	0	0	0	0	0	0	0	0	0	0	0	0	0
Mir-506-P3	0	0	0	0	0	2.73213856770259	1.44534677601554	0	0	0	0	1.43706842214372	1.38134581200857	8.06651689639302	9.87961297637451	7.80673285978235	10.0252785861753	8.85729388019391	9.82463103392597	10.7057228814975	10.1855214564843	0	1.10660602580349	1.65713316502257	0	0	1.0522884103283	0	0	0	0	2.18099410926111	1.29673565130016	1.73705388436462	1.25072685083557	0	0	0	0	10.7073391070756	10.6980637095009	10.5329042909243	10.5139123836985	0	0	2.69175790032083	0	3.43918534573948	3.8117690113094	3.30016369946288	2.79546962662603	0	0	1.88178770628316	1.7732032383926	0	2.1504750497362	2.63048064510923	0	1.25788798244504	0	1.82479947403407	0	3.4402346926456	2.26085957392237	3.11857518443607	1.51111217476574	4.80927444084253	4.31589834224757	4.32788145179145	3.91644018011007	0	0	0	0	0	0	0	0	0	0
Mir-506-P4a1	0	0	0	0	0	0	0	0	0	0	0	0	0	0	9.65683755642594	8.07623196646818	0	8.05463210700367	0	7.05691057428995	10.4271098718083	0	0	0	0	0	0	0	0	0	0	0	0.78940532022063	0	0.756857972372857	0	0	0	0	9.24336541618485	6.16029152956096	8.94257951369925	6.20876313209766	2.28298180006373	1.51563629299423	0	0	2.09836430930203	0	2.56482159090694	0.993078815701568	0	0	2.67143578140483	0	0	0	0	0	1.25788798244504	0	0	1.21845573574718	1.57090978297909	3.62974229700264	0	2.23284297951258	0	2.25801136368953	0	3.17902127432894	0	0	0	0	0	0	0	0	0	0
Mir-506-P4a2	0	0	0	0	0	0	0	1.5476966437991	0	0	0	0	0	6.48818395295026	7.3830868538987	4.67901627908651	0	9.1763238907965	9.42798779063769	8.05148282868068	8.98982933949483	0	0	1.65713316502257	0	0.680050647660377	0	0	0	3.24161368305883	0	0	0	0.663011481921439	1.25072685083557	0	0	0	0	11.0107065672957	11.0000837463757	10.8814009436283	9.01788121088457	0	0	0	1.55391615072	4.64787459480973	3.00415979702884	4.14707726642634	4.1568236542088	0	0	0	0	0	0	0	0	0	1.22656673517064	0	0	4.0675836875877	1.53425327332603	0	0	5.34042067086202	4.01196675060063	5.81064372361402	1.59179007653147	0	0	0	0	0	0	0	0	0	0
Mir-506-P4b	0	0	0	0	0	2.25185002066947	0	1.5476966437991	1.48245369299614	0	0.829694090990264	0	0.850044378990743	8.54272834171129	0	3.98898122422501	9.9791589332062	5.98673587952992	8.21847536134292	10.4767406553524	4.7857476119581	0	1.10660602580349	0	0	0	0	0	0	1.26888496964859	0	1.27134418850794	0	0.663011481921439	1.61796570082883	0	0	0	0	6.42803600593969	9.24189793944266	7.54333279491347	10.9258951037637	0	1.51563629299423	1.49586600862742	0	3.11412555884283	4.95879630537317	0.987949226811437	0	0	3.43293571958275	0	2.54503943613696	0	0	0	0	0	1.22656673517064	1.82479947403407	0	0	0	4.03303476592037	2.23284297951258	2.36725402140542	2.25801136368953	1.64168482374576	3.70988470491148	0	0	0	0	0	0	0	0	0	0
Mir-506-P5	0	0	0	0	0	0	1.44534677601554	0	0	0	0	0	0	0	0	0	0	0	0	0	0	0	0	0	0	0	0	0	0	0	0	0	0	0	0	0	0	0	0	4.75204444229123	4.65412441646805	4.9092461083787	4.09668930981766	0	0	0	0	0	0	1.56887233004962	0	0	0	1.88178770628316	0	0	0	0	0	0	0	0	0	0	0	0	0	1.62283230801153	0	1.64168482374576	0	0	0	0	0	0	0	0	0	0	0
Mir-506-P6a1	0	0	0	0	0	0	1.44534677601554	0	1.48245369299614	0	0	0	0	0	0	0	0	0	0	0	0	0	0	0	0	0	0	0	0	0	0	0	0	0	0.756857972372857	0	0	0	0	5.18140905740996	4.76518730805356	5.30084392643304	4.44936524897548	0	0	0	0	0	0	0	0	0	0	0	0	0	0	0	0	0	0	0	0	0	0	1.54662249830223	1.51111217476574	0	0	2.38973209243396	1.59179007653147	0	0	0	0	0	0	0	0	0	0
Mir-506-P6a2	0	0	0	0	0	0	0	0	0	0	0	0.890524894614324	0.850044378990743	0	0	0	0	0	0	0	0	0	0	0	0	0	0	0	0	0	0	0	0	0	0	0	0	0	0	3.85722056339932	3.46915714931537	3.08687234965292	4.09668930981766	1.55258070593448	0	0	0	0	0	0	0	0	0	0	0	0	0	0	0	0	0	0	0	1.57090978297909	0	0	0	0	1.53189714850589	1.64168482374576	0	0	0	0	0	0	0	0	0	0	0
Mir-506-P6b	0	0	0	0	0	0	0	0	0	0	0	0	0	0	3.19893058606625	0	0	0	0	4.53873057376935	0	0	0	0	0	0	0	0	0	0	0	0	0.78940532022063	0	1.25072685083557	0	0	0	0	5.00612804707863	5.18032348786729	5.52290726602501	5.31655426188884	0	0	0	0	0	1.00237849534382	0	0	0	0	0	0	0	0	0	0	0	0	0	0	0	0	0	0	0	1.53189714850589	2.38973209243396	0	0	0	0	0	0	0	0	0	0	0
Mir-506-P6c	0	0	0	0	0	0	1.44534677601554	0	0	0.845908281885073	0.829694090990264	0.890524894614324	0.850044378990743	3.40134148604961	3.36726961930544	0	5.11958106811914	2.30975210958317	4.95352325734587	4.78683113555637	5.14115511817255	0	0	0	0	0	0	0	0	0	0	2.73453721621086	2.77122957800882	2.77269717414742	2.15349148476431	0	0	0	0	7.01899406002725	7.18054549439506	7.10655268861185	6.99974484010449	0	1.51563629299423	0	1.55391615072	0	1.00237849534382	0	0.993078815701568	0	1.78657782372909	0	1.7732032383926	0	0	0	1.4446112134343	1.25788798244504	0	1.82479947403407	0	0	2.26085957392237	0	0	2.36725402140542	3.09872840635708	2.38973209243396	2.81612731370579	0	0	0	0	0	0	0	0	0	0
Mir-506-P7a	0	0	0	0	0	1.52680305375237	0	0	0	0	0.829694090990264	0	0	0	4.13691766514978	3.96419062040683	5.30064654910046	0	0	6.37493811605183	5.18764991672182	0	1.10660602580349	0	0	0.680050647660377	0	0	0	0	0	0	0	0	0	0	0	0	0	7.73987594755647	7.62534996865419	7.67485007634198	7.87685633546444	0	0	0	0	1.06631564158912	1.58813295724365	0	1.57572685667555	0	0	0	0	0	0	0	0	0	0	0	0	1.57090978297909	0	1.54662249830223	0	1.62283230801153	0	0	2.33011731701284	0	0	0	0	0	0	0	0	0	0
Mir-506-P7b	0	0	0	0	0	2.25185002066947	0	0	1.48245369299614	0	0	0	0.850044378990743	0	0	3.93896656728312	0	2.30975210958317	4.75832209875014	6.12742682922851	3.96719957359308	0	0	0	0	0	1.0522884103283	0	0	0	0	0	1.67133216927205	0	0	0	0	0	0	6.68245574827911	5.05476569357967	4.9092461083787	3.8345384731742	0	0	0	1.55391615072	2.09836430930203	1.58813295724365	0.987949226811437	1.57572685667555	0	0	1.88178770628316	0	0	0	0	0	0	0	0	0	0	1.53425327332603	0	1.51111217476574	0	2.73876249733365	1.64168482374576	0	0	0	0	0	0	0	0	0	0	0
Mir-506-P7c	0	0	0	0	0	0	1.44534677601554	0	0	0	0	0	0	0	5.78390843721377	5.01701370259625	0	4.14936465506877	3.62084940456218	0	0	2.68127282082087	0	2.40810955078785	0	0	0	0	0	0	0	0.771405439911369	0	0	0	0	0	0	0	3.63419962438729	6.4368353421873	6.13633138183703	5.53867562013671	0	0	0	0	2.09836430930203	0	2.78663440565584	0	0	1.78657782372909	0	0	0	0	0	0	0	0	0	0	1.57090978297909	0	1.54662249830223	0	3.51082947376903	2.25801136368953	3.77839794888041	0	0	0	0	0	0	0	0	0	0	0
Mir-506-P8	0	0	0	0	0	0	0	0	0	0	0	0	0	0	3.70563148556108	0	0	2.94450578743802	0	0	0	0	0	0	0	0	0	0	0	0	0	0	0	0	0	0	0	0	0	4.44343927861653	4.46964170909262	4.71703262104608	4.68017799163185	1.55258070593448	0	0	0	0	0	0.987949226811437	0.993078815701568	0	0	0	0	0	0	0	0	0	0	0	0	0	0	0	0	0	1.53189714850589	0	1.59179007653147	0	0	0	0	0	0	0	0	0	0
Mir-506-P9	0	0	0	0	0	0	0	0	1.48245369299614	0	0	0	0	0	0	0	0	0	0	0	0	0	1.10660602580349	0	2.91361887668775	0	0	0	0	0	0	0	0.78940532022063	0.663011481921439	1.25072685083557	0	0	0	0	0	0	0	0	1.55258070593448	0	0	0	0	0	0	0.993078815701568	0	1.78657782372909	2.67143578140483	0	2.98774198735876	0	2.63048064510923	2.15179039474782	0	0	0	0	0	0	0	0	0	0	0	0	0	0	0	0	0	0	0	0	0	0
Mir-511	0	0	0	0	0	4.77296907256035	4.31875863267012	3.64858055929813	3.94053185886368	3.78223405816567	3.74813223001729	3.59694185734217	3.51516149126018	0	0	0	0	2.55369436203227	0	0	0	3.46288012067521	3.35432195814441	4.62601910292658	3.13099394302289	4.50328868829984	1.0522884103283	0	0	0	0	1.27134418850794	2.42496810961413	2.34587615300547	2.36144229461087	5.35288772441045	5.2920925573992	5.8650201744293	5.45289000933053	2.62979231703988	2.33049001764978	2.24739919023902	2.74104702588104	4.04153318780264	4.75646221572821	4.72708593018051	4.20360646188124	4.12194207932037	3.8117690113094	4.06469479127197	3.68763610071453	4.10161056853098	4.36454759470457	3.17886491324099	3.95500796807001	4.05291221085378	3.50070247396359	3.71319205032341	4.43714352484173	3.22476937606533	4.30460753889258	4.02285299817911	3.69407510670721	4.73454492351963	4.97003253972178	4.33722886528108	4.28562181775983	4.80927444084253	4.31589834224757	4.83612118201228	5.29537011846986	0	0	0	0	0	0	0	0	0	0
Mir-541	2.99827311438567	3.90807714034673	1.82265302529723	4.66257395348983	1.99008428092361	1.52680305375237	0	0	0	0	0	0	0.850044378990743	0	0	0	0	0	0	0	0	2.5881239422179	0	2.40810955078785	0	0	0	1.31478616941387	0	3.44205006160109	0	2.57253144509293	2.60846228898509	2.34587615300547	2.36144229461087	0	0	0	0	1.62093710370287	1.59210096033023	0.95387252234241	0	0	0	0	0	1.06631564158912	1.00237849534382	0	0.993078815701568	1.88541361357369	0	0	0	0	0	0	1.4446112134343	0	0	1.18351117428896	1.86945692385663	0	0	1.54662249830223	1.51111217476574	1.62283230801153	0	0	1.59179007653147	0	0	0	0	0	0	0	0	0	0
Mir-542-v1	3.60699737490802	3.23379683013778	1.82265302529723	3.59185713033734	1.31400097922241	7.47458055469785	7.39367725936799	4.19467814570011	7.22806404725257	4.33181293885918	3.90607787118616	3.11846843479196	3.41016149980214	0	3.75504411621738	0	4.18009902768604	1.78059536593653	0	5.33100751837023	0	4.57652340273794	6.22528680371136	2.40810955078785	5.78979916531713	1.14038079833273	4.26715256876672	4.5431752956569	6.42617456886082	5.12242671316748	6.67556004510934	3.13360463898039	2.60846228898509	0.663011481921439	2.36144229461087	4.13844792386717	5.5847323239064	4.40720119599839	1.94613051722549	6.75356442197577	4.65412441646805	6.47709653511941	5.90088420282868	5.68000822608499	5.87373251933387	3.96001785335902	5.88469360711566	9.51107342646614	9.29706714043375	6.31594824055548	7.4374150496535	3.18329037307815	3.06175321911136	3.55351504184089	0	5.15629853596824	4.43552441317067	4.19438197448592	4.74569015069088	4.02733038949818	3.55099363318407	1.82479947403407	2.31641372235756	3.4402346926456	4.17532203413511	1.54662249830223	3.80240809363414	4.4461177086075	3.83204024670853	2.38973209243396	5.05431448926657	0	0	0	0	8.0562500135055	0	6.08943441674269	5.102760991841	0	0
Mir-542-v2	3.76370621484117	4.71271766641269	3.1063370451116	1.6832459638687	2.44861108198143	4.86898260746593	4.65110672074635	7.4278701968856	5.46145179721927	2.31816639064438	4.93252052030321	4.42575547170361	4.60134797085673	0	3.08761208561233	4.06089519226842	0	2.39573153213978	0	0.522195601058411	4.00230715996634	4.02148096626695	5.81666272250844	4.62601910292658	3.97304947511241	3.89244038085934	3.41472421796083	2.79714131501984	5.01407890872907	3.44205006160109	5.87875150837616	1.64191381452072	1.96844010402342	2.77269717414742	2.15349148476431	5.09689642485397	2.7811588339805	3.4736421774783	4.73771734059498	5.40989838233105	6.69709156492482	5.07883533894968	6.34953057421676	5.16194620873828	3.80887342543908	5.48181606551386	5.08381842986496	6.71338615148759	7.23354013095839	9.35304417801257	9.15105548443933	1.88541361357369	0	0	3.04515659866357	3.89381166704117	4.64836056979696	4.75283491805746	4.04413629872408	2.71497423499928	1.22656673517064	2.60529408029441	2.93260457456171	3.15115746075381	1.53425327332603	3.64707793720826	0	0	2.73876249733365	4.47268283042197	0	0	0	0	0	0	0	0	0	0	0
Mir-544	0	2.91439094046863	1.82265302529723	1.6832459638687	0	0	0	0	0	0	0	0	0	0	0	0	0	0	0	0	0	0	2.7584999950763	3.55697609900461	0.494099345006295	1.48881729748434	2.07773870067745	0	2.45243762834759	0	0	0.771405439911369	1.67133216927205	1.11554513343675	1.25072685083557	0	0	0	0	0	0	0.95387252234241	0	0	0	0	0	1.6727228292708	2.0035662741426	0	0	0	0	2.67143578140483	1.7732032383926	0	0	0	0	1.25788798244504	0	0	1.21845573574718	0	0	0	0	0	0	0	0	0	0	0	0	0	0	0	0	0	0
Mir-550-P1	3.76370621484117	2.91439094046863	2.60279459058997	0	1.99008428092361	2.73213856770259	1.44534677601554	2.27709214581421	3.03156151085641	2.88345813314193	2.68732035761046	2.61426293196027	3.17401704465908	3.95792784965629	4.39247851127012	3.88715556510804	0.315771344559238	3.65185266700211	0	3.77062156623952	0	2.92929382150989	4.44366785751587	0	3.19673673552985	2.68252026542983	3.26161113333566	3.51267972586876	5.11063508145422	5.0006560373789	0	1.27134418850794	1.67133216927205	2.64396213736446	0	2.93444289319457	3.672208705986	3.85584163118431	2.74562293223415	1.02706470079385	2.00802828865477	1.93024366443099	1.5336553038736	2.28298180006373	1.51563629299423	0	1.55391615072	2.91923938864548	2.58892448391718	0.987949226811437	2.98786605007424	1.88541361357369	1.78657782372909	0	1.7732032383926	2.63209050256798	3.26293655560256	1.44931003566882	2.15179039474782	2.37138090759824	1.87977978791294	2.60529408029441	2.31641372235756	2.30504833278199	2.26085957392237	0	3.07059324226191	0	1.53189714850589	0	0	0	0	0	0	0	0	0	0	0	0
Mir-550-P2a	1.26188337846119	2.24385930163119	5.46382792997411	4.04268629010933	3.0757901928795	2.25185002066947	0	2.27709214581421	1.48245369299614	1.76221610498131	0	0.890524894614324	0.850044378990743	0	0	0	0	0	0	0	0	0	4.51817680031338	2.40810955078785	4.74048487635701	4.54109674235393	3.41472421796083	3.51267972586876	0	0	0	3.2453712128247	0.78940532022063	2.89088005217454	2.54316049606998	0	0	3.4736421774783	2.74562293223415	3.04703515298415	0	0	0	0	0	2.21433246896568	1.55391615072	2.09836430930203	0	2.3025982432924	0	1.88541361357369	2.56069327422785	1.88178770628316	1.7732032383926	0	3.50070247396359	0	0	0	1.22656673517064	1.82479947403407	1.86945692385663	0	1.53425327332603	2.27579629039564	1.51111217476574	0	0	0	0	0	0	0	0	0	0	0	0	0	0
Mir-550-P2b	3.60699737490802	3.71633572734867	0	3.29953600097111	1.31400097922241	3.37952816666867	3.50331011607601	2.75926244844499	2.67416840857219	0.845908281885073	1.35310696887963	2.39759829554767	2.32561145568561	0	0	0	0	3.68638134975019	3.35421521916806	0	4.36799103957634	3.85152673202958	1.72542237294981	5.05781315078073	3.37769957725193	3.23737159378435	1.0522884103283	1.9910670551664	1.69452393572146	5.23471454477968	3.95049331164109	2.57253144509293	3.17184422763979	1.45951188267731	2.84965057994117	0	0	2.12751062648816	1.94613051722549	2.62979231703988	1.59210096033023	2.91828250783353	1.94214918074719	0	3.60353666200386	3.049863509461	2.28459148918587	0	2.0035662741426	3.30016369946288	1.98960573221573	0	1.78657782372909	2.67143578140483	4.16404955471223	2.63209050256798	0	3.89202119551229	3.50225010351232	1.25788798244504	2.66911242541594	1.18351117428896	2.657159825374	2.78926187160716	3.38983163278759	2.27579629039564	2.23284297951258	2.36725402140542	3.09872840635708	2.87988227457315	2.33011731701284	0	0	0	0	0	0	0	0	0	0
Mir-551-P1	0	0	0	0	0	0	0	0	0	0.845908281885073	0	0	0	0	0	0	0	0	0	0	0	0	1.10660602580349	0	0	1.48881729748434	1.0522884103283	0	0	1.26888496964859	0	0	0	1.11554513343675	1.25072685083557	0	0	0	0	0	0	0	0	0	0	0	0	0	0	0	0.993078815701568	0	0	0	1.7732032383926	0	0	1.44931003566882	0	1.25788798244504	2.3277687582711	1.82479947403407	1.86945692385663	0	0	0	0	0	0	0	0	0	0	0	0	0	0	0	0	0	0
Mir-551-P2	0	0	0	0	0	0	0	0	1.48245369299614	0.845908281885073	2.0388694335583	2.14254477573674	0.850044378990743	0	0	0	0	0	0	0	0	4.65899440589012	3.64775729172682	2.89949959885145	0	3.63711450564505	3.26161113333566	0	0	1.26888496964859	0	2.3900047746031	2.21468729068628	1.73705388436462	2.15349148476431	0	0	0	0	0	0	0	0	0	0	0	0	2.91923938864548	4.17441442793096	3.30016369946288	3.79447475140603	3.18329037307815	1.78657782372909	1.88178770628316	2.54503943613696	2.15903414483269	2.1504750497362	2.15754450173878	2.15179039474782	3.22476937606533	2.94494688679439	2.26719612330756	2.31641372235756	0	0	2.27579629039564	0	0	1.53189714850589	0	1.59179007653147	1.82039979604063	0	0	0	0	0	0	0	0	0
Mir-552	0	0	0	0	0	0	0	0	2.19801358191114	0	0	0	0	0	0	0	0	0	0	0	0	2.43605066972992	1.72542237294981	1.65713316502257	0	0	2.07773870067745	0	0	0	0	0	0.78940532022063	0.663011481921439	0.756857972372857	0	0	0	0	0	0	0	0	0	0	1.49586600862742	0	0	0	0	0	0	0	0	0	0	0	0	0	0	0	0	0	0	0	0	0	0	0	0	0	0	0	0	0	0	0	0	0	0	0
Mir-556	0	0	0	0	0	0	1.44534677601554	0	0	1.76221610498131	1.35310696887963	1.83250583487512	0.850044378990743	0	0	0	0	0	0	0	0	5.49556181723058	4.58902591988925	4.96136797036911	2.91361887668775	3.63711450564505	5.98370894805748	0	0	0	0	1.27134418850794	1.29673565130016	2.34587615300547	0.756857972372857	2.93444289319457	3.29440963269816	3.85584163118431	2.74562293223415	0	1.00535715333026	0	0.961691675863634	0	2.23832772712435	1.49586600862742	0	0	0	0.987949226811437	0	0	1.78657782372909	0	0	3.51076861644781	0	2.15754450173878	2.15179039474782	1.25788798244504	1.22656673517064	0	0	0	1.53425327332603	0	2.71169103855838	0	1.53189714850589	2.38973209243396	2.81612731370579	0	0	0	0	0	0	0	0	0	0
Mir-5579	0	0	0	0	0	0	0	0	0	0	0	0	0	0	0	0	0	0	0	0	0	0	0	0	0	0	0	3.0769477366436	1.69452393572146	0	0	0	0	0	0	0	0	0	0	1.62093710370287	0	0	0	0	0	0	0	0	0	0	0	0	0	0	0	0	0	0	0	0	0	0	0	0	0	0	0	0	0	0	0	0	0	0	0	0	0	0	0	0	0
Mir-5581	1.26188337846119	1.52020208391082	1.82265302529723	0	0	3.09184611955232	1.44534677601554	2.75926244844499	1.48245369299614	0.845908281885073	0	0.890524894614324	0.850044378990743	0	0	0	0	0	0	0	0	2.43605066972992	3.64775729172682	0	1.78686700240913	1.14038079833273	1.0522884103283	1.9910670551664	0	2.73096811242148	0	1.64191381452072	1.29673565130016	0	1.25072685083557	0	0	0	0	0	0	0	0	0	0	1.49586600862742	0	0	0	0.987949226811437	0	0	0	0	0	0	0	0	0	0	0	0	0	1.57090978297909	1.53425327332603	0	0	0	0	0	0	0	0	0	0	0	0	0	0	0	0
Mir-5586	0	0	0	0	0	0	1.44534677601554	1.5476966437991	0	1.37561887557387	0	0.890524894614324	0.850044378990743	0	0	0	0	0	0	0	0	1.00189769611325	2.48891045811883	0	0	1.14038079833273	2.4047034181675	0	0	0	0	0.771405439911369	1.96844010402342	1.73705388436462	1.25072685083557	0	1.97710455401973	0	0	0	0	0	0	0	0	0	0	1.06631564158912	1.00237849534382	0	0	0	0	0	0	0	0	0	0	0	0	0	0	0	0	0	0	0	0	1.64168482374576	0	0	0	0	0	0	0	0	0	0	0
Mir-561	6.66763940047172	5.94766961429459	4.02004568302411	6.65130096897286	3.3100210275349	4.77296907256035	4.74680940648492	4.98986570012285	4.7070442757935	2.71847602260998	1.7363560937758	3.11846843479196	1.38134581200857	5.88656407030299	5.07600788570748	5.6736996582066	7.12904089988752	6.06098423574279	4.88760291355833	5.11197940339863	6.92130375647372	0	0	0	0	0	0	6.49600327130924	2.94674992848661	7.25977403251455	0	0	0	0.663011481921439	1.91043550652645	0	2.7811588339805	0	3.25703906497248	5.30017242423569	5.09784391395374	4.95354866161298	4.87910621495821	4.34583208396376	4.42302274337246	4.91290578602547	4.99901186245957	8.89098183922425	8.88738607166195	8.77026778201835	8.75102791009989	7.22112651751436	6.76550888147241	7.31681144160094	6.92962559325586	6.93446359332217	6.96382809853022	6.89108674975793	6.52763987522907	4.91745715067936	4.92988930383375	4.49901095373501	5.30313325836217	5.70719128310124	5.75752398805741	5.36973898806007	5.4448269672863	5.48141534893177	5.47599743404507	5.75508797905067	5.62473109152038	0	0	0	0	0	0	0	0	0	0
Mir-5683	0	0	0	1.6832459638687	0	4.00465679151571	3.70741205529201	4.03456796771767	4.24354391114854	4.6847780942395	4.96878335667566	4.7341955543753	4.93991229703967	0	0	0	0	0	0	0	0	2.00284560891626	1.10660602580349	1.65713316502257	3.13099394302289	3.56553966480009	2.67108583026443	0	0	0	0	2.73453721621086	3.17184422763979	3.52367711611295	2.54316049606998	0	2.7811588339805	0	2.74562293223415	1.62093710370287	0	2.24739919023902	0	4.59699286261651	4.42302274337246	4.72708593018051	4.34775820938608	3.92818294510346	4.091936757453	3.5627919482753	3.30944595665488	2.67563002213424	3.72789631992849	3.55351504184089	4.65427539094567	4.75468345952835	4.31604199725793	5.46823646244941	5.21567032853788	6.16920646138553	6.50440310423409	6.12204308810164	6.51150445248496	1.57090978297909	2.26085957392237	2.27579629039564	2.23284297951258	3.75261418074035	3.62643336488444	4.16690833192208	4.53334799443493	0	0	0	0	0	0	0	0	0	0
Mir-5687	0	0	0	0	0	1.52680305375237	0	0	1.48245369299614	0	0	0	0	0	0	0	0	0	0	0	0	0	0	0	1.15401516292582	0	0	0	0	0	0	0	0	0	0	0	0	0	0	0	0	0	0	0	1.51563629299423	0	0	0	0	0	0	0	0	0	0	1.45052704271402	0	0	0	0	1.87977978791294	0	1.21845573574718	0	0	1.54662249830223	1.51111217476574	0	0	0	0	0	0	0	0	0	0	0	0	0	0
Mir-574	9.63755032343133	9.91306137416983	10.7450206091803	10.0532723489478	10.6561000080555	7.99434169944169	8.07591821613751	8.00464472284822	7.78068246449539	8.83891363702161	8.73534524366435	8.81418302416815	8.73862408062758	4.64996178568737	4.83305322212163	0	0	6.11267969592436	5.20877667361004	5.21721343481076	6.88884012659042	8.61259243929313	8.91966232954526	8.87819934967818	7.99463873705359	8.16814707030804	8.89042596500611	9.26538376768882	9.6983850780556	9.73792374468986	8.18093023674609	8.72945816158911	8.8266790605625	8.49331408420042	8.63781485952773	10.5145308105813	10.3977738986284	10.3939071270733	10.3211631321719	10.4597972167978	10.507540891241	10.3698143467692	10.3848971471375	9.00923554656302	9.1261229351452	9.00144716792116	9.24557382104364	8.02401290418093	7.91762272208285	7.83388314031165	7.89907145608614	8.90880306070143	8.76368428962114	9.05715848895376	8.93504813139113	10.371855237735	10.2971739996753	10.3219755975467	10.2446181136412	10.5260587175786	10.4373958988647	10.5603517824831	10.552485406233	8.68282387579115	8.85710356224551	9.10962189891958	8.77978615815375	10.0493223655654	9.94071107446292	10.105169678581	10.1252637438426	8.47093430077724	0	0	0	12.5746182562381	0	8.87851367369686	9.81664153670631	0	0
Mir-576	2.99827311438567	3.81538951670302	2.60279459058997	4.22434720558783	2.79601709188554	5.89057922225934	6.1629872655475	5.77763019891025	5.77681645625796	4.77157225972258	5.00415701344178	4.30631406422507	4.90168894280154	3.04789977927317	3.60141951941312	4.23679230179336	4.37981728398581	4.74841251500624	3.82247589350521	5.82847466265619	4.10277767944907	5.69859996442751	5.00636018209871	4.96136797036911	5.31476593771495	4.38352929550728	5.18729079616328	6.23616210854587	5.93995331793514	5.17966280156902	0	4.16722655122605	4.14993594418574	3.9070083146724	3.50425122981611	7.52141806881003	6.95831953103794	7.34644430170002	6.84719326593315	6.18216173745349	6.25848179749814	6.03688790248665	6.34953057421676	5.44410741104951	5.5692852955088	4.82298550392597	5.31188860090023	6.68298498289053	6.29009445682127	6.16595581104407	6.55612663345741	5.27516488429184	5.14157091307703	6.03226718864054	5.88349596557742	5.22476013993501	4.43552441317067	5.41070001073186	4.99973412172834	6.68055130603485	6.17042592384981	6.42922010787915	6.10172837311561	6.00156451371139	6.15312104352722	5.55801599849711	5.50484676254206	5.93814297830807	5.53604675524899	5.96552353860381	5.73795740396321	0	0	0	0	0	0	0	0	0	0
Mir-577	0	0	0	0	0	2.25185002066947	1.44534677601554	3.40837227582676	3.03156151085641	0	0	0.890524894614324	0.850044378990743	0	3.48908969087674	6.12330459348176	0	4.24512556067322	5.00624555562337	4.66810753381914	0	0	0	0	0	0	0	4.44805278590536	3.31423283712094	4.93568613877768	0	11.482071419884	11.5315444049046	11.2458273215473	11.4867871866424	2.11180087023049	0	0	1.94613051722549	1.62093710370287	2.33049001764978	1.93024366443099	0	6.06039496914475	5.87373251933387	5.74925763729552	6.10359355775385	1.6727228292708	1.58813295724365	0.987949226811437	1.98960573221573	6.6147860872123	6.01566810575686	6.34977982721789	5.76018501161865	8.35997742393441	8.23829587242699	8.07290971406061	8.231747579639	6.93140519259957	6.9730231958107	6.71761725353716	6.98939596192715	8.00685680786346	8.20427592606786	8.04560363106361	8.01229635945963	8.60703752846122	8.10481087112584	8.41940543640227	8.5686229605684	0	0	0	0	0	0	0	0	0	0
Mir-579	0	0	1.82265302529723	0	0	1.52680305375237	0	0	2.19801358191114	0	0	1.83250583487512	0	0	0	0	0	0	0	0	0	0.486511530586811	2.48891045811883	1.65713316502257	3.31986452039788	1.14038079833273	2.89586493667408	0	3.31423283712094	2.3866061014718	0	0	0	0	0	0	1.97710455401973	0	1.94613051722549	0	1.59210096033023	2.24739919023902	1.5336553038736	0	0	0	0	1.06631564158912	1.00237849534382	0.987949226811437	0	0	0	0	0	1.45052704271402	0	0	1.4446112134343	1.25788798244504	0	0	1.21845573574718	0	1.53425327332603	0	1.51111217476574	0	0	0	1.59179007653147	0	0	0	0	0	0	0	0	0	0
Mir-580	0	0	0	0	0	3.09184611955232	2.15269143163183	2.27709214581421	2.67416840857219	1.76221610498131	1.35310696887963	0	0.850044378990743	0	0	0	0	2.12070328242176	0	0	0	1.26524814208861	1.72542237294981	0	0	0.680050647660377	1.65426755789772	1.31478616941387	1.69452393572146	1.26888496964859	0	0.771405439911369	0.78940532022063	0	0	0	0	0	0	2.04040900376453	2.00802828865477	0.95387252234241	0	1.55258070593448	2.71759355703859	0	0	1.06631564158912	1.58813295724365	1.56887233004962	2.31083820596294	1.88541361357369	0	1.88178770628316	0	1.45052704271402	2.62283885480155	1.44931003566882	0	1.91949561640633	1.22656673517064	2.26719612330756	0	1.57090978297909	2.26085957392237	2.27579629039564	1.51111217476574	0	2.25801136368953	2.38973209243396	2.33011731701284	0	0	0	0	0	0	0	0	0	0
Mir-582-v1	3.43116852322172	1.52020208391082	4.57505802705688	1.6832459638687	3.51148159801617	2.73213856770259	3.70741205529201	3.85444462306812	3.55648016717492	4.33181293885918	2.0388694335583	1.43706842214372	4.69372376678811	9.06794376979916	9.01773648360066	9.72235124089113	6.83030696583573	10.0330556306009	9.97371978776654	8.10502619374263	9.21789636412998	4.18945130225227	3.64775729172682	2.40810955078785	4.78391121708899	4.10930138229466	1.65426755789772	6.23616210854587	6.13622665914249	4.93568613877768	4.90306399973185	6.54856099547919	6.66553404293598	6.06441791923836	7.51655803501536	6.91412173469904	7.11935623670909	7.12054653384838	0	4.44343927861653	3.33155669407696	3.2378064250249	2.74104702588104	4.4768712010803	1.51563629299423	3.5755548342601	2.28459148918587	5.79970729992264	5.1339005077082	5.64870078093436	5.11580559168553	5.62943209306455	3.97266821191938	4.30722455564533	3.41582379957016	7.96903155902597	7.92778767369046	7.90596963357356	6.29434978966632	5.46385361297764	7.07691648485248	6.68233600007325	7.55538273396556	7.09796346016822	5.80723018877247	5.30109319081344	7.00753731593735	7.61838789148	7.17757940488425	6.19160619324188	5.05431448926657	4.78574936582334	0	0	0	0	0	0	0	0	0
Mir-582-v2	1.26188337846119	2.72354474182216	0	3.59185713033734	4.34496433467081	2.73213856770259	1.44534677601554	0	0	2.31816639064438	3.82926544973099	4.03292149520349	1.38134581200857	6.00303616224313	8.33677660944781	7.08156756482367	10.1244283451148	6.46564792869373	3.28762068273893	9.96228597492907	8.04726595260624	1.5874922079002	2.15709348027692	2.89949959885145	4.50127251676333	3.56553966480009	1.65426755789772	7.16806872848627	7.47329459532111	4.04503028119919	5.47186378191715	6.57018865022595	6.11823547609286	6.29627598221201	2.98149906909172	4.60027777279205	2.7811588339805	6.0228769137423	7.40386736196285	3.04703515298415	3.46915714931537	3.2378064250249	4.38539221244283	2.28298180006373	3.07672945720567	3.7805555439424	4.81279744689667	5.17034642368068	5.67708537060143	5.43578316692773	5.54100974143013	4.31194758102156	4.80475120712025	4.7997682839268	5.31070101353966	6.71403564481738	6.47107946299815	6.91197219682916	7.85632516951704	7.97419488471105	6.82741168961073	6.92804382175778	6.30909481055721	5.95648701800058	6.8896664751446	7.30878122422784	6.07917938573635	5.93814297830807	6.95370522268283	7.74920115985443	7.99318257014519	4.81847985316392	0	0	0	0	0	0	0	0	0
Mir-584	4.70959653791165	5.18974284182723	5.46382792997411	4.66257395348983	5.0095407339748	2.25185002066947	3.26549896326262	1.5476966437991	3.3177639893336	6.95185563148175	6.768791402367	7.04044452493841	7.21597336248593	4.73533627494704	0	0.345412135432516	0	3.58021264100229	4.11908376607903	0	3.81754628436323	12.4391499453871	12.6544719368791	11.9738107055153	10.582201248664	9.23215566117061	10.291251660277	7.15306742817539	8.09738681954579	4.79624976815621	6.19576754938759	9.82316457757228	9.87518123158728	9.48545214047813	9.71509438999951	4.78546893640718	3.672208705986	3.4736421774783	4.39051452010763	1.02706470079385	1.59210096033023	2.24739919023902	3.51393471826975	3.86134979460675	3.98859312062283	3.5755548342601	4.04343593532579	8.65685725025091	8.68069850664621	8.60521519865444	8.56358959431659	3.85528626750858	4.36454759470457	3.55351504184089	4.16404955471223	3.27282852460369	1.44353758141309	2.63048064510923	3.50225010351232	5.16133740159686	5.26763480018178	5.19361749416904	5.25381160687518	4.37219995486129	4.57025752202055	3.40689325302281	4.14181463318916	5.41263975222335	5.05129349714656	4.60426718462528	4.0970924071356	0	0	0	0	0	0	0	0	0	0
Mir-585	1.26188337846119	1.92693624548686	0	1.6832459638687	0	0	0	1.5476966437991	0	1.76221610498131	1.35310696887963	1.43706842214372	1.38134581200857	0	0	0	0	0	0	0	0	0	0	0	0	0	0	0	3.31423283712094	0	0	1.93648805423278	0.78940532022063	0.663011481921439	1.61796570082883	0	0	0	0	0	1.59210096033023	1.93024366443099	1.94214918074719	1.55258070593448	3.36404642369147	0	2.76731407405506	0	1.00237849534382	1.56887233004962	1.57572685667555	0	0	0	0	1.45052704271402	0	0	0	1.25788798244504	2.3277687582711	0	1.86945692385663	2.30504833278199	1.53425327332603	1.54662249830223	1.51111217476574	3.22020035167716	3.09872840635708	3.24506977336074	2.81612731370579	0	0	0	0	0	0	0	0	0	0
Mir-589	7.69012817379963	6.83330619360857	6.06544485940208	7.72172958523641	6.8877419146678	7.16983908503325	7.0812549728355	6.88671482472707	6.98409365529218	5.88776667438272	5.57405631616509	5.70683522586284	5.68820978037649	6.24057937818226	4.20961336574491	6.0545090029241	6.18853984770707	6.28028633676127	6.24724117330067	6.02486182516339	7.16928274983157	6.44337239659929	5.84588758894346	4.96136797036911	6.62973386262152	4.90233449843905	5.18729079616328	7.51170409464073	8.04947108523979	9.84131134783936	8.44313585614591	5.99812626950661	5.99184202690634	5.59258055054563	5.86428351863541	5.92603476317305	5.96987456626368	6.6252591822631	5.92887528516566	5.44469440022599	5.79186046174571	5.33473769202459	5.47862384013798	5.92921897948989	6.12499421737693	6.01595442497054	5.83662575164106	4.98341333147443	4.46396898495569	5.10577714292415	4.74152807272097	6.69201362268173	5.84169593149014	5.77363476656606	5.76018501161865	5.22476013993501	5.56792517871853	6.16915822368795	5.56958693108002	5.2163695531368	5.45559094504489	5.03484167623787	4.91616374981599	5.95648701800058	5.80723018877247	5.67113569014326	5.91191920534574	5.83679137006315	5.64913024192068	6.10537648451602	5.68245474827767	0	0	0	0	0	0	0	0	0	0
Mir-590	4.85607534813986	4.71271766641269	5.19070779473491	5.09476201303325	3.68822604540525	7.31327445844986	7.27026882233418	7.25697768561551	7.24522747462136	6.37732830349533	6.13299735727778	6.29829895751443	6.41393960509777	3.17557921605008	4.42337268985096	5.45092066035092	0	4.24512556067322	3.4178709214051	4.64314369936513	5.18764991672182	6.85425948844864	7.07459765771473	6.84744909448466	4.18225774040184	5.93592171657614	6.80223360297959	6.94236993124614	7.14885420114359	5.23471454477968	5.47186378191715	6.80720416351288	6.88589477831801	6.53280536561774	6.7902405525168	5.92603476317305	6.61355679032445	6.16515218097314	6.28617323569068	6.28174757571453	6.23937110507862	6.24726707920188	6.38267636539954	6.25556015321852	6.3716801023521	5.97478981194036	6.06239031508373	7.0113078235956	6.70514716581111	6.57596138651597	6.63011987737912	5.46314547858227	6.01566810575686	6.48567437405452	6.68033925471347	6.66559982693617	6.72672301971208	6.68811990187987	6.77451511047718	5.82421174610867	6.17042592384981	5.69631529185479	6.15643053764091	6.57900152845537	5.59722184727266	6.65690905632817	6.22904707265414	6.59500188843978	6.26052135179718	6.27297135008505	5.84294046163423	0	0	0	0	0	0	0	0	0	0
Mir-592	0	0	0	0	0	1.52680305375237	0	0	1.48245369299614	0	0	0	0	0	3.62818668515507	0	3.94822143285429	3.84761975481949	3.21780276410819	0	0	0	0	2.89949959885145	0	1.48881729748434	0	0	1.69452393572146	0	0	6.32510509898953	6.26208800179809	5.72577402473533	6.15704883313715	4.94956970572137	4.21894606829712	4.15770202915441	3.25703906497248	3.21769451814435	2.81652647077442	3.99937259465176	3.38900540725755	2.7655861005038	2.71759355703859	3.33652189005873	3.12837960343253	1.06631564158912	0	0	0	3.18329037307815	1.78657782372909	2.67143578140483	3.04515659866357	5.63012019197851	4.43552441317067	5.57685175125648	5.71854900332248	0	1.87977978791294	1.82479947403407	3.36300636743547	2.30504833278199	1.53425327332603	1.54662249830223	1.51111217476574	2.36725402140542	2.73876249733365	2.38973209243396	2.81612731370579	0	0	0	0	0	0	0	0	0	0
Mir-598	0	0	2.60279459058997	0	1.99008428092361	2.73213856770259	2.15269143163183	1.5476966437991	3.55648016717492	5.20487702869448	5.00415701344178	5.17024035330106	4.82206302438496	5.99440310902149	6.73733806493653	5.89969555859335	7.17617682812087	6.94711538299622	5.97306812568392	6.65643743462554	6.73035809822158	8.05688997395885	7.24881360072527	7.86802191621617	6.57515981499622	5.45140618712156	5.77322723511357	4.63241207656851	4.05804840695894	3.00876697253339	3.95049331164109	9.16215929075907	9.19981876224891	8.95165344493049	9.11612180526839	4.60027777279205	3.97132346533563	4.40720119599839	5.25149756639678	4.05033684997119	3.59476880266501	3.81955711052345	3.8345384731742	7.69957453556578	8.03976415651546	7.77768321793593	7.76716898121803	2.69385341860028	2.58892448391718	3.30016369946288	2.57340867796331	7.02613873467325	6.43876604867435	6.9602853766042	6.10239301224932	6.5368793378225	6.44283552280098	6.66369905221725	6.38630987808025	7.20067952220899	7.31407237298314	7.04376825534862	7.15973340900645	5.95648701800058	6.66545521075256	6.57205424403614	6.60311349570392	7.96909800250412	7.66822872575766	7.81859379881269	7.602633507251	0	0	0	0	0	0	0	0	0	0
Mir-599	0	0	0	0	0	0	0	0	0	0	0	0	0.850044378990743	0	0	0	0	0	0	0	0	0	0	1.65713316502257	0	0	0	0	0	0	0	1.27134418850794	0	1.11554513343675	1.25072685083557	0	0	0	0	0	0	0	0	0	1.51563629299423	1.49586600862742	0	1.06631564158912	0	0	0	0	0	0	0	0	0	0	0	1.25788798244504	1.22656673517064	1.18351117428896	0	0	0	0	0	0	0	0	0	0	0	0	0	0	0	0	0	0	0
Mir-605-v1	1.26188337846119	1.52020208391082	0	1.6832459638687	0	2.25185002066947	2.15269143163183	0	1.48245369299614	0	1.35310696887963	0.890524894614324	2.07389750363558	0	0	0	0	0	0	0	0	0	1.10660602580349	0	0	2.2057603370744	1.65426755789772	0	0	2.3866061014718	0	0	0	0	0	0	0	0	0	0	1.00535715333026	0	0.961691675863634	1.55258070593448	0	0	0	1.6727228292708	0	0	0	0	2.56069327422785	0	0	0	0	1.44931003566882	0	1.91949561640633	0	1.82479947403407	2.657159825374	0	0	0	0	0	1.53189714850589	0	2.33011731701284	0	0	0	0	0	0	0	0	0	0
Mir-605-v2	2.3769176484058	0	0	1.6832459638687	0	0	2.62523499990772	3.12002016620792	1.48245369299614	1.37561887557387	0	1.83250583487512	0.850044378990743	0	0	0	0	0	0	0	0	1.13957361397743	0	0	0	1.14038079833273	0	0	0	2.3866061014718	0	0	0.78940532022063	0	0	0	0	0	0	0	0	0	0.961691675863634	0	0	1.49586600862742	0	1.06631564158912	1.00237849534382	1.56887233004962	0	0	0	0	0	0	1.44353758141309	0	0	2.37138090759824	1.87977978791294	0	0	0	0	0	0	0	0	0	0	0	0	0	0	0	0	0	0	0	0
Mir-615	9.61714827064151	8.29005638727685	7.69015294190528	9.41859599332656	7.34878844315802	6.32231715148798	6.77566706822492	6.88671482472707	6.63927501185573	0	0.829694090990264	0.890524894614324	0	4.62780471520721	3.57414632330596	0	3.87793160360189	5.04300717608561	3.0671320794685	3.21515748354554	4.8641789832168	0.679495411164706	2.7584999950763	3.79943454523419	0	3.14217618528598	1.0522884103283	0	1.69452393572146	5.61269409601844	0	0	0	0	0	0	1.97710455401973	0	0	5.40989838233105	5.50231078783586	5.07883533894968	5.53867562013671	2.28298180006373	1.51563629299423	0	2.28459148918587	4.12194207932037	3.46375324317578	4.14707726642634	3.79447475140603	1.88541361357369	1.78657782372909	2.67143578140483	2.54503943613696	2.63209050256798	2.1504750497362	0	3.50225010351232	5.10412249033701	4.92988930383375	5.79870946560889	5.03770731683927	2.30504833278199	3.38983163278759	3.11857518443607	3.07059324226191	3.22020035167716	1.53189714850589	0	1.59179007653147	5.26092558813841	0	0	10.9510273388458	11.5107458993837	10.5989262798274	8.65663204834097	11.8934226169381	0	0
Mir-616	2.3769176484058	3.49514731278527	0	1.6832459638687	3.51148159801617	5.89057922225934	5.62210796635368	6.05308968752652	5.91192585334593	4.44176866540661	4.17798045344377	4.1760841433983	3.87218440978285	4.27549105049503	3.73054933976846	0	0	3.34110296989027	3.86876799372663	0	3.41031393894637	2.00284560891626	0	0	1.60511787037442	2.2057603370744	2.4047034181675	4.23663457157243	3.6068571120945	3.24161368305883	4.90306399973185	3.53654748650003	2.60846228898509	3.10164945979927	2.54316049606998	4.13844792386717	4.21894606829712	5.25042779200127	5.01735887314299	3.50826863389692	4.09753043101777	3.37443470805384	3.51393471826975	2.7655861005038	3.98859312062283	3.7805555439424	3.12837960343253	3.92818294510346	3.8117690113094	3.88431377176509	3.79447475140603	3.85528626750858	3.43293571958275	2.67143578140483	4.65427539094567	2.98774198735876	4.18576331850142	3.89202119551229	4.43714352484173	2.37138090759824	3.17641317022502	3.10898151970837	2.31641372235756	3.4402346926456	3.38983163278759	1.54662249830223	2.71169103855838	2.85586456954887	3.38657537339801	2.87988227457315	4.25762021939456	0	0	0	0	0	0	0	0	0	0
Mir-624	0	0	0	1.6832459638687	0	3.37952816666867	3.88618546997876	3.85444462306812	3.55648016717492	2.06680697500783	1.7363560937758	1.83250583487512	2.07389750363558	3.88507373300367	0	0	0	2.39573153213978	4.80668427333626	0	0	4.50187615011574	2.7584999950763	3.55697609900461	2.45755576384553	2.81187378080139	3.41472421796083	3.0769477366436	2.94674992848661	3.24161368305883	0	1.27134418850794	0.78940532022063	1.45951188267731	1.61796570082883	3.45508583701279	1.97710455401973	2.95219506569975	2.74562293223415	2.36499121144135	1.00535715333026	0	0.961691675863634	1.55258070593448	0	2.21433246896568	0	1.6727228292708	1.58813295724365	2.56482159090694	1.98960573221573	1.88541361357369	0	1.88178770628316	1.7732032383926	2.15903414483269	1.44353758141309	0	1.4446112134343	2.37138090759824	1.87977978791294	3.10898151970837	2.31641372235756	0	1.53425327332603	2.27579629039564	1.51111217476574	0	3.09872840635708	0	0	0	0	0	0	0	0	0	0	0	0
Mir-628	2.72079149910524	3.08291526120379	4.22967838041074	0	3.51148159801617	8.95368891602564	8.76003450210708	8.8892941258775	8.75360639223733	6.64208205205772	6.66210281495965	6.81831903244349	6.82474102808517	3.95792784965629	2.47144436173848	5.8259346478522	5.68379332506888	5.76236168424509	5.1062398968222	5.90397324288018	5.80977185480678	5.26672865807622	5.90261908715587	3.79943454523419	2.98977491895686	5.09257872499752	5.98370894805748	4.71644924293405	4.40124173535349	3.44205006160109	4.90306399973185	8.11219662647021	7.94092780045453	7.68487413463728	8.01673919150036	6.21122074328491	6.42917439461978	5.77910356571191	6.17662006246243	5.44469440022599	5.46988392796377	4.49521545308721	5.35045747073329	6.71979069364542	6.76601793337123	6.49499737861296	6.64013879617615	3.57782598322377	3.8117690113094	3.43744569719433	3.79447475140603	5.91363007710858	5.6438306070491	5.62455888471775	5.12323934820738	6.33488328784999	6.96382809853022	6.68811990187987	6.41570520693107	5.16133740159686	5.26763480018178	5.14260941415897	5.25381160687518	5.5339109366115	5.28272503673382	5.0730709453424	5.6178778737348	5.60984908665497	5.47599743404507	5.63711473495533	5.29537011846986	12.2330006093853	0	0	0	0	0	0	0	0	0
Mir-629	5.99805710827137	5.22620364924986	5.08682798773648	5.97549071859903	4.34496433467081	2.25185002066947	2.98059768693628	0	4.09997858211246	3.28855875336743	2.0388694335583	3.37745076184522	3.03966611982601	3.68500892162785	3.16277045524259	0	0	4.17390734435613	0	0	0	8.84046620757732	8.74063183510573	8.78265076236337	8.42835622558615	5.77070866103215	6.20983423071811	3.98882514971362	3.6068571120945	7.04556289725946	7.03499040606065	3.01244679383522	2.77122957800882	1.45951188267731	2.84965057994117	2.11180087023049	1.97710455401973	2.12751062648816	3.93234288145897	4.63639823934511	3.91687457842093	4.0815193203514	3.92731660253046	4.70787715278913	3.98859312062283	3.7805555439424	3.41692796212082	4.37109991806683	4.64841944293882	4.62062909363182	4.51029229957593	4.49548452983471	3.43293571958275	4.09692690900012	0	3.27282852460369	4.31604199725793	4.19438197448592	3.70633851331011	4.14546933613955	4.48809788221409	4.5779241723878	4.18987795862846	4.83758407414895	4.3193179028952	4.03303476592037	3.80240809363414	3.51082947376903	4.96654743742741	3.77839794888041	3.91644018011007	0	0	0	0	0	0	0	0	0	0
Mir-642	0	0.951704251394096	0	0	0	0	0	0	0	3.28855875336743	2.99923808426947	2.39759829554767	3.03966611982601	0	0	0	0	0	3.47883624660132	0	0	0	0	2.40810955078785	2.56103146123568	3.56553966480009	1.65426755789772	2.44968383849089	1.69452393572146	1.93338566920081	0	0.771405439911369	1.67133216927205	1.73705388436462	1.91043550652645	0	0	0	1.94613051722549	0	0	0	0	2.7655861005038	2.23832772712435	2.69175790032083	2.28459148918587	0	0	0	0	3.18329037307815	2.56069327422785	1.88178770628316	3.71045956913623	1.45052704271402	3.50070247396359	2.98606444080148	2.15179039474782	1.91949561640633	2.3277687582711	1.18351117428896	2.31641372235756	2.30504833278199	2.26085957392237	2.27579629039564	2.23284297951258	1.62283230801153	0	1.64168482374576	2.33011731701284	0	0	0	0	0	0	0	0	0	0
Mir-651	0	0.951704251394096	0	0	0	3.82479460923886	3.70741205529201	4.46978839378597	3.94053185886368	5.99987111088692	5.73008741340153	5.75324965192728	5.87735307111565	5.4672075026394	5.07600788570748	3.14484623853084	0	6.06754838152642	5.89692895757828	5.86131614196471	6.28640802638809	6.15348666687137	5.00636018209871	4.96136797036911	4.8051438363827	2.54041617166137	3.79553848231412	3.98882514971362	4.54640101084903	1.26888496964859	0	3.01244679383522	3.05026117122928	2.34587615300547	2.84965057994117	4.78546893640718	5.05776370537224	4.61984724741147	4.57453566513204	4.13799367357958	3.81728814114049	3.81955711052345	3.73538130654227	4.34583208396376	3.80887342543908	3.7805555439424	4.47880597062418	2.69385341860028	3.46375324317578	3.30016369946288	2.98786605007424	0	1.78657782372909	3.17886491324099	1.7732032383926	3.51076861644781	4.43552441317067	4.75283491805746	3.88510155209743	4.14546933613955	2.66911242541594	1.82479947403407	3.36300636743547	4.62357664567496	3.83538785769676	3.11857518443607	4.28562181775983	3.22020035167716	3.09872840635708	3.24506977336074	2.81612731370579	0	0	0	0	0	0	0	0	0	0
Mir-652	2.72079149910524	3.81538951670302	4.41267905632013	3.59185713033734	5.60174502574884	6.92378897055851	7.00588188557177	7.31040382539686	7.06364787183953	7.297279586369	7.36642788097473	7.4736818109743	7.01579436522641	3.7273030366475	4.27882106931252	0	0	4.43984077856055	4.48872031807419	4.27186239315177	4.22670208135586	10.7308602225708	10.021044031402	10.9230722859789	9.01818630233585	10.4787697520872	10.8650727417567	5.80846791954785	5.20113236536779	5.48227803015023	4.90306399973185	5.48638529803718	5.72010588317471	5.30390368242035	6.04093191910465	4.60027777279205	4.61448436515358	4.40720119599839	4.88430298717623	6.75356442197577	6.68301536546269	6.66200574068111	6.29833876352058	6.71979069364542	6.63720738174262	6.87653381635284	6.18262939515826	5.74189234658455	5.7325839945176	5.33394412522988	5.4458727304072	6.57456462999119	6.17090078277926	5.54381584337453	6.29241099041292	6.20533989152775	6.55263787168784	6.3936420744419	6.44451353780383	5.95939857909512	6.19702198903233	6.36391544755535	6.61278267589684	6.48689779315221	6.15312104352722	6.45054470149739	6.57539007421091	6.82411479653523	6.54984261576419	6.68333725673699	6.75160100555473	6.8682597921342	0	0	0	0	0	0	8.06554861117415	0	0
Mir-6529	0	0.951704251394096	0	0	0	0	0	0	0	0	0	0	0	0	0	0	0	0	0	0	0	0	0	0	0	0	0	0	0	0	0	0	0	0	0	0	0	0	0	0	0	0	0	0	0	0	0	0	0	0	0	0	0	0	0	0	0	0	0	0	0	0	0	0	0	0	0	0	0	0	0	13.5334970686307	0	0	0	0	0	8.07345591069506	5.102760991841	0	0
Mir-653	0	0	0	0	0	5.84408389037664	6.05495142730711	5.67273655614058	5.82327309691477	3.60449170163266	3.90607787118616	3.11846843479196	3.03966611982601	0	0	0	0	0	3.67395869811934	0	3.51125850026706	1.38084689497683	2.48891045811883	1.65713316502257	2.45755576384553	1.48881729748434	0	0	0	1.26888496964859	0	3.2453712128247	3.66149766964795	3.0001103619038	2.36144229461087	5.09689642485397	3.97132346533563	3.4736421774783	3.25703906497248	3.04703515298415	3.46915714931537	3.99937259465176	3.8345384731742	2.7655861005038	2.71759355703859	2.21433246896568	4.04343593532579	5.8552943558229	6.11320875917214	5.78358764484283	5.37877362063102	0	3.43293571958275	3.17886491324099	0	2.98774198735876	3.26293655560256	3.71319205032341	3.50225010351232	1.91949561640633	1.22656673517064	2.87900857871701	3.36300636743547	3.15115746075381	4.78394830629079	3.11857518443607	3.80240809363414	4.14064170511135	3.09872840635708	3.77839794888041	3.70988470491148	0	0	0	0	0	0	0	0	0	0
Mir-670	0	0	0	0	0	0	0	0	0	0	0	0	0	0	0	0	0	0	0	0	0	0	0	0	0	0	0	0	0	0	0	3.34909825125254	2.21468729068628	2.89088005217454	2.70452922768783	0	0	0	0	1.62093710370287	2.00802828865477	0.95387252234241	1.94214918074719	0	0	0	1.55391615072	0	0	0	0	5.37221471011976	5.95997624659967	5.2703196882654	5.88349596557742	2.15903414483269	2.1504750497362	2.63048064510923	2.15179039474782	0	1.22656673517064	0	0	1.57090978297909	0	1.54662249830223	2.23284297951258	0	0	2.38973209243396	0	0	0	0	0	0	0	0	0	0	0
Mir-671	8.14676398626076	6.96858344501641	8.16850230213229	7.85172213270204	7.49858935102248	6.73284038909255	6.47390734432382	6.68573703638065	6.6902974043285	5.74491817155001	6.01656972484762	6.04204535767826	6.02689984634042	7.75260425445644	7.85616943169096	8.0396206859329	7.14907562619328	8.33999232409618	7.83851133236469	7.74916115627967	7.86616005530416	7.22680388278532	7.18163012019492	6.29535761553191	6.52485337078142	4.78118259525232	5.68564268753493	7.77929401173335	7.94858373554838	7.5145804928166	8.25108281709254	5.59587456298411	5.75943330554673	5.42638794883751	5.49657771122339	5.35288772441045	4.924585168704	4.96931889063519	5.45289000933053	5.86004550936643	5.98780527498111	5.40022603784448	5.83055814339764	4.59699286261651	4.85243516993306	4.91290578602547	4.47880597062418	5.71209216467699	5.25255570875519	4.88350088558353	5.27188394664834	5.0589684073282	4.52666987325543	4.93255533487245	5.31070101353966	5.72771256178965	4.64836056979696	5.22289181233184	5.67058385420416	4.14546933613955	4.5717741765762	4.5779241723878	4.38575029963376	5.10876032442654	4.3193179028952	5.0730709453424	5.24815289080816	5.34042067086202	5.05129349714656	5.21121093851026	5.21940713494892	4.01709732563792	0	0	0	8.0562500135055	9.01582299546751	0	7.39070421791823	0	0
Mir-6715	0	0	0	0	0	0	0	0	0	0	0	0.890524894614324	0	0	0	0	0	0	0	0	0	0	0	0	0	0	0	0	0	0	0	0	0	0.663011481921439	0	0	1.97710455401973	0	0	0	0	0	0	0	0	0	0	0	0	0	0	0	0	0	0	0	0	0	0	0	0	0	0	0	0	0	0	0	0	0	0	0	0	0	0	0	9.01582299546751	0	0	0	0
Mir-675	0	0	1.82265302529723	1.6832459638687	2.44861108198143	4.55934456073624	4.8365565724271	5.30268469186428	5.133007665897	3.60449170163266	3.36844730930774	2.80259719824726	3.29691548822359	0	0	0	0	0	0	0	0	1.76821312179966	0	0	0	2.2057603370744	0	0	0	4.16325959119226	0	1.27134418850794	0	0	0.756857972372857	5.84496769032873	5.17968050075226	6.41347074396158	5.99491265727624	3.37028483354107	3.17943511996769	2.72735225005617	2.26013680830463	3.12658572011525	1.51563629299423	2.69175790032083	3.41692796212082	6.72834982698144	6.37973533431121	6.33364656837331	6.34384629481168	3.18329037307815	0	0	3.04515659866357	1.45052704271402	1.44353758141309	2.63048064510923	1.4446112134343	2.37138090759824	1.87977978791294	2.87900857871701	2.31641372235756	0	0	1.54662249830223	0	0	1.53189714850589	1.64168482374576	0	8.89585903635234	0	0	0	0	0	0	0	9.94869970551842	0
Mir-676	0	0	0	0	0	1.52680305375237	2.15269143163183	0	0	3.40173309249684	2.28881398316065	2.61426293196027	3.17401704465908	0	3.77912994216625	0	0	4.14936465506877	3.89136868282467	0	0	0	0	0	0	0	0	0	0	0	0	1.64191381452072	1.29673565130016	1.73705388436462	0.756857972372857	2.11180087023049	2.7811588339805	2.95219506569975	3.93234288145897	2.04040900376453	2.33049001764978	2.72735225005617	3.10110175432935	2.28298180006373	1.51563629299423	1.49586600862742	0	0	0	0.987949226811437	0.993078815701568	1.88541361357369	0	0	0	1.45052704271402	1.44353758141309	2.15754450173878	1.4446112134343	0	1.22656673517064	1.82479947403407	0	1.57090978297909	0	1.54662249830223	0	0	0	0	0	10.7921829979412	0	0	0	0	0	0	5.102760991841	0	0
Mir-7-P1	1.26188337846119	1.92693624548686	0	0	2.79601709188554	2.73213856770259	0	1.5476966437991	2.67416840857219	2.31816639064438	1.35310696887963	4.48196162759966	1.38134581200857	0	0	0	0	0	0	0	0	4.56434733986094	4.65655798106595	6.08258861171738	2.65757958174062	7.27763310649152	7.10197279186016	3.51267972586876	0	5.06282575083001	0	4.27651360150114	4.14993594418574	5.38670416556631	7.02229898260317	0	0	0	0	2.04040900376453	1.59210096033023	0	0	3.12658572011525	3.36404642369147	3.049863509461	4.99901186245957	3.57782598322377	0	2.97884462579301	4.23478541945683	7.24694904812358	6.47894599286378	6.89668156289024	4.65427539094567	3.51076861644781	5.14557131226687	3.27110756161846	5.46098382880095	0	0	0	1.21845573574718	5.76061594142276	4.450236843199	3.64707793720826	4.14181463318916	6.49874551103997	5.59369619999211	5.57430148003202	0	10.3677737776746	0	0	0	0	0	8.39431245318683	6.08161444745164	0	7.99615266318097
Mir-7-P2	2.99827311438567	5.18974284182723	0	4.53075560603652	3.68822604540525	4.55934456073624	4.4382524511393	4.58988338363318	4.09997858211246	4.27352391463362	4.60402706086911	3.37745076184522	2.89150687066651	0	4.45361914027382	4.08409138857502	0	3.00046481908797	0	0	0	6.30386855305347	5.59361579512696	4.74667294134641	6.80859110494192	6.60512923161864	6.93476760095645	3.84688350994896	4.05804840695894	8.13719991433462	6.86643987227951	6.39947798591613	5.87136535206593	6.89998546459339	6.5026302742416	3.83685525174689	2.7811588339805	4.61984724741147	3.93234288145897	3.37028483354107	3.33155669407696	3.2378064250249	3.51393471826975	3.65540725840055	3.80887342543908	3.96001785335902	3.41692796212082	1.6727228292708	4.0044564669316	2.78663440565584	2.31083820596294	5.37221471011976	5.3290981408443	5.45828456538053	6.87122492350831	5.67974143476035	5.40179682656542	6.36363346811647	6.05380634794262	3.60070164349167	5.21655377216182	4.23251061014919	4.08097315241035	5.18889781207281	6.22802992283952	5.43526632550831	5.50484676254206	6.24550450573876	5.41333971665795	7.07230854181068	6.31388100072169	11.1641541266335	0	0	0	0	0	8.07345591069506	7.07092379323656	0	8.40977682634357
Mir-7-P4	5.22304542189307	0.951704251394096	2.60279459058997	2.93253199321258	0	0	0	3.40837227582676	0	0	0	0.890524894614324	4.15814987798092	0	0	0	0	0	0	0	0	1.48786626400358	3.99945889481216	1.65713316502257	6.43916855161398	6.27573142063611	5.65522501452494	1.9910670551664	0	3.77481576782407	3.95049331164109	6.91254782337771	7.11541197627549	4.38094185728812	4.18944190911271	0	0	2.12751062648816	1.94613051722549	0	0	0	2.52053824391428	2.7655861005038	0	2.69175790032083	0	1.06631564158912	3.91132728644446	3.43744569719433	0	5.0589684073282	6.01566810575686	3.55351504184089	5.88349596557742	5.90507835460115	4.99808969234846	4.65711627809005	2.62426091899581	2.37138090759824	2.3277687582711	2.26719612330756	0	1.57090978297909	0	4.46822923078021	4.6469609269298	2.36725402140542	5.85174286982309	2.38973209243396	6.38514590258627	10.3034731691654	0	0	0	0	0	6.08943441674269	6.6594586548024	0	8.73085625448754
Mir-7151	0	0	0	0	0	1.52680305375237	2.62523499990772	2.75926244844499	2.67416840857219	5.32453712421291	4.81791975551804	5.33188870708212	5.11717004512488	0	0	0	0	0	0	0	0	2.14043527568175	1.72542237294981	0	0	1.48881729748434	2.07773870067745	0	0	0	0	2.18099410926111	1.96844010402342	1.73705388436462	2.54316049606998	0	0	0	0	0	0	0	0.961691675863634	1.55258070593448	1.51563629299423	0	0	0	0	0	0	0	0	0	0	0	0	0	0	0	0	1.18351117428896	0	0	0	0	0	0	0	0	0	0	0	0	0	0	0	0	0	0	0
Mir-744	7.04897810796028	7.43366660872624	7.54089284732066	7.01420829252462	6.75507014950983	7.16983908503325	6.86369001568094	6.95540588466657	6.94260861745965	6.54686257941447	6.19553829710848	6.46095137878183	6.51867471489698	11.1535918536168	11.349676503133	11.4012988565743	10.8563776959491	11.9218869343457	10.7619424820576	11.8158853609787	11.3638554381618	12.8509672098641	12.6045818534376	10.7677693771505	9.98807107754385	10.6577538540788	11.2144907200326	9.17544968182139	8.61626436085011	8.80700559924986	8.31798175419179	9.47178213761887	9.55726806023735	9.12596983442427	9.38825889219051	8.530507204309	8.14442399895879	8.16700872300965	8.21797320994586	7.41086196232203	7.27741183860603	6.99439647255157	7.25375071013387	6.36112596446884	6.66390600452254	6.13283777890276	6.49284674686553	6.58773768218637	6.37973533431121	6.59075582133078	6.29008149453023	6.83507403152467	6.69902599044184	7.16311288477464	6.57450569860714	6.5096973662272	6.55263787168784	6.16915822368795	6.5004598229556	5.95939857909512	5.9996491394333	5.89431542007822	6.2091341278469	6.60844087376542	6.91255695067554	6.51257834725233	6.26420181125057	5.41263975222335	6.26052135179718	6.34999162521505	5.94079951276071	10.1750872251058	0	0	0	0	0	7.07880176675778	7.39070421791823	0	0
Mir-760	0	0	0	0	0	1.52680305375237	0	1.5476966437991	0	0	0	0	1.76878525837759	0	0	0	0	0	0	0	0	5.18160604909527	8.32930717256558	8.28151474297678	1.78686700240913	5.99159857929317	3.55313528152552	0	0	0	0	2.18099410926111	3.05026117122928	3.36934773149037	3.10230043042492	0	0	0	0	0	0	0	1.5336553038736	0	0	2.21433246896568	0	0	0	0	0	0	1.78657782372909	0	0	1.45052704271402	1.44353758141309	0	0	0	0	1.18351117428896	1.21845573574718	0	0	2.27579629039564	1.51111217476574	0	1.53189714850589	1.64168482374576	0	0	0	0	0	0	0	0	0	0	0
Mir-766	1.26188337846119	2.24385930163119	1.82265302529723	2.43908959205042	0	0	0	2.75926244844499	2.19801358191114	3.03149468427259	3.47313878760151	2.80259719824726	3.29691548822359	0	3.12568064462854	3.52982610313495	0	3.75305425320087	0	0	0	7.52733426870877	7.70465919433504	7.07190520059974	5.64422966037946	7.31084316144051	8.01522556518523	4.1180440609977	3.6068571120945	5.38828674985982	5.47186378191715	4.76322445827405	5.07793874249412	4.6049830022674	4.97046172991348	4.13844792386717	3.672208705986	4.40720119599839	3.63384787769828	0	1.59210096033023	1.52312552904802	1.5336553038736	0	2.23832772712435	1.49586600862742	1.55391615072	3.70430377592368	2.58892448391718	3.30016369946288	3.89394407554264	1.88541361357369	2.56069327422785	1.88178770628316	0	4.05291221085378	4.18576331850142	3.27110756161846	2.97958245531887	3.4249459071449	4.20329727921796	4.23251061014919	3.69407510670721	3.4402346926456	4.01534396940577	3.85292467794796	4.14181463318916	3.51082947376903	2.73876249733365	3.98569179521064	3.91644018011007	0	0	0	0	0	0	0	0	0	0
Mir-769	8.65195102415968	9.28126663100086	7.16077309626708	8.7258636025831	7.89970834818199	8.35091106848091	8.2655884562235	8.71535467201839	8.60197464418583	7.78322021266408	7.52704528257494	7.84443543353836	7.67275600936905	11.6286925576658	11.7109363980375	11.7653528457697	11.5386973802339	12.5636652057878	12.1580842483881	12.3221642554366	12.3597797459102	9.2156748061207	9.48633597353348	9.33799543561384	7.85145173527501	6.65770482531641	6.85671672841899	9.56646542465374	10.084542418512	9.12738045659602	9.49987246960983	11.0175163609973	11.0907655337986	10.7077008817075	10.9603430787877	7.54727304920426	7.42077915299464	7.82505486824838	7.49796324609081	8.74000374706485	8.89025511500486	8.72661466660272	8.85028011970664	7.30018355066401	7.60260164571974	7.59958113760377	7.54587989226507	7.78731369227333	7.81208681357007	7.66940180743833	7.67269247607668	7.9749692637108	7.89872653072444	8.13068740699274	8.24443546520289	7.79982610382563	8.12731809188952	7.95710618118263	7.86700545941463	7.76862638898373	7.77765239974894	7.86817963012774	7.77230735800877	8.560125415617	8.44310273979785	8.63921088723091	8.48424807865455	8.01621797821354	7.92559763421477	7.94810331828054	7.92307632553436	0	0	0	0	0	0	8.87851367369686	7.07092379323656	0	0
Mir-770	3.60699737490802	2.24385930163119	1.82265302529723	2.43908959205042	1.99008428092361	0	0	0	0	0	1.35310696887963	1.83250583487512	0	0	0	0	0	0	0	0	0	0	0	0	0	0.680050647660377	0	0	0	1.26888496964859	0	4.97260391010709	5.50557577947577	5.02249005955682	5.09215277273361	0	0	2.12751062648816	1.94613051722549	2.04040900376453	2.00802828865477	1.52312552904802	2.26013680830463	0	0	0	0	2.91923938864548	2.58892448391718	3.67811292100456	1.98960573221573	1.88541361357369	1.78657782372909	1.88178770628316	0	0	0	0	1.4446112134343	0	1.87977978791294	1.82479947403407	0	0	0	1.54662249830223	0	0	0	0	1.59179007653147	0	0	0	0	0	0	0	0	0	0
Mir-7854	0	0	0	0	0	0	0	0	0	0	0	0	0.850044378990743	0	0	0	0	0	0	0	0	0	3.18168974475396	2.89949959885145	0	2.00395477484855	1.65426755789772	1.31478616941387	2.45243762834759	1.93338566920081	0	0.771405439911369	0.78940532022063	1.11554513343675	0	0	1.97710455401973	0	0	1.62093710370287	0	0.95387252234241	0	0	0	0	0	1.06631564158912	1.58813295724365	0.987949226811437	0.993078815701568	0	0	0	0	0	1.44353758141309	0	0	0	1.22656673517064	1.82479947403407	1.21845573574718	0	0	0	0	0	0	1.64168482374576	0	0	0	0	0	0	0	0	0	0	0
Mir-8-P1a	1.26188337846119	3.23379683013778	2.60279459058997	0	1.31400097922241	3.61927174916568	3.26549896326262	2.75926244844499	2.67416840857219	3.40173309249684	2.50178325451139	2.96916041819176	2.53986310590283	10.9728617166162	10.6914763703473	10.9495676984003	10.7955158646376	11.523368387584	10.8858221931299	12.3211809315198	12.0426709314842	5.10801944103029	6.61300569512392	4.85801051298294	3.85584621022476	8.20982393788644	5.34806309883383	13.2055059732973	12.9122663264288	11.9273099602239	11.1214565162939	4.60459030946703	4.46744217455519	4.25436080556482	4.90553714804777	8.94456898887828	8.87032280200351	9.09508000598173	8.9667774673529	4.51066762157158	3.81728814114049	4.37005052194456	4.56938259146893	10.3595169085168	10.3613835617071	10.2251585232125	10.3551575847743	2.4266175817084	2.58892448391718	1.98188588144377	3.68763610071453	11.8960098703811	11.747474595991	11.9342448695384	11.7490252652604	12.7903674266777	12.8316651280421	12.8122508971029	12.8076059441373	10.0440143485925	10.0548686403532	9.82564084594077	9.96417511419062	11.7614640586511	11.8184689843224	11.7579009464201	11.7218646626871	12.4850501934646	12.4286984728958	12.5071068127978	12.4775782995071	4.07242235804101	0	0	0	0	0	9.97641358373028	11.7748106251197	0	10.6543514314498
Mir-8-P1b	1.26188337846119	0	0	2.43908959205042	0	2.73213856770259	2.15269143163183	2.75926244844499	3.3177639893336	2.06680697500783	3.13308418392191	2.61426293196027	2.32561145568561	9.29406166265798	9.24712533793301	9.10720594174639	8.76506031194451	9.79967142928544	8.56974591358211	9.7137227897651	9.28981411546406	7.37183984637377	7.39438354860002	5.71955045156659	7.3892571567424	8.1741751293263	6.70163786342716	12.1173627623748	12.1144388203743	10.3867841250506	11.7370880064482	1.93648805423278	2.60846228898509	2.17002310132925	2.36144229461087	4.38776437228855	4.43022837992987	5.37279688535477	3.63384787769828	3.21769451814435	2.81652647077442	3.08687234965292	3.38900540725755	11.6381038492387	11.6137133517079	11.5406445510622	11.6339898171226	11.306459367334	11.1595691036395	11.1223763875202	11.1478920967326	12.7834163461905	12.6739785341233	12.8095361159487	12.6669620081565	12.5346259800716	12.5121670668964	12.4903729480853	12.4989209458118	9.6230820428351	9.4877405864659	9.54544049930278	9.47894268460038	10.9014646264009	10.8264215559657	10.8377073083399	10.8441916393187	11.8233654057703	11.7290408415238	11.8676528447952	11.7630250897339	7.47755866245293	0	0	0	0	0	10.0694334787949	12.0939063909965	0	7.41401268773809
Mir-8-P2a	1.26188337846119	0.951704251394096	0	0	0	3.09184611955232	3.26549896326262	3.64858055929813	3.03156151085641	1.37561887557387	0.829694090990264	2.14254477573674	1.38134581200857	9.40162911522572	9.25035959870829	9.11637625723363	8.833203590136	9.92920994901621	9.23550388082992	9.9673231189469	9.60736724645116	4.17350744552158	6.24735792341268	4.62601910292658	4.36493502648283	8.13453485518053	3.09029744088326	9.88971074814081	9.98934069163679	9.88067735375443	8.71543949715261	3.13360463898039	3.74223823395369	3.52367711611295	3.5893922800449	7.76121760160114	7.69063707247884	7.56756975083252	7.7094141657728	2.62979231703988	3.59476880266501	3.37443470805384	2.26013680830463	9.7077643692745	9.64136150055768	9.640798546595	9.84349071179381	1.6727228292708	2.58892448391718	1.98188588144377	2.31083820596294	11.0527959768355	11.0632678616328	11.0660090443376	10.943503856178	12.4896862686503	12.4699293453478	12.4418310760936	12.4531391404019	8.9348712341037	8.95272621424044	8.9266883610505	8.94245810038332	10.2468436051748	10.257586059547	10.2963955272619	10.1178743612197	11.4524873670273	11.3200279765254	11.4423390483642	11.419085972145	2.44112050221688	0	0	0	0	0	9.77018301325674	11.3086497165284	0	9.40765422269585
Mir-8-P2b	2.99827311438567	2.72354474182216	1.82265302529723	2.93253199321258	3.0757901928795	5.89057922225934	5.89703739792481	6.01067922940708	5.77681645625796	3.28855875336743	3.82926544973099	3.59694185734217	4.02224094698784	14.5420887301657	14.6807534262185	14.8394030133842	14.7502340721748	15.3733533867753	14.6135188622267	15.0080867104042	14.6562876287052	7.11854901644509	6.91829082226992	6.29535761553191	6.42552261004554	9.44903546584635	5.93389686318106	12.3878912478183	12.7684467987293	12.4546140828037	13.0241204686267	3.13360463898039	2.21468729068628	2.34587615300547	2.98149906909172	8.22885450636842	8.09878477384581	8.11535341982728	7.94481201678996	6.35674519213382	6.23937110507862	6.35027814033483	6.03201869739286	14.0183357390798	14.0450286756771	13.9362602678376	14.0507996728266	14.23119273211	14.18613805187	14.1136700066945	14.1524450511919	16.190648186891	16.0896778108938	16.2179002371576	16.0786430093202	15.6555182029938	15.6247764521497	15.6534532131812	15.638601365179	12.3231485915597	12.3526085776963	12.2084590371124	12.3698635219294	13.6284639200639	13.596235491271	13.6420031932111	13.6198267207954	14.271740912426	14.2098906248307	14.2944028100227	14.2603050728992	3.4760138094461	0	0	0	0	0	9.52947527817479	9.31035499897901	0	7.99615266318097
Mir-8-P3a	0	0.951704251394096	1.82265302529723	0	2.44861108198143	2.25185002066947	2.98059768693628	0	1.48245369299614	1.37561887557387	0	1.83250583487512	1.38134581200857	9.38851073422961	9.23955041261012	8.57698893427375	8.96336507176266	10.2229056846089	9.59907522709953	9.94706815271156	10.1065532904059	4.38212239963291	4.28200633388065	4.62601910292658	0	6.36275847219713	2.89586493667408	10.7450572176087	10.6031691174721	9.84573876992742	9.34809076317675	4.04897724228315	4.0264105289007	3.79019394056742	4.18944190911271	7.82601922196457	7.53940969516498	7.88797600891018	7.6491680087987	4.22062824064054	3.33155669407696	3.61409524568548	3.25222343783925	9.850559556661	9.9018534427223	9.89362664127555	9.9347906413418	1.6727228292708	2.32573180748621	2.78663440565584	2.31083820596294	11.1466633482295	11.1881918316288	11.2601503936579	11.0608312531018	12.5810671989426	12.581411515988	12.5498813627789	12.5470352043466	9.58960247830665	9.62138417694637	9.57700066465044	9.53420962889478	10.288362384866	10.3672878461284	10.3419567016488	10.222120435824	12.0798328947713	12.0563407230957	12.1640677006321	12.0986839479006	1.18008119085046	0	0	0	0	0	8.07345591069506	8.96992391837022	0	7.99615266318097
Mir-873-v1	0	0	0	0	0	0	0	0	0	0.845908281885073	1.7363560937758	2.39759829554767	2.32561145568561	0	0	0	0	2.39573153213978	0	2.99606823625884	4.22670208135586	0	2.15709348027692	2.89949959885145	0	0	1.65426755789772	1.9910670551664	0	1.93338566920081	0	5.81097469793872	6.73623242645399	6.01321417378809	6.82576584059691	2.93444289319457	0	2.12751062648816	0	2.85344534351768	3.00936200401074	2.91828250783353	3.10110175432935	5.44410741104951	5.62469971429512	5.22522399667854	6.52353277438784	1.6727228292708	3.17415073038853	2.3025982432924	0	2.67563002213424	2.56069327422785	3.55351504184089	3.04515659866357	5.63012019197851	5.14557131226687	5.94432196322289	6.98525344007471	0	2.66911242541594	2.60529408029441	1.86945692385663	1.57090978297909	2.74182383123227	1.54662249830223	0	3.22020035167716	0	1.64168482374576	1.59179007653147	0	0	0	0	0	0	0	0	0	0
Mir-873-v2	0	0	0	0	0	1.52680305375237	0	0	0	2.31816639064438	0.829694090990264	2.96916041819176	1.38134581200857	0	0	0	0	2.39573153213978	3.14443347707303	0	0	1.85073722257771	0	0	3.48684695664852	0	0	1.9910670551664	0	0	0	6.85203575307978	6.26208800179809	6.53280536561774	6.12888396563368	0	1.97710455401973	2.12751062648816	1.94613051722549	1.62093710370287	3.59476880266501	1.93024366443099	2.93227775858729	5.23782625975255	5.38899813183725	4.91290578602547	3.86323618808569	2.4266175817084	2.0035662741426	0	1.98960573221573	4.10161056853098	3.06175321911136	3.17886491324099	2.54503943613696	6.95476156145015	6.98356932919246	6.45184923303139	5.28101871267314	2.71497423499928	0	0	2.31641372235756	1.57090978297909	1.53425327332603	2.75787084821199	1.51111217476574	1.62283230801153	2.73876249733365	0	3.17902127432894	0	0	0	0	0	0	0	0	0	0
Mir-874	4.03377058543775	4.71271766641269	5.89137424028894	5.63380708574387	5.25389571615603	5.97930244054599	6.1278666185443	6.35379971946202	6.07439237746999	8.49754444316189	8.42213089837241	8.54080596123186	8.49403654574961	5.20819422086927	6.22636010432304	0	6.10894657570628	5.69612752599733	5.89692895757828	6.53277254623217	4.8641789832168	4.62422532114276	4.58902591988925	6.58152056164475	3.19673673552985	5.70560916897606	4.49033488905575	5.64652561216429	5.44285434665835	6.26915724850157	5.87875150837616	9.78783377191186	9.79701540784447	9.47129308322653	9.76398624229499	7.69336783252853	7.58425894722786	7.56756975083252	7.49796324609081	7.73285427299846	7.57288053527633	7.43812646869659	7.5880672449086	7.26434601852968	7.41101656762501	7.26592491327211	7.63288852236643	5.96042843093239	5.78602650942684	6.08467508666246	6.15624290430119	6.2564157747258	6.17090078277926	5.90873887347239	6.42011544816644	6.5096973662272	6.57883062709889	6.3936420744419	6.5004598229556	5.85921446972384	6.32311008176994	6.49169627614185	6.28474642600887	5.86187304523053	5.90178231093521	5.43526632550831	5.77237682380927	6.24550450573876	6.42835396528197	6.34999162521505	5.79140365739462	4.78574936582334	0	0	0	0	0	8.39431245318683	7.65230506537109	0	0
Mir-875	0	0	0	0	0	0	0	0	0	0	0	0	0	0	0	0	0	0	0	0	0	0	0	0	0	0	0	0	0	0	0	0	0	0	0	0	0	0	0	0	0	0	0	0	0	0	0	0	0	0	0	0	0	0	0	0	0	0	0	0	0	0	0	0	0	0	0	0	0	0	0	0	0	0	0	0	0	0	0	0	0
Mir-876	0	0	0	0	0	0	0	0	0	0	0	0	0.850044378990743	0	0	0	0	0	0	0	0	0	1.72542237294981	0	0	0	1.65426755789772	0	0	0	0	3.01244679383522	3.28397251861805	1.96972027651603	3.21376359985171	0	0	0	0	0	0	0	0	2.28298180006373	1.51563629299423	0	2.28459148918587	0	1.00237849534382	1.56887233004962	0.993078815701568	0	0	0	0	0	1.44353758141309	1.44931003566882	0	0	0	0	0	0	0	0	0	0	0	1.64168482374576	0	0	0	0	0	0	0	0	0	0	0
Mir-877	4.03377058543775	3.99516771968323	5.08682798773648	2.93253199321258	3.3100210275349	2.25185002066947	2.15269143163183	1.5476966437991	3.03156151085641	2.88345813314193	3.47313878760151	3.37745076184522	3.70468891608217	6.17333079456963	7.99375021465296	7.49249565729107	8.38055325675445	7.83753971221948	7.76850979440001	8.86665047728884	8.73586155290345	4.50187615011574	1.72542237294981	3.26537195911095	4.74048487635701	2.93057764172421	4.55766443686358	6.77608797524308	5.28628646028442	7.06087675594794	5.47186378191715	5.00472611117741	5.2534771275113	4.70517763806799	5.25737071570985	3.45508583701279	0	2.95219506569975	2.74562293223415	3.04703515298415	4.01002839961055	3.2378064250249	3.10110175432935	2.7655861005038	3.07672945720567	0	3.12837960343253	2.4266175817084	3.00415979702884	2.3025982432924	2.57340867796331	3.18329037307815	1.78657782372909	1.88178770628316	1.7732032383926	3.51076861644781	3.88351898826238	2.98606444080148	2.62426091899581	2.37138090759824	1.87977978791294	3.30728596208954	1.86945692385663	3.4402346926456	0	2.27579629039564	2.23284297951258	3.95963430477396	1.53189714850589	4.60426718462528	2.81612731370579	10.2285816303908	0	0	0	9.63759462883137	0	8.39431245318683	8.52351078865592	0	0
Mir-885	1.26188337846119	0	0	0	0	8.03630435517469	8.09422906488215	8.02609466106076	7.99876789631532	0.845908281885073	0.829694090990264	0.890524894614324	1.38134581200857	3.59650879498511	4.86716121509841	0	0.794129562077966	4.57497904513364	5.60037531538388	3.72376581740707	3.81754628436323	3.9104309449576	2.48891045811883	4.62601910292658	4.39325276096554	5.41113890155944	2.89586493667408	0	0	0	0	7.64641308500351	7.86182561926915	7.30314496087822	7.64143219337844	10.1763753011208	9.89126410559588	10.1504642273959	9.91505460375184	0	0	0	0	3.65540725840055	3.60353666200386	4.11960565652161	4.59893489508512	0	0	0	0	0	3.43293571958275	2.67143578140483	3.41582379957016	2.15903414483269	2.62283885480155	0	1.4446112134343	1.25788798244504	1.87977978791294	1.82479947403407	2.93260457456171	1.57090978297909	3.10190872756461	3.11857518443607	0	0	2.25801136368953	0	1.59179007653147	2.87371014459181	0	0	0	0	0	0	0	0	0
Mir-887	5.424336934217	5.94766961429459	6.36096027989312	5.42688342543816	4.94138902270523	5.12376509497466	5.28215139675426	4.89977992714311	3.94053185886368	7.55756368688093	7.43931128353941	7.49432441558882	7.53595935379909	0	3.60141951941312	0	0	1.78059536593653	3.82247589350521	3.57331153332928	0	0	0	0	2.45755576384553	1.76925718725172	1.0522884103283	5.95405290227183	4.79910842918395	6.0098591076539	5.47186378191715	8.0558216377471	8.19869784009056	7.82879100071633	8.20724540289774	5.46564687291367	4.924585168704	5.59020673895866	4.73771734059498	7.60793979851307	7.96484783378883	7.68802142572412	7.63696374709364	5.88270223702447	6.3716801023521	6.37356171261007	5.68199442083545	5.74189234658455	5.55924096111889	5.83419869330139	5.65882296944489	5.62943209306455	5.57134788014868	5.05414401010867	4.90772930068503	6.73765709128446	6.41402758525966	6.23693820329011	6.5004598229556	6.51482455348918	6.73967880159311	6.6277416371109	6.55287275522439	5.9099555073607	6.19106161415847	5.92031835611696	6.15605839357166	6.82411479653523	6.60695412859697	6.79773426270017	6.63948294071079	0	0	0	0	0	0	0	0	0	0
Mir-9-P1	0	0	0	0	0	1.52680305375237	0	4.33878101971953	4.89276842589797	5.94490750143862	6.89664587176507	1.83250583487512	2.07389750363558	0	0	0	5.42909486483556	0	3.44867559370167	0	5.51385551332728	2.8512636102156	4.78281983635122	0	0	3.70530559584371	0	0	0	1.26888496964859	0	14.2526201809015	9.56422502562565	14.9567707490129	15.153154332135	4.94956970572137	5.17968050075226	2.12751062648816	4.39051452010763	6.09722723407134	5.91740748976636	4.81633812900593	7.58094475575654	0	0	4.51374386572384	0	1.6727228292708	5.81202325871823	1.56887233004962	5.4458727304072	4.31194758102156	0	1.88178770628316	5.76018501161865	6.76089800271369	4.04254173699713	1.44931003566882	0	0	3.37582638759204	0	8.05021888200414	5.18889781207281	7.77534195798909	6.05148139899597	7.63649239360642	6.16416042617896	5.53604675524899	1.64168482374576	1.59179007653147	2.058225813613	11.0666679970748	0	0	0	0	0	0	7.95307271475572	0
Mir-9-P2	0	0	0	2.43908959205042	0	5.12376509497466	4.31875863267012	3.64858055929813	1.48245369299614	6.83580067960669	4.7361274647269	5.90486178743009	7.07710319165848	5.80004186675238	0	4.8375606077727	0	6.32480298105884	6.50710679125626	0	6.76654425041715	4.52719015388474	1.10660602580349	4.00694808440103	2.98977491895686	3.49022764517584	1.65426755789772	0	1.69452393572146	0	0	14.8953918162073	15.5994999318682	11.1236547561149	13.2802920411254	0	0	0	0	2.04040900376453	7.71800263811015	5.46287030159466	2.52053824391428	4.90694879683001	4.29222889830703	2.69175790032083	4.99901186245957	6.53764719515251	4.0044564669316	5.90693434585178	4.30874932783869	0	3.06175321911136	4.09692690900012	0	5.15629853596824	4.18576331850142	3.89202119551229	0	6.11230899333646	7.68674173519702	6.01266791410194	3.16379661774887	7.55640952715067	5.53956936687306	1.54662249830223	5.67123716674654	5.60984908665497	8.03369204237306	8.31761623270129	8.10294908802195	2.058225813613	12.9406478473858	13.0515656523238	0	0	0	0	0	7.95307271475572	0
Mir-9-P3	1.92454533655116	0	0	0	1.99008428092361	3.82479460923886	5.5174442477773	5.07465535856462	3.55648016717492	2.5321613069548	1.35310696887963	6.81831903244349	5.11717004512488	0	5.34969755054182	4.90424250736072	0	0	0	6.94901096109904	5.0767352027785	3.85152673202958	3.99945889481216	2.40810955078785	3.19673673552985	1.14038079833273	4.74263155238337	1.31478616941387	4.05804840695894	0	0	8.86249543770312	11.0282411765025	12.9274719898594	11.3508934731414	2.11180087023049	0	3.85584163118431	0	7.67541556215271	1.59210096033023	7.34972160224614	5.38358221592522	0	3.07672945720567	1.49586600862742	1.55391615072	4.51611435295351	4.25243081741519	5.22436661110733	3.89394407554264	5.46314547858227	5.95997624659967	6.09027886687229	3.04515659866357	0	6.22794127650149	6.91197219682916	6.77451511047718	8.46367900469575	7.47486156886576	8.28755430473139	6.70741508679167	5.40562895593162	4.01534396940577	7.87898006243334	2.71169103855838	7.60303679442077	0	3.24506977336074	5.43625697122489	2.60017009873007	10.4820417716071	0	0	0	0	0	0	8.95015884855972	0
Mir-92-P1a	9.73544492740089	13.9022700253079	10.8055860409703	10.3987577880847	13.3626190657774	11.4329978752229	14.1250901727468	14.3012199198777	11.6194382712033	13.3803232923383	10.4303952729153	13.4934933124703	10.4658742690543	13.2175880070691	12.830180076267	14.9591995979235	14.9894644386609	15.9402411549676	12.7917195065439	13.4433480487265	15.4576867275449	16.65633537553	11.9153310625051	14.8780704273472	13.9889511167895	7.95010772182641	14.3174411509076	15.7390720749424	11.4826769448889	15.5800306213869	12.2030564299637	10.7105666805123	10.9271727281713	12.9463622855721	10.7324835714842	15.2473054079643	15.0121630505293	15.2641317985366	14.9724127003502	14.5074137174679	12.0198206921771	11.7888900630739	14.4119389180188	13.0417649779231	10.7674531691406	9.96893123786129	10.2535665873617	12.5785849189832	10.5390527585248	10.1369501446849	10.4029319946335	14.0347040636949	11.7361221139964	11.4849389058852	13.9907941944963	12.9996120138813	11.086743570917	10.651849302223	13.0006156381391	10.840419793353	10.9018584870777	13.1370041340493	13.2757585181153	11.5117193520511	13.8168428424497	11.126381897597	11.0228765846125	11.3179231108165	13.8060204952731	11.1523368742096	13.9247071927637	18.2099855682465	12.8031626741659	13.6364715096783	0	8.0562500135055	0	11.4261665427581	12.46128861718	9.53414875124716	13.3364053172809
Mir-92-P1c	12.6897700653203	8.44116772759137	13.964068626049	12.8356552361542	5.98697159015594	14.0608948891086	8.84358572039638	9.02332474793011	14.0186939542173	6.64208205205772	13.1455035126632	5.60927116284309	13.1540000609813	14.8484967316713	14.59739375249	11.2287688441888	11.6248259117309	8.82278910915124	14.7456210129905	15.1025747066167	11.8412398570365	13.0231399219953	15.9541678986251	10.6176392923745	9.92461175284375	13.0267011394004	11.943498684983	11.7998564586327	15.1826512352583	9.7685598995976	15.0170864159048	12.9723864505511	13.0129251790499	5.50262368563135	12.9081717285708	8.27600508815845	10.6267288810716	8.24919199547027	10.5248868458218	9.10881448077486	14.2842710303366	14.1870694723114	8.83539319324346	7.40264561051831	12.7337418475383	12.7999388924883	12.8980773615813	8.66076261355249	12.1743639284351	12.242881162935	12.1522903838912	10.0860288344732	13.6990691324349	13.9361944076552	6.87122492350831	9.62805163184185	12.7839121112658	12.8948947747671	9.6187230957779	12.9835746901653	12.9290751683605	8.464125046294	6.33303907793454	13.5495568747652	8.11827757852733	13.6042175886269	13.6100392669981	13.752858418254	8.68471313886299	13.7754605978614	7.64680268296647	13.8136469368846	0	0	0	8.0562500135055	0	11.1131357478533	12.2988444162909	9.53414875124716	13.1870429093224
Mir-92-P1d	13.119333333592	12.1169865981689	12.4096546730011	12.6780863704375	12.4837447113886	9.03872436539891	8.8051964467378	8.87162968536443	8.66710180410616	9.78353058756788	9.78920712080964	10.0213717198289	9.86537440676258	10.2258107753821	10.2774564062869	10.0130168796646	10.3944511039865	10.1743164982311	10.4428064656397	11.5395358343214	11.2645546837771	7.99699950036142	6.00979848519851	7.09481859628726	7.72625675065552	5.81767523767316	5.22919447804517	12.2711678282121	12.0489333056521	13.4011502926119	12.6871310570288	13.3888060769762	13.4269334350257	13.1237356255378	13.3413989239586	7.78314314832338	7.77042989488335	8.02492573920148	8.07263770581544	10.9813819440255	10.9829510326538	10.8669959645602	10.8874409982529	9.40037033255202	9.40464485467188	9.4054908938325	9.42288522716658	8.38669885254466	8.29935871237718	8.22854239939534	8.20049033266378	10.1143615533829	10.0322263220631	10.0039255811227	10.0921920076019	10.0938659885429	9.8007260974927	10.0168124400207	9.93775344584993	9.32120057081483	9.26702853178592	9.30857073847284	9.32626980243372	10.3615092283312	10.2664981136703	10.2652018920974	10.308854730792	10.3929020998542	10.2761666068366	10.4450533599323	10.4249070532799	8.90159860158489	0	0	0	0	0	6.08943441674269	6.6594586548024	0	9.86650640702073
Mir-92-P2a	0	0	0	0	0	0	0	0	0	1.76221610498131	0.829694090990264	0.890524894614324	0.850044378990743	0	0	0	0	0	0	0	0	0	0	0	0	0	0	0	0	0	0	0	0	0	0	0	0	0	0	0	0	0	0	0	0	0	0	0	0	0	0	0	0	0	0	0	0	0	0	0	0	0	0	0	0	0	0	0	0	0	0	0	0	0	0	0	0	0	0	0	0
Mir-92-P2c	1.26188337846119	0	0	0	0	6.78299866235702	6.77566706822492	6.73866659940861	6.94260861745965	7.75154083941429	7.60974842913155	7.71557334749776	7.52970703660218	0	0	3.86053518369262	0	2.69605578796532	0	0	0	9.72146482365324	9.4174384099982	8.25123973948044	8.196940938698	8.58268568337354	8.42886829912379	3.0769477366436	1.69452393572146	4.93568613877768	0	8.26588885340198	8.15512754526551	7.77216514174871	8.11692803702526	7.54727304920426	7.58425894722786	7.56756975083252	7.60755919894182	7.20300733061851	7.09807898146226	7.19224455215095	7.17079067923348	7.51365589585614	7.83180369304502	7.59958113760377	8.02481555925663	8.3387506752422	8.02710263777419	8.14078891223854	8.08946277575056	5.37221471011976	5.14157091307703	4.93255533487245	4.50862413138496	8.59796525342677	8.66849241981386	8.6088986649602	8.56260466296764	8.72318491312469	8.68323637852711	8.808943798651	8.64536837632388	8.88279554107378	8.74679295638103	9.02169499340742	8.86812743675141	9.04785144903711	8.86526304029816	9.12577234531717	8.80786790478514	0.707478534362859	0	0	0	0	0	0	6.08161444745164	0	0
Mir-92-P2d	9.89011572275508	10.5146690178635	10.19627954105	10.007512458892	10.0629236842302	11.1182996837756	11.0619588169485	11.1707720401497	11.1546151503271	10.4442419421517	10.3916857982174	10.5362395842502	10.3031199417333	13.9966529855729	13.8948706491369	13.9304506351458	14.0349780289592	14.208957734413	14.0900849613623	14.3410887312483	14.0652268594298	15.409678837108	13.8775106191065	13.9391364743377	13.2422264482326	12.9201035151033	11.6070361080585	11.3368098178784	10.9352483489424	11.4839201967489	10.4697498086979	10.6149562779157	10.6670896823836	10.3972658399091	10.5639069063173	11.6882716611494	11.5463580672977	11.7919154559184	11.5465854354904	11.5217273110591	11.5522715732381	11.3910780553881	11.3986062394741	11.3600293171109	11.3547026595993	11.245258658609	11.2632397100252	10.8464622263323	10.8016012037337	10.6909154741383	10.7683113788792	11.5636837662724	11.4606857565765	11.6386477783157	11.5388136859273	11.0736173646012	11.1784560840443	11.2380643478186	11.2171448875904	12.1039987160902	12.0773045525328	12.0287539079505	12.1063048293011	11.6901123732873	11.7009404491052	11.7148448479713	11.6744678109206	11.989746015686	11.8529945589795	11.9726096731593	11.8886607271932	19.2754779299818	0	0	0	0	0	9.8769801997532	11.1052024961665	10.2703357946205	10.1072767225451
Mir-934	0	0	0	0	0	0	0	0	0	0	0	0	0	0	0	0	0	0	0	0	0	0	0	0	0	0	0	0	1.69452393572146	1.93338566920081	0	0	0	0	0	0	0	0	0	0	0	0	0	1.55258070593448	0	0	1.55391615072	5.25545068168164	5.36218933789594	5.14639976584614	5.308400887248	2.67563002213424	2.56069327422785	3.17886491324099	0	0	0	0	0	0	0	0	0	0	0	0	0	0	1.53189714850589	0	0	0	0	0	0	0	0	0	0	0	0
Mir-935-v1	0	0	0	0	0	3.82479460923886	4.31875863267012	2.27709214581421	4.09997858211246	0.845908281885073	0	2.39759829554767	1.38134581200857	0	3.36726961930544	0	0	0	0	4.1706805494243	0	0	1.10660602580349	0	0	1.76925718725172	0	0	0	1.93338566920081	0	5.21153882052293	5.2534771275113	5.02249005955682	6.6780936251613	0	0	0	0	1.02706470079385	0	0	0	0	0	0	1.55391615072	0	0	0	0	0	0	0	1.7732032383926	0	0	0	0	0	0	0	0	0	2.26085957392237	1.54662249830223	1.51111217476574	0	0	0	0	0	0	0	0	0	0	0	0	0	0
Mir-935-v2	0	0	0	0	0	1.52680305375237	2.15269143163183	4.19467814570011	3.03156151085641	0	1.7363560937758	0	0.850044378990743	0	0	3.88715556510804	0	0	0	0	0	0	0	0	0	1.48881729748434	1.0522884103283	0	1.69452393572146	4.16325959119226	0	6.02969131857221	6.1481763861387	6.05178634569017	0	0	0	0	0	0	0	0	1.5336553038736	0	0	0	0	1.06631564158912	0	0	0	0	0	0	0	0	0	0	0	0	0	0	0	0	0	0	2.23284297951258	0	0	1.64168482374576	0	0	0	0	0	0	0	0	5.102760991841	0	0
Mir-944	0	0	0	0	0	8.15533122852985	8.44037018272512	8.38269110611443	8.10600304768357	0	0	0	0.850044378990743	8.75948187065365	8.62038853813539	9.29162796520839	8.74956123325689	9.4625436422658	8.8192394639823	8.91958513230502	8.87376851460634	0	0	0	0	0	0	8.33240981842278	7.90885473728739	0	6.86643987227951	0	0	0	0.756857972372857	0	0	2.12751062648816	1.94613051722549	0	0	0	0.961691675863634	6.01798118699701	5.5692852955088	5.79727292613733	6.18262939515826	4.51611435295351	4.091936757453	4.56177605518501	4.63053805658828	0	0	0	0	2.15903414483269	1.44353758141309	0	1.4446112134343	0	1.87977978791294	0	0	1.57090978297909	0	0	0	0	0	0	1.59179007653147	0	0	0	0	0	0	0	0	0	0
Mir-95-P1	0	0	0	1.6832459638687	0	11.36875737814	11.3102693780664	11.4707415581801	11.4484389405243	5.9634623462651	5.57405631616509	5.60927116284309	5.38992382871916	4.02727911425456	0	0	0	5.32087701251882	0	4.95854600925803	4.00230715996634	3.68156884298478	2.98555648442163	4.74667294134641	3.77206273659996	4.46446308960356	2.07773870067745	0	0	3.24161368305883	0	7.01860738736671	7.25953269244467	6.7594583701949	7.11853915013954	5.35288772441045	4.61448436515358	5.25042779200127	4.39051452010763	3.21769451814435	2.33049001764978	3.61409524568548	3.25222343783925	8.33931620124547	8.34211617479442	8.1267617517768	8.34992228254882	2.69385341860028	2.81142994505069	2.3025982432924	2.98786605007424	5.91363007710858	5.71284526057634	5.70102149941604	5.31070101353966	4.6589599383365	4.99808969234846	5.2882490186141	4.43714352484173	4.14546933613955	4.72583895600818	5.0897315778161	4.8513230816422	4.50335640551667	4.68105576524503	3.40689325302281	3.80240809363414	5.09915425841075	4.01196675060063	4.16690833192208	4.65367769289179	0	0	0	0	0	0	6.08943441674269	0	0	0
Mir-95-P2	5.27606189873677	4.99218616130645	5.69338151825597	4.89479164603385	5.07461771688558	8.48574303279921	8.6280143904978	8.78620925328796	8.71716621978714	7.68601558311002	7.83763663252019	7.91758592906012	7.93176921116539	6.89301852508494	7.21669341954864	6.36973153748778	6.45713979531788	6.62544045439345	6.90712540373728	7.61758034864604	6.36268712425274	5.21314388514723	5.28768255593646	4.96136797036911	5.02014537971455	6.07128129344293	5.52670432902737	8.14040399673541	8.29525506857977	7.25977403251455	5.47186378191715	9.73495668565787	9.73054077534997	9.53053229375001	9.72571160030614	7.49509126482719	7.3958358787792	7.4333855832568	7.42797291796726	6.69696063774369	6.51837203565535	6.77741398674037	6.69125448451343	7.41903684127255	7.27907817658442	7.29965423462481	7.22960770297128	7.47768335275434	6.94722900135754	7.16578866740274	7.23414350624485	7.27231750158627	7.27935249444799	7.52043309024001	7.54840020994298	6.7837704456045	6.57883062709889	6.09803617863009	6.5004598229556	7.93371681192015	8.10705672914092	7.88379449721036	7.9453875458359	8.13376205280091	7.90655682495407	8.07673755656655	8.11214874509612	8.3916573334884	8.29058862779585	8.50609462707923	8.48187578610125	0	0	0	0	0	0	0	0	0	0
Mir-95-P3-v1	1.92454533655116	0	0	0	0	1.52680305375237	0	0	0	0	1.35310696887963	2.14254477573674	1.38134581200857	0	0	0	0	0	0	0	0	3.10768903631147	1.72542237294981	2.89949959885145	3.37769957725193	4.84302990638835	3.26161113333566	1.31478616941387	2.45243762834759	0	0	3.13360463898039	2.21468729068628	2.17002310132925	1.61796570082883	0	0	0	1.94613051722549	0	0	0	0.961691675863634	1.55258070593448	0	1.49586600862742	0	1.6727228292708	2.58892448391718	3.43744569719433	3.68763610071453	0	0	0	0	1.45052704271402	2.62283885480155	0	0	0	0	0	1.21845573574718	0	1.53425327332603	0	0	3.22020035167716	2.73876249733365	0	1.59179007653147	0	0	0	0	0	0	0	0	0	0
Mir-95-P3-v2	0	0	0	0	0	2.25185002066947	0	1.5476966437991	2.19801358191114	2.06680697500783	1.35310696887963	0	0	0	0	0	0	0	0	0	0	4.67040035286159	4.28200633388065	3.55697609900461	2.34608096743299	2.54041617166137	3.41472421796083	0	0	0	0	0	0	1.73705388436462	1.91043550652645	0	0	2.12751062648816	0	0	0	0	0	0	2.23832772712435	0	3.65727227883781	3.70430377592368	2.81142994505069	0	0	2.67563002213424	1.78657782372909	1.88178770628316	1.7732032383926	1.45052704271402	0	1.44931003566882	0	1.25788798244504	0	1.18351117428896	2.31641372235756	0	1.53425327332603	0	0	1.62283230801153	0	0	0	0	0	0	0	0	0	0	0	0	0
Mir-95-P4	0	0	0	0	0	0	0	0	0	0	0	0	0	0	0	0	0	0	0	0	0	0	0	0	0	0	0	0	0	0	0	3.70241829993157	3.74223823395369	3.36934773149037	3.9528865422494	0	0	0	0	0	0	0	0	0	0	0	0	0	0	0	0	0	0	0	0	0	0	0	0	0	0	0	0	0	0	0	0	0	0	0	0	0	0	0	0	0	0	0	0	0	0
Mir-96-P1	0	0	0	0	0	5.34023425695693	5.21680162764177	5.55961425208311	5.77681645625796	3.50667147076225	2.68732035761046	2.39759829554767	3.03966611982601	5.7900999853732	7.73979555611187	7.3028495428123	6.96919527994069	7.58647070495924	7.75316730487358	8.145586105244	8.83534546170041	4.55206763809166	5.93016961540777	5.65933980931436	4.08144250645146	4.341293545912	2.89586493667408	9.14544497555154	10.5481983954496	7.71179338061036	8.71543949715261	5.41646746362288	5.57334909278047	5.34589786268632	5.72070202889469	3.83685525174689	3.29440963269816	4.61984724741147	3.25703906497248	1.02706470079385	1.00535715333026	1.52312552904802	0.961691675863634	6.45949114258653	7.03504577092688	6.92055582372341	6.69508798766975	4.82537691080638	4.3264438884795	4.14707726642634	4.51029229957593	7.77650971021155	7.52940459061875	7.8407887771316	7.99380254867274	8.07482228651277	8.11841701337638	7.74069304057704	7.90895308999763	5.2163695531368	4.92988930383375	5.79870946560889	5.52723149553573	5.10876032442654	4.87998857610269	5.49794626626232	5.50484676254206	6.4651779754339	6.14957158728519	6.85170169300337	6.34995344155395	1.82039979604063	0	0	0	0	0	7.07880176675778	7.65230506537109	0	0
Mir-96-P2	4.92409063520635	5.11393466743243	4.85351765764223	4.78335001480301	3.84566158128707	12.2784699429986	12.2096303324703	12.3448906993367	12.2683530379453	7.89376631358901	7.94164725252525	7.95777905507239	8.03690646735229	18.041765315382	17.8335261796785	18.3325206650631	18.1675511078216	18.258545884845	18.4269802901541	18.7004140515384	18.6523174727668	9.50482866726663	8.61893887427257	8.14547278032766	9.9711457092041	7.71398452058626	7.80963233510718	14.1277090231054	15.2902080721417	13.8572087857158	13.5034026847149	12.1453947647515	12.1689777554696	11.8545399922361	12.086418158821	9.3637326259491	9.07273533047002	9.52933028410254	9.20860750047054	7.05321964941433	7.35047871764531	7.22875490693934	6.9890228424222	13.1574071368911	13.173906297167	13.1471610587623	13.1988824322579	11.4717433579209	11.3889954228286	11.371875559606	11.3682130816586	14.4564795725857	14.3703071238741	14.5038043099948	14.367867033251	13.4433965060606	13.4399709214415	13.4387810170445	13.4514589904198	11.4196343660858	11.4101288822036	11.3538704163316	11.3930962197686	11.8184725480786	11.7510130511678	11.8151763121153	11.7731026547738	13.0657354123837	13.0224569007528	13.1071466110053	13.0700795020271	0.707478534362859	0	0	0	0	0	9.07077553593548	10.4534999800515	0	7.99615266318097
Mir-96-P3-v1	1.92454533655116	0.951704251394096	2.60279459058997	0	0	8.05683668262966	7.11751447936654	7.1240386534523	7.19311220414499	3.78223405816567	4.04842533852419	3.4913664519491	2.07389750363558	9.87473428049536	9.22865962848612	10.1332598461072	10.8558063758433	10.4834702899902	10.3340940083841	11.0323682691321	11.367436323848	7.54448181856146	6.67944979095057	4.49434635190898	8.11429548112813	4.15878037102681	3.09029744088326	10.0420142172999	9.28263156592716	10.2958716119626	10.8548015059905	8.61446434562656	8.00368667583777	7.80640665244459	7.56466128952406	4.78546893640718	4.21894606829712	2.12751062648816	4.73771734059498	2.04040900376453	1.59210096033023	2.72735225005617	0.961691675863634	9.0623761228536	9.52966846412668	9.26742549727342	8.70483076296077	7.32854465876079	8.21905621926455	7.99825862938593	6.47813227421467	10.4944603604891	8.37392662923236	9.98875404552257	7.23767334805532	8.88385729559627	9.10233914805132	9.42651083939032	9.35984145625538	7.80498685953598	7.30187152895446	6.45034754362866	5.60795464892445	7.71367880929534	6.8896664751446	7.2186065086561	7.18312076799229	7.67820918147008	7.57111432824932	9.14751059778787	8.58384971865573	0	0	0	0	0	0	7.66020256532945	8.06554861117415	0	6.42244728169308
Mir-96-P3-v2	0	1.52020208391082	0	2.43908959205042	1.31400097922241	5.34023425695693	7.39367725936799	7.71878294385783	7.67064653504651	1.76221610498131	1.35310696887963	2.39759829554767	2.72637231730374	10.5904677508356	10.4880090584865	10.8482082470204	7.90276911332977	10.127571800805	10.7046714738845	10.6951350592559	10.3461571655309	6.15754503331349	4.89891528041031	5.93802626924203	8.38494787446166	4.15878037102681	3.6794220109311	11.3234720609785	12.6266564863159	11.5952560608808	10.3629128595242	7.880816313091	8.62586873306064	8.18169210067549	8.72506463371614	2.93444289319457	3.672208705986	4.80513909355399	1.94613051722549	1.02706470079385	2.81652647077442	0.95387252234241	1.94214918074719	8.53999429153063	7.98787718716577	8.36842111186459	8.98393441734975	7.60475279775734	5.55924096111889	6.26151204343647	7.76754735552093	6.83507403152467	10.1796964402394	9.40450132375835	10.5509724838084	8.46276805254984	8.11841701337638	6.75899601846697	6.47275785608144	3.60070164349167	6.29875866511155	7.07130495936232	7.44983973671838	6.66557643208455	7.43938223643478	6.62917498646418	7.0281356911648	8.90494122032237	8.89423046205498	6.71279809223429	8.44065229109783	0	0	0	0	0	0	6.08943441674269	8.76391560727286	0	0
Mir-9851	0	0	0	0	0	0	0	0	0	0	0	0	0	0	0	0	0	0	0	0	0	0	0	0	0	0	0	0	0	0	0	0	0	0	0	0	0	0	0	0	0	0	0	0	0	0	0	0	0	0	0	0	0	0	0	0	0	0	0	0	0	0	0	0	0	0	0	0	0	0	0	2.44112050221688	0	0	0	0	0	0	0	0	0
